idCliente,idadeBase,count(t2.IdTransacao)
000ff655-fa9f-4baa-a108-47f581ec52a1,922.112459942233,512
001749bd-37b5-4b1e-8111-f9fbba90f530,922.112459942233,1
0019bb9e-26d4-4ebf-8727-fc911ea28a92,922.112459942233,2
00684343-40b5-4ce7-b2e8-71a5340973bf,922.112459942233,0
0097ab76-4637-4ece-8ebc-ab6abd61d662,922.112459942233,5
00c26486-33e8-4af9-8e0f-4ee220252ca9,922.112459942233,0
00f9cc87-c956-4b27-92e2-c96c5774083e,922.112459942233,3
012bc897-e45c-4e6a-a742-7e00fa2e59e5,922.112459942233,2
0136afea-76c9-45c0-b9db-0212595418e5,922.112459942233,4
014b7774-561a-4a58-93d7-070667df90fb,922.112459942233,28
015e35f3-70d3-43f3-895d-cdea386118d7,922.112459942233,19
015fe52e-cc46-40c2-a496-2d228208bb2e,922.112459942233,2
01cada67-8f31-475b-8b34-344d953d739a,922.112459942233,11
01f2e6ea-4fc4-4eb3-94aa-3f36109a9787,922.112459942233,29
01f3a765-a092-4999-be4b-98fc5404653b,922.112459942233,6
025f30ce-4b1b-429f-b92b-5b3f7003699f,922.112459942233,1
0262b6a5-db4c-49ba-b139-86fc3cb6278f,922.112459942233,1
02adccd0-1559-4f7d-bc92-02ec73e68773,922.112459942233,4
02cb6641-a115-4c53-a6ab-22b332d8e5e2,922.112459942233,3
031f1b88-5440-45af-8fa9-1423a0a15145,922.112459942233,1
0337e2c8-9f22-4198-9920-7d0dd03b3467,922.112459942233,1
0368a5c3-bc5d-45f2-b8a0-07e74ea1574f,922.112459942233,343
038d7c90-b7c3-46d2-b7ea-3db6fc63d625,922.112459942233,5
0390e2ff-dbc3-4962-a1de-6fb45cae2a13,922.112459942233,1
039371da-962c-453b-b9d9-20859d426458,922.112459942233,5
03a676ed-24fe-4f86-807e-3f804e57b82e,922.112459942233,33
03d75a45-0b36-4fd7-a84e-7b36912f1998,922.112459942233,28
042fa213-0c29-487c-8600-799e09551991,922.112459942233,18
043c4972-df0d-4181-8b77-dd6c351fdebc,922.112459942233,78
048940be-2b8a-4844-b576-0044ae29649e,922.112459942233,1
048f3edb-eeec-4105-8849-0d7f21013add,922.112459942233,94
04b0b9a3-6749-43ac-bbc9-3f0c967f2c09,922.112459942233,5
04b34e7c-926f-45a6-a521-bfb4631f7bc6,922.112459942233,5
04c0099a-17fc-4535-88c0-36251c16b582,922.112459942233,8
04c29efc-7d2d-478d-af99-cc40df7a3c30,922.112459942233,2
04c86a84-0b8c-48ea-9e87-979b337629aa,922.112459942233,11
04ebbfc3-0ac0-45fe-84bc-f4aa07ab46aa,922.112459942233,39
05150214-b94e-437e-8a48-de7426c9b084,922.112459942233,4
053c1321-f73d-4b7c-ab92-bda971ff18a6,922.112459942233,114
053f094b-a813-4417-9bb6-7a3d1737b089,922.112459942233,53
0586bad4-0312-40db-857a-84eb23c37c9e,922.112459942233,1
058d457f-9ffd-4426-a0f0-7aa20065a0db,922.112459942233,2
05bc8281-1c44-4682-a4a0-4726e30340e4,922.112459942233,3
05c0957e-eddb-438a-bbb7-a0bcc175e3fc,922.112459942233,9
05de679b-9989-4416-9aa4-20c149999c8d,922.112459942233,70
05f3aaf3-6295-4e7a-a76e-4838c653b4f0,922.112459942233,2
05f6c58c-5749-46a6-8aa7-07768c3a6f03,922.112459942233,1
0651419a-7e4e-4331-9399-443bf9597f5c,922.112459942233,18
065194d3-d70e-4fa1-9035-1808d6e222b3,922.112459942233,8
066c9fc6-f704-4165-a8f3-3d1968b0d4a3,922.112459942233,127
0676528b-8214-4832-9f82-0383b61dca07,922.112459942233,5
06cd7d0d-d65f-4fba-b871-541e02dd8427,922.112459942233,0
06d83d70-52bf-48a6-b35d-79b5357d3dcb,922.112459942233,12
06dfd571-9e08-490d-a632-83a2def99edf,922.112459942233,1
06faf76d-37e2-4152-8340-cea8e10877e9,922.112459942233,0
06fd8696-27eb-48ae-8506-e01033153dcf,922.112459942233,1
0705ab51-620a-4093-8771-9e7aaac39e0d,922.112459942233,9
072ee7ee-abbf-4f77-b8ac-8e2c17493d15,922.112459942233,2
073306ac-f4b5-4cee-ab79-9c079d891ba0,922.112459942233,1
074f10c2-b7a0-4eae-9ec9-aa3bbaf5ee0c,922.112459942233,19
0783d883-f10d-40d3-885c-5f3dadf8f276,922.112459942233,23
07f950f9-77ec-4a79-ad63-d9d6f9e1e03e,922.112459942233,0
082069f5-d13d-467c-a3ab-234c006d6e95,922.112459942233,18
086bc05e-8aab-41fd-b15c-3d5e46ebefb7,922.112459942233,17
089c45b3-627c-42fc-9f98-195434f36aab,922.112459942233,0
08a156d5-b75e-4e10-ab2c-3f22fb45f6c3,922.112459942233,15
08f2d56c-9ac5-4788-a594-880a15b29841,922.112459942233,0
08fd43aa-af91-4d07-8c63-c1648af971f3,922.112459942233,1
091295b8-6bb5-4eb4-8769-c82f9d109383,922.112459942233,14
095ee630-7de5-4104-b122-f624078b99b1,922.112459942233,62
09741d42-fbbc-4d98-8657-03295845f68c,922.112459942233,3
09765e9e-c2ad-40af-aec0-4479a0c49c0b,922.112459942233,2
0982064d-e4f1-489e-8bb8-2e7c9402c56c,922.112459942233,6
09863c51-3b42-45e4-950c-7c09b8ecd0e8,922.112459942233,1
0986d793-ced7-4bdd-ba67-1a9ecca883a8,922.112459942233,1
0994a81f-9865-4356-9e82-c9e8d2881672,922.112459942233,6
09a72955-1c34-40cb-97b3-aec63b377351,922.112459942233,19
0a36ac7c-408b-4165-a124-fb22bd243998,922.112459942233,1
0a6720ce-ca90-400a-8361-7f025c40727a,922.112459942233,2
0af0bdf0-d17a-41bd-b8f6-6b3cef165bd8,922.112459942233,21
0af820eb-ce61-42d3-89bb-2d5d901ace9f,922.112459942233,11
0b07d3e4-7682-4d66-b418-587b7be8efa4,922.112459942233,205
0b0bda4c-a9de-4c38-a47a-86b6123163a3,922.112459942233,0
0b0fed33-f8b7-49cb-9fa2-ff900a0caaf0,922.112459942233,2
0b3fa997-c264-439b-8169-6bb14a4c47de,922.112459942233,1
0b474011-385e-4990-8106-cdcca66ec3f8,922.112459942233,18
0b646b30-63a8-4b05-a3e7-dda3ae39e6b7,922.112459942233,594
0b76c105-e036-4cbd-ba70-d334f4fbca81,922.112459942233,5
0b8af28e-f60a-4afd-9189-1d98980ad275,922.112459942233,15
0bea3e7d-a4f8-4281-83bd-888bd5fe70d0,922.112459942233,40
0becf997-a205-4d16-8235-c9aebc525c2e,922.112459942233,5
0bedbd0f-25d4-4594-ad7d-46766f4522be,922.112459942233,3
0c13d1d1-3ba2-48a9-b406-bc0a2912e097,922.112459942233,81
0c19de57-f3fa-4a16-830e-bcb56bb1a190,922.112459942233,5
0c4bd595-1a0e-44f3-ba22-67d6bfaae9b7,922.112459942233,16
0c627c11-de12-420b-98d0-3d15481aa95b,922.112459942233,1
0c7344e3-9b32-42e2-bdab-b71052aebc98,922.112459942233,12
0cadd654-cb67-45e3-b273-7dae9e863cfe,922.112459942233,2
0ce99e88-1cd3-4f5a-b998-f1aabc46db49,922.112459942233,1
0cec974f-3aac-4ff3-847e-0d157f367d6e,922.112459942233,2
0d19c800-9723-4aca-b3ba-3cf779044f9b,922.112459942233,704
0d27b42b-e37a-4671-b3b3-b620df5acc49,922.112459942233,1
0d706b7e-3669-4cdf-9d3e-8df085c246c5,922.112459942233,1
0d786400-6e10-4337-9229-ccb5644f00bd,922.112459942233,11
0d87607b-f4ee-4098-9cfc-1045ac952b43,922.112459942233,1
0d93ff9d-776d-4435-a2d9-183065b08afe,922.112459942233,1
0df5f7e8-851c-4a82-a9d9-5987e6886e2d,922.112459942233,8
0e38a25b-f8bf-4be3-9f8a-1afe35c77f21,922.112459942233,1
0e61319b-1693-47f9-88a4-c96116fbd73c,922.112459942233,0
0ecd4659-2e4a-4598-8d3c-23148262f4b0,922.112459942233,5
0ed57b36-63ea-4190-8611-69ee5479d7a6,922.112459942233,9
0efcde8f-4137-4a1a-818e-3ed107fa74a5,922.112459942233,4
0f0a175d-b72a-4347-a0ce-1d8c7c92fb11,922.112459942233,2
0f15499c-bb66-4b2d-a720-91080c65ff13,922.112459942233,0
0f2a5949-6767-4755-99c5-0634173a405c,922.112459942233,161
0f744fdd-cb88-4ba5-b32c-7ce351e87c2a,922.112459942233,7
0fa905dd-368a-4151-b7b1-0ff65166e36a,922.112459942233,5
0fc14e6b-3320-4686-9064-792a208c1bfb,922.112459942233,9
0fd197c4-17dd-42be-aaf0-32e4346fec27,922.112459942233,27
1029c005-70a8-4a1d-b5f8-9efd6255c9fe,922.112459942233,1
103c642b-212f-4807-8bcb-a63dd5adc777,922.112459942233,2
103ef0e2-e5f9-42af-a6c1-ad4991aa7de6,922.112459942233,16
1058f303-681a-4578-9566-f9170def8732,922.112459942233,1
1090b72f-0736-4cf9-9c65-d43b5dbd6980,922.112459942233,5
109dd768-3207-4eaa-8d32-89a205244024,922.112459942233,1
10c08e57-d0b1-4811-8282-9fcc6413468e,922.112459942233,36
10d063a5-4554-415f-a104-9e98bd96465c,922.112459942233,1
10d18590-4365-465c-8174-311c38d3a548,922.112459942233,61
10e93ba1-2517-4b70-bff1-9fe1b333580d,922.112459942233,1
10f4f908-3019-427e-9e51-e3527d5c247b,922.112459942233,1
10f96270-be3d-4487-85d8-843c21f0fe77,922.112459942233,3
10ff5fd4-85a3-4f6e-a5ed-0cb97439098d,922.112459942233,1
11587d4b-92bd-4d1e-9a88-a2aabd53f758,922.112459942233,3
11605b63-e9a1-4812-bab8-1f25197cb83f,922.112459942233,0
11899001-492b-4312-a66e-8d4707f77ec2,922.112459942233,1
11d0932f-c762-4d6d-b6d6-dd38743fcd46,922.112459942233,5
11e0781f-3ee1-445a-b2be-eebf05094c13,922.112459942233,9
12085c7c-3e39-48aa-b654-557d9728f2d5,922.112459942233,3
126176bd-eb2a-4c3b-a414-e838e1fb3999,922.112459942233,0
12adb36f-f05f-4978-9571-e1536ba3e587,922.112459942233,0
12baf2a6-7857-40c9-8574-3c342841a672,922.112459942233,59
12d13765-2117-4ec2-abba-54b8e587f971,922.112459942233,40
1305a67e-2b1e-48d1-ba39-0380ed7066ed,922.112459942233,16
131eedc9-fc22-4f49-840d-701b18f5c09a,922.112459942233,17
132c6ae8-e587-4e34-b217-ebe03474467b,922.112459942233,1
132e063e-3323-4605-87b9-c4d96efc6d8b,922.112459942233,6
135b9515-6ca5-4f46-8102-ecaef3486903,922.112459942233,1
135d00c9-66a6-4f34-bc9a-4839bc92325b,922.112459942233,174
135d7c55-3c7e-4c7f-b9ad-2d335c5a6fdf,922.112459942233,4
13851a57-d3af-43ab-87c5-7d58e5743c6b,922.112459942233,52
139e9d7c-0938-49f9-bb11-049f250ba11a,922.112459942233,4
13d0b86c-05b6-42dc-8d54-2979f49b746b,922.112459942233,3
13e42683-f0b1-4154-81d5-82025f82bd43,922.112459942233,5
1437c12a-1157-4d16-8209-7f380a545269,922.112459942233,42
1474e876-1551-41fd-a5df-e8c5db8f8edf,922.112459942233,20
14a98024-523b-406c-ba4f-d5c2d0be0af0,922.112459942233,9
14ad049d-7bf7-40e7-8262-d7dfe54423ec,922.112459942233,1
14c0e149-f87d-4b0f-9358-2d55d6c21636,922.112459942233,45
14d59794-f89e-4623-b4ba-a6c4d76b3040,922.112459942233,644
14d9eb94-f17a-4215-8fac-27607b80bbc2,922.112459942233,37
14f7babe-efac-4733-9f86-628e370f917c,922.112459942233,5
15671712-f779-41ed-a517-dc4609f7cd8b,922.112459942233,1
1586adc9-7ddc-4642-a9cc-42ad2ff058b2,922.112459942233,73
15e75472-fea3-42ff-839b-397e568f1d55,922.112459942233,97
15e8c04d-9cd8-497e-8e71-f27e70df1427,922.112459942233,11
16171674-7e2c-4849-aa39-bad749ca9665,922.112459942233,36
161bf8aa-33f9-42a3-b48f-97199c8370d1,922.112459942233,361
1668888f-874c-41d7-abc3-2a1f8489102e,922.112459942233,1
1674d6ae-d389-4a5a-8708-78a3920f4d1d,922.112459942233,4
16f54311-2784-4f4a-ab9c-a2ee20f4dd21,922.112459942233,25
1708996d-9c04-4503-a8c2-dbed861f3796,922.112459942233,1
17443627-8c8b-4562-b721-471557099bb2,922.112459942233,67
174b949b-bcfd-4995-9fb4-7385e7e17fdb,922.112459942233,100
174c234c-acaf-4ebc-9a7e-29a09f79573f,922.112459942233,34
17a8b42c-6885-42d1-9bf6-015622042042,922.112459942233,51
17c46e8e-f7c5-487f-9c93-4e3c7c943460,922.112459942233,2
17fc02b5-1a18-4e83-8b78-0b0a63c68eff,922.112459942233,2
182b7bc1-3e07-4962-9eb8-078d128efec3,922.112459942233,0
184af1c9-a665-412e-86be-7d325c3a91e1,922.112459942233,2
192eb74b-3d74-460c-838f-02f374d75096,922.112459942233,6
19693ea7-047b-4331-835f-fa7f9b3a8d1e,922.112459942233,7
1990522f-6994-44ea-8a30-0115f1f4c6c1,922.112459942233,0
19a2e0a5-3b85-482b-875b-733225e2df9d,922.112459942233,1
19b2d397-f50f-48b8-a34f-1bded38e08ed,922.112459942233,12
19bd548e-9b86-4c4e-b156-cd3c631d12df,922.112459942233,16
19e1bf35-cffe-4ae8-a6e7-35bfc35bdb57,922.112459942233,29
1a0b214b-942f-4f83-b7a6-ecc4bbddf9a5,922.112459942233,15
1a5c1230-8a98-46e0-b89d-0daad3faed92,922.112459942233,2
1a63ba6c-83bb-4866-a6ea-54cc4cf9bcb2,922.112459942233,9
1a9a10a2-4bd7-4266-8a87-d11bc944ba73,922.112459942233,1
1a9d3d94-d7db-4b9e-a4ad-ccea7177deef,922.112459942233,4
1abbf53c-d797-405b-9cf1-a317fa180073,922.112459942233,14
1ac5abba-2124-4ba5-816c-f5b69662d4d2,922.112459942233,1
1b1a8eb8-cb74-4428-bab0-0c0e2e388ec7,922.112459942233,89
1b3b9f26-a037-487a-acab-88438573a072,922.112459942233,0
1ba8d881-61f1-48c6-8555-675b0ee4850f,922.112459942233,1
1bdb291c-b613-4080-8228-996a7f2c05bf,922.112459942233,1
1bea4d6b-e35d-4019-a80f-8a9ead8fd091,922.112459942233,9
1c76f43a-d5be-4419-afcb-170ee0d4c0e4,922.112459942233,272
1c7bb47f-afaf-4b1e-a887-343751d5fb62,922.112459942233,143
1c9b0e45-f406-4009-845d-42c637fdcd52,922.112459942233,21
1cd31d33-7b05-4e9b-9776-cec770be61fa,922.112459942233,425
1cd4e5c0-3f81-4b54-b112-1db700bcf7ec,922.112459942233,2
1cda1777-85ac-400f-a130-1696bbbb5622,922.112459942233,9
1d02d7ae-eaed-402d-8958-0c151ee7e2ad,922.112459942233,0
1d0b5f63-64a8-4483-aca8-4ee301d3ed5b,922.112459942233,0
1d553dc6-dd8a-4337-8021-bf8fc09e2293,922.112459942233,7
1d75e60c-991a-4170-ba6e-73109ad04c12,922.112459942233,28
1da80c2a-fb4e-4566-9b4e-a6cbca04d12f,922.112459942233,1
1e67434d-0133-49e4-9919-c1873542035a,922.112459942233,4
1e686f9e-cbc7-49c1-815c-1b7633cf5cf2,922.112459942233,2
1e7ea26d-8dc7-4ff3-9d78-7bab3367f857,922.112459942233,16
1e80d047-2f12-49f2-a845-ad5bee31e9e3,922.112459942233,2
1e9b2055-98fd-43a1-bb4d-139797a6cab3,922.112459942233,10
1eca2920-f444-4785-bbae-d4a0017ba873,922.112459942233,19
1f4cedd1-4ebd-4424-ba17-e92a274cb5c7,922.112459942233,54
1fc29659-2720-4d29-b414-3387bd53d11e,922.112459942233,4
1fc42b29-7df1-41af-85db-89dbf6957656,922.112459942233,0
1fe103bf-ba44-42a2-9b75-fc7d9f9bd2f8,922.112459942233,11
200e262d-74f4-439f-88fb-0cccd122a3a5,922.112459942233,20
201bf821-143e-4b6b-a8fd-0f51ad08eb4b,922.112459942233,58
20224958-4a8b-461c-a1b9-02080a55af96,922.112459942233,5
2040cfbb-150e-4a90-9482-4154b4567750,922.112459942233,5
20836d0e-2ec4-498a-9bc3-48fa125105e8,922.112459942233,1
20a1c286-67b9-4b85-969a-c048c14ff5e0,922.112459942233,35
20bab019-3a12-4270-a13c-a131e412f8a0,922.112459942233,60
20bd648e-1f72-4eac-891f-19cc18bfb14e,922.112459942233,52
21038105-6ffd-45f1-bcf3-19feb6ba48f8,922.112459942233,12
2108e364-af4a-4a01-9ef7-ab338ae91e2d,922.112459942233,36
210b5708-5c82-4260-93fb-3339c7b2df04,922.112459942233,128
2136814c-8bee-4139-a4de-f17aed825e0d,922.112459942233,2
214221af-7582-4068-bc0e-4603b4b0812e,922.112459942233,56
218f5890-532a-4992-a51e-c3dfa8581622,922.112459942233,7
219c530f-45c4-4438-92de-ccadf9981f62,922.112459942233,1
21b7da2e-2a55-45e7-ae1b-e445614bdcd2,922.112459942233,1
21c34589-9ac0-454c-aa51-25df07fe6de9,922.112459942233,0
21c51dc0-9eb8-46da-8d4e-8ebfe3e84a05,922.112459942233,4
21c630c4-3099-4a7b-8f8a-4579c1abdca7,922.112459942233,73
220b8a99-7c0c-4543-8840-84a1b7b0ff34,922.112459942233,2
222cc2c8-2f31-4b84-9452-60fffa8ee8f1,922.112459942233,3
222ea65b-7cda-4966-83e4-d216ffd869af,922.112459942233,502
2264a625-eee4-4584-be13-c62552d8f5a2,922.112459942233,139
2276f70f-5a45-406e-8b26-49f064cb8705,922.112459942233,344
22818471-9df8-41f0-a7ca-872fafe94218,922.112459942233,3
22ec0aef-5280-4ca1-91c5-b4d5f3b24f9c,922.112459942233,9
238b17f5-1d85-4ea1-b9bc-0975a09b5aec,922.112459942233,31
23a48062-7b44-45c1-bab2-c4f97c3f511a,922.112459942233,0
23bb41c6-d902-4ffb-98f6-bdf661e868aa,922.112459942233,38
23cb2267-4be6-4439-b4a6-dc2cf3e5f30b,922.112459942233,211
240a87a0-b9a1-466e-8bc8-22597c25c9db,922.112459942233,27
245cbce6-b625-4d30-817d-03d9d75f03a4,922.112459942233,43
247d2e56-7ea1-470d-acf7-4728545cce84,922.112459942233,4
249b5256-72c8-4ab5-a1be-d40aef151e30,922.112459942233,9
24ef9aed-ab90-41bf-bf90-88d17210d1b2,922.112459942233,73
24f079b7-32a6-4703-a53a-43b2c94f37dc,922.112459942233,47
253d96f2-3520-46e7-a3a4-5f7c5c9a7414,922.112459942233,23
2562a9f2-241d-43ad-9be7-0b6a9be0c530,922.112459942233,3
256b943b-032e-46a5-bb77-faf9ce9aa8cb,922.112459942233,2
256e6e9b-b03f-4e9d-9210-7fe7db2168ac,922.112459942233,1
256ec721-e61d-433d-b484-26349ba2e080,922.112459942233,32
25e99530-d611-483c-81a8-80525ec08708,922.112459942233,1
2625a00f-9aaf-4605-9baa-366c5e18a095,922.112459942233,35
262bfa89-141a-46ea-acea-290a6a8bf89e,922.112459942233,10
263cfcc6-4909-4598-b50e-8046db8e071c,922.112459942233,1
264803ea-c634-41eb-ab17-f1d8f00e7966,922.112459942233,1
267c888c-20a7-41b7-88aa-724f802b6150,922.112459942233,2
269bbee8-2878-4a8a-9d2e-76702165aaa9,922.112459942233,5
26d66102-507e-4d62-a994-82e57be1f38e,922.112459942233,45
26f05056-1ee6-4cf3-be7f-1058c1928b9e,922.112459942233,18
26fbd9e1-02ab-41b0-b493-43edd0bc7d20,922.112459942233,4
271543ad-b1e3-455c-b93d-5b5b8a0a0359,922.112459942233,5
271edaac-5c4e-4443-8c9f-c2809d6a0f9d,922.112459942233,21
272dada8-aed6-4c0b-94ca-90cc5b61b4d6,922.112459942233,1
272ff01c-f314-4f8d-8b76-d61d69e14488,922.112459942233,1
2749dcbd-5871-4c86-9e83-744d2c2e53d4,922.112459942233,9
277c7562-761b-4d7e-a0a1-f230d7e0faca,922.112459942233,4
27a3ed4b-0f5a-4723-89e0-d86c3fc33ed0,922.112459942233,13
27bc8d27-840c-4d1a-a73a-0919c1705bdd,922.112459942233,1
27e740f7-0789-4199-b15a-1b982dc7aa1e,922.112459942233,1
28214597-a105-4e02-827f-8937215fd20e,922.112459942233,141
284e3274-74a7-45f4-8d1e-541517e62ece,922.112459942233,13
285b71fc-ad1c-4413-8880-796388ae2370,922.112459942233,3
286d6693-12c0-4066-a9ee-8963ff551110,922.112459942233,4
28980931-4ba6-4206-99e9-5ebbe0f28295,922.112459942233,1
28abf0f8-0209-4053-bb5f-2c9211a858e7,922.112459942233,7
28ee5b84-b06f-4a1b-b1df-e3d8c3553507,922.112459942233,1
2917638d-8925-473d-a9b0-9776ebb42ead,922.112459942233,2
29d06dc5-b276-48be-ac4b-3372e05b246e,922.112459942233,0
29fa5d98-7ab4-4cdb-8002-733db08b06b9,922.112459942233,0
2a075a28-ae6a-438c-ba93-e76ab3697a21,922.112459942233,2
2a10a8fa-938b-4b79-818c-e379f0d8748d,922.112459942233,2
2a1c8a11-67c7-4f6f-b005-a3756d4523d2,922.112459942233,17
2a300d53-ecd1-4e94-8e8d-515f485d0e6c,922.112459942233,1
2a3678b3-fd5e-4676-a4ec-cdf90a0ad2da,922.112459942233,3
2a5f7691-6350-427e-b61a-f710643f4b46,922.112459942233,42
2a674123-b2b6-49d1-a04e-f8ea1f8655eb,922.112459942233,20
2a987450-6743-49ea-a7c3-2af9f52ee3a1,922.112459942233,1
2a9d46a4-b1f2-4f27-8f5d-66afb935af68,922.112459942233,1
2aa71ff1-515b-4d18-af92-fa9389a63cc5,922.112459942233,7
2b245a75-46c6-4d06-93d8-66d46deefd9b,922.112459942233,1
2b4f3a75-7148-4344-a630-8e9362b08a8b,922.112459942233,1
2b690d0e-b51a-474c-89e0-7db7921c32a2,922.112459942233,4
2bd8a05c-7fce-4ef5-99ec-6cb21a35a350,922.112459942233,13
2bdc5d64-d11a-4032-ae87-9c0dfe24095c,922.112459942233,1
2be90f37-9d53-4445-9e91-547794ad19dd,922.112459942233,1
2c0469a7-d8fc-4c5a-887b-e4ef2747e9c5,922.112459942233,57
2c26402f-a40d-480e-a9d1-eec1d048bf09,922.112459942233,48
2c3f47fb-0956-4953-b014-cda0800685c3,922.112459942233,10
2c688029-b48d-4ec4-b40f-524ef321a397,922.112459942233,5
2c8085e5-ab90-49c5-85ce-65e7ea2f2e5c,922.112459942233,2
2c911f59-a744-40dd-a1ea-fc4f3f82220b,922.112459942233,6
2cf08468-f3d1-4f03-966f-1e1a98b09ad9,922.112459942233,0
2d16246e-4a8a-4db3-a44d-a9c36a33bd11,922.112459942233,14
2d28a32b-7c12-450d-b2b1-add14e55bf12,922.112459942233,2
2d3b5bb8-345a-4837-9b54-8799d07daffe,922.112459942233,23
2d5c9985-d3ab-4413-9953-f3ce325e01cf,922.112459942233,19
2d6ab96a-7e21-4af4-abc7-4468f6341f2e,922.112459942233,1
2d92ce4d-7c5f-4585-b308-ba2168edb78d,922.112459942233,1
2db34ed3-bae7-45dc-9b00-e3efd2917f31,922.112459942233,0
2ddd2ecb-b06a-447b-afd3-ef19987be8b2,922.112459942233,1
2e21347c-b53d-4ec0-927e-2e0450be6076,922.112459942233,6
2e3b3a2c-5269-419c-9f5e-48600dcd1aeb,922.112459942233,12
2e4d5f68-f2b7-441f-9bfe-5b521165955f,922.112459942233,52
2e831413-2bd2-4e91-ad83-8f7742506c77,922.112459942233,1
2e841867-0518-4eee-a80d-a6a50d70431e,922.112459942233,5
2ed8397f-d143-4df6-9768-7e16a3180026,922.112459942233,42
2ee53164-1ee9-4e17-9277-b3f158e48e7f,922.112459942233,103
2eee0bb7-77ce-46c6-806d-2e186e948fc0,922.112459942233,1
2f30f641-120c-4fb9-8bf5-9cfacbbf99f9,922.112459942233,2
2f3a7a25-ea21-4fa2-a461-e2e2613ea750,922.112459942233,0
2fa14ef0-72ee-43b8-a884-8cedd9dae64e,922.112459942233,72
2fd852d8-7690-4249-905f-e026378d85f4,922.112459942233,8
2ff81b20-1996-4e43-8711-cee1fa757142,922.112459942233,1
3014824d-d506-4150-a423-220729454eb6,922.112459942233,1
301dcb9a-14cf-42f7-a653-1194cffd04f9,922.112459942233,4
304f91f3-8cb0-40e2-a24d-a9491fb0eb82,922.112459942233,222
309129e2-8d6a-499d-9448-56aea5377a37,922.112459942233,24
30d00626-d497-4f5a-831a-7b6b1617df07,922.112459942233,1
30e5dd64-f51e-43e2-a3e2-6f6407658d2a,922.112459942233,81
312c9d26-6044-474e-994b-e1f09409dd5d,922.112459942233,3
316d0ee6-92fe-463c-90de-91838dc02750,922.112459942233,1
317476ac-bfe4-427e-b611-06cdc5e80894,922.112459942233,1
31a8e7d7-4bf2-435f-bf78-65e5c936a38c,922.112459942233,15
31bc7ace-9390-46a6-8c6d-435eac92d39c,922.112459942233,331
31e7facf-ee9e-46b4-9667-abc8385a1702,922.112459942233,2
32113e40-8875-484f-a5e8-5716cab4c67a,922.112459942233,64
3213e774-5caa-4c07-bc75-7cf07a65a07d,922.112459942233,2
3232171d-d89f-486b-b687-39f86ee19e2a,922.112459942233,295
326ce9d4-ce4a-48e6-90df-d1b7c6e58153,922.112459942233,120
3275f44a-4dba-42e9-8fed-cb1d207f30d6,922.112459942233,1
329699ae-20f6-4c07-aa15-a71fac736e8b,922.112459942233,13
331ebc0b-f4a6-4364-85a3-33f91743e2c3,922.112459942233,16
33246fd7-5d9a-45c9-aca0-19efdd66aaed,922.112459942233,0
33505d7c-109c-4cd1-b484-59afc9b17549,922.112459942233,4
3365a4cc-629c-416f-a465-a8a0fabe8416,922.112459942233,15
33799598-20e3-4004-ba2c-5512054704aa,922.112459942233,2
33ed21f0-52e1-484b-bf59-44d9d834b282,922.112459942233,8
33f08d77-9484-4d4f-a7dc-53eb9c06a61c,922.112459942233,7
341b56f1-80f0-45be-b56b-a0b3a6cf1689,922.112459942233,4
34247a57-9ae5-4054-82d3-0c0ce4bf117f,922.112459942233,16
342e1fb2-8c79-4716-b304-9699f3cc8f97,922.112459942233,5
34b1ea54-b7c8-489f-85f8-aab2a844c2e3,922.112459942233,55
34e152a0-e980-4562-98f3-f7b2a18022ef,922.112459942233,3
34ff0910-8074-445d-aaad-669f2be4e03d,922.112459942233,2
3534973b-223e-437a-9d6c-ab196d35649c,922.112459942233,29
3596c7ad-999b-446e-939f-cd7923bbe82f,922.112459942233,117
35b4a519-be61-433e-a848-50454c185277,922.112459942233,3
35bd7bc1-a50f-4724-80db-fcd02618f787,922.112459942233,2
35dd02ef-718b-4457-be91-6834995f46fb,922.112459942233,7
3610bf46-e56c-47cc-bdce-2ca5210d614a,922.112459942233,6
36446919-2d16-4cf2-8169-c9427dd5233f,922.112459942233,64
3671c38c-109f-4dfb-ae09-aa7667b1c597,922.112459942233,7
36947224-8c22-41f4-8f22-f2ca17057c06,922.112459942233,2
36a9834d-c55a-459e-aa81-7ae5b8d8376e,922.112459942233,2
36b941ef-6297-44cc-827b-b9fb53efb2bc,922.112459942233,55
36e76c54-bd36-4595-890d-01f41b2528ed,922.112459942233,10
36f62283-55d0-494c-96bc-59afb95fd818,922.112459942233,1
370839a5-a7f2-4079-ba03-349b60414fa6,922.112459942233,31
37190989-0b7b-4963-a885-dcf63c1400d9,922.112459942233,1
3744c69d-25c1-46a6-b178-ee5925f78014,922.112459942233,44
37676d57-8faf-446c-b0ec-d824d6a84306,922.112459942233,3
37972e7d-caaa-49cb-a8e5-d9ce332a959d,922.112459942233,3
37a9c439-16aa-48cb-8d53-016aea5f2128,922.112459942233,454
37b50721-cb1d-4670-ae60-5d54ff5aaf8c,922.112459942233,1
384448b7-3b0c-462c-b2f9-d3a3b2ace4cc,922.112459942233,27
3884c92f-a635-4b67-9e5a-97730829cdca,922.112459942233,16
3886769d-9a23-4165-a497-67a4021aa139,922.112459942233,2
38b5a905-9b56-4847-bc01-fafb144d754a,922.112459942233,15
38dd87a6-f708-4ef4-920b-c95dfa1545b5,922.112459942233,4
3958a37d-c320-4f4f-a86d-1dbb82127bd6,922.112459942233,45
395d676b-578c-41fe-a427-e097264d44c0,922.112459942233,201
397170d0-05fb-4e36-8dd9-8caa30a42d82,922.112459942233,14
3977b4eb-4fcb-4500-802b-307a2f1c13e6,922.112459942233,2
39b1c57e-764b-4f9f-8408-bd684bd8846b,922.112459942233,4
39dcd502-33e0-4310-96fa-016c82cade80,922.112459942233,50
3a4cd639-af6f-4609-8ddc-7e22640ff08e,922.112459942233,45
3aed7014-dd3e-4958-ac8b-97ecba810a0b,922.112459942233,5
3b3e87ca-d728-44fe-a1bb-9f0835cce85a,922.112459942233,2
3b7bca96-db86-45a4-9c0c-fb1f410f8655,922.112459942233,54
3baabacf-2893-4074-acc8-9ff76ea3bda6,922.112459942233,17
3bab0b89-47b6-45cc-bafa-aec1962c6dde,922.112459942233,2
3bab3c18-25d2-4e9a-b6f3-a7ede1c59fbe,922.112459942233,8
3bd342b6-e5ff-456b-b8e7-8aabbe9f0a32,922.112459942233,263
3be4f341-aee5-4c71-bb07-9bf056377a6b,922.112459942233,16
3bfbc979-dcce-4331-beb2-31f5c38c9369,922.112459942233,5
3c17dbb8-00ef-459b-ab9e-3f52bb62c39c,922.112459942233,61
3c6c8395-01c1-4922-bae9-91260baeab59,922.112459942233,0
3c7a3611-03b7-488b-864b-23ba2520104f,922.112459942233,1
3c870bdd-d0af-42eb-af19-e3929c9265f0,922.112459942233,60
3cbef103-2b6a-4ee3-90ac-7b0d6c3f15ca,922.112459942233,1
3cf46e75-3ef5-4a54-bc18-9ad056da9c4b,922.112459942233,5
3d27870c-a8de-4de8-a222-064b3d980a01,922.112459942233,1
3d28e6fa-020d-4271-9ad0-335102b3a05c,922.112459942233,62
3d2e2ebd-a606-4800-94d7-8ea656655a78,922.112459942233,22
3d887161-2977-496f-9f7c-6b37d9b79c2f,922.112459942233,1
3e0cf827-0afb-4b5b-89ba-196cecdd44ae,922.112459942233,9
3e2a480c-5c0e-4fb1-a876-9505d79c799f,922.112459942233,6
3e2ed9f7-8579-412b-8d24-a27befae90e7,922.112459942233,4
3e530e26-e15e-41ec-838c-0f23af989de9,922.112459942233,0
3e9a2bf8-e09f-4417-9ff2-5a65fd1de2ad,922.112459942233,63
3ecd38e6-4dbd-45c5-ab89-9892d6a69abd,922.112459942233,19
3ed698a1-a7bf-4ad4-b69e-01223d9ccba1,922.112459942233,12
3f0bf125-c1e2-43a3-b40c-0228ba481b05,922.112459942233,1
3f186dd1-901d-40fb-8a6f-ce8a4b52fe00,922.112459942233,1
3f7f4584-bcbf-49f3-86d9-89743a34a41a,922.112459942233,4
3fb704f6-cfcc-4aa8-9c70-f045fddcb977,922.112459942233,7
3fb957cc-1e52-4f90-bef5-4607427225fa,922.112459942233,4
3fc22625-bbce-4bd8-bf04-563189720e38,922.112459942233,86
403db18e-941e-4e63-ba23-e63c0515876a,922.112459942233,1
404795d1-6627-4f18-9e0f-d07595dacbfb,922.112459942233,5
4090efcf-9409-4f92-ba5b-aeb4f125c2bd,922.112459942233,1
40f624c2-57ca-447a-a7f4-80464a3e3970,922.112459942233,2
41926448-70c0-4dc1-9dd4-cedfa28944c7,922.112459942233,2
419b4ba7-3534-4e0a-b034-50ee640d2848,922.112459942233,1
41bb8c47-4ced-48f4-8410-68d941663893,922.112459942233,223
41f5f373-f222-43d2-ac8c-265c663285c5,922.112459942233,32
421426ce-b96f-4b90-b589-f04d4d5c5e7b,922.112459942233,0
427ff019-64d8-4a31-bb75-e308845e96a2,922.112459942233,1
4285b529-8acf-41f3-8ea8-3bd31d90dbbb,922.112459942233,6
429d1211-6738-455f-bfdd-0eed6b68e5f7,922.112459942233,72
42de920f-6a74-4462-8a84-b0cfd9d60341,922.112459942233,1
42f15fcd-e1aa-43fb-9d92-7b6afd3e796a,922.112459942233,3
42f351ce-a25c-4816-9a36-3b82eb77f665,922.112459942233,0
43050a60-ca0e-420e-bac0-d51ee0a83a8d,922.112459942233,2
4319b55f-c6bd-4a0c-b131-f93e287fd499,922.112459942233,84
43327cc9-4439-4d2f-9556-999151555c31,922.112459942233,13
43644875-a578-4ce0-9ff2-ec76fb9ca672,922.112459942233,5
4394132c-98e5-4ac3-a882-2a2ca397e8b3,922.112459942233,6
43aa42e8-54d2-46f7-84fc-b9c4dd6870c8,922.112459942233,31
43e2aca6-8825-46ca-85ac-ac76a461638e,922.112459942233,1
43fe0176-a4a7-4263-9f45-3fb68e054430,922.112459942233,41
443b92e1-2acc-46a4-be86-b41b6b01c011,922.112459942233,21
444e5a23-d896-49b1-929d-4c5cb4b2c232,922.112459942233,1
4491df77-dbc3-4f3d-b743-09607fd494eb,922.112459942233,17
449e759f-2009-434c-bd20-5ad23844cbf2,922.112459942233,6
44a8a7cf-9e53-4a27-9f5b-63ed339e05b5,922.112459942233,14
44acc56a-7b3b-4397-966f-313df9dea4fe,922.112459942233,3
44f020af-36eb-4b46-9584-5bd95dc50410,922.112459942233,25
450a3f75-9c8a-4eb2-b39c-f718ec24f40c,922.112459942233,3313
4559524a-7db5-41d9-b202-bdeb204d1523,922.112459942233,32
45b06413-9293-453f-ba4a-c7d91beac683,922.112459942233,2
45bbf295-bf97-4f9d-9d9c-a8f76c328608,922.112459942233,13
45d31555-5d66-43cf-a4f6-9713a5e37e4a,922.112459942233,10
45ee064a-cf3e-4bdf-b222-6d0ac88199d6,922.112459942233,2
460b6942-5a6f-4055-819e-0171bac02cce,922.112459942233,22
4621e46a-2698-4d4d-a5c0-8b40d71bed92,922.112459942233,1
46376959-58a7-413a-85f3-8e0d6bd4ee94,922.112459942233,1
464de4d9-679e-49b4-87ad-7ec20f28606d,922.112459942233,1
467b4896-20e3-454d-a88b-f65d6fed0bc0,922.112459942233,3
46f4616d-9979-4166-964f-fe2b4257d6ce,922.112459942233,27
472f7706-21c5-474f-9a35-8c34482b4564,922.112459942233,5
473f6137-2254-4311-9b83-cf83cc5f53aa,922.112459942233,8
4798fc2c-ce20-4fae-90b9-726fd0bd242f,922.112459942233,0
47993785-de94-4040-83a0-536b9324e96f,922.112459942233,6
47a639d4-93bd-433f-a60d-5a944df786f3,922.112459942233,27
48202b85-7b5a-491f-aa00-b7d26086131c,922.112459942233,3
48750554-f87f-49fd-9286-9eccb70504ff,922.112459942233,25
487cb216-6fca-45d9-b298-1dff756100a3,922.112459942233,9
488c9e22-8326-4ef9-aa2f-161cdd90b29e,922.112459942233,4
48c8c92c-1f46-442b-a290-8b6e4a920aca,922.112459942233,1
48ed6807-7cc8-4e82-a7b0-4048f097c7bf,922.112459942233,75
48f5903b-aba4-4847-bf3b-483e15c608ed,922.112459942233,4
49387367-bc77-4164-9bf5-88b9b10785be,922.112459942233,0
49653fb5-f06a-4513-ac2d-27301c845e81,922.112459942233,0
498e50dd-8541-47db-9b38-d38d63d2044c,922.112459942233,3
49c99665-9a03-4528-96a0-b828eddf7f40,922.112459942233,3
4a015b48-0f74-465f-ba26-0a58c57a8008,922.112459942233,114
4a36c617-b018-436a-babc-4374461ab87b,922.112459942233,4
4a4cd20c-ec0e-49d5-b797-e7e3ca77436e,922.112459942233,0
4a7359e8-bb08-40c5-bc0f-d48b33203b88,922.112459942233,1
4a7ced64-a6e8-429c-bc2e-23e79d5527e8,922.112459942233,1
4a88014a-ad11-4d7d-a316-34449aafaf1e,922.112459942233,1
4b014dce-83d7-434c-b549-475ebf8415c5,922.112459942233,7
4b6100be-7c68-42a8-abd4-b0a4338686fc,922.112459942233,7
4b784e78-f3bd-4f2a-9628-5eb3c18c8b90,922.112459942233,33
4c0ba427-72ce-44b8-8f62-be964e50acdb,922.112459942233,210
4c1516a1-a0f9-4c43-b77d-77dd6c1140e9,922.112459942233,3
4c79f917-1d9a-42f2-a85b-7d29939f6e35,922.112459942233,2
4c9e4d6c-b745-43c6-aefb-51c206f0d9c3,922.112459942233,21
4caa2fb3-7ed2-436d-bc35-390feebfdebe,922.112459942233,1
4cdf8af5-6881-45d2-8d04-4612af478e78,922.112459942233,1
4d66e223-2bce-4bb2-848d-f5ecea152dcc,922.112459942233,45
4d695a62-cdc6-4926-bc34-00bc1d2491c7,922.112459942233,157
4d70919f-e231-428b-9f1e-06f260c06179,922.112459942233,0
4d8fa0b8-119c-4d9b-ab88-305e15373512,922.112459942233,6
4e1e97b7-98a8-4fc4-9f79-7b6dfb173229,922.112459942233,77
4e396771-32ef-4e58-9b02-c3fb1b7fc309,922.112459942233,0
4e7eafad-5196-4d4f-9dee-23eb5c367334,922.112459942233,16
4e931d86-053c-42f7-a2eb-18024f183682,922.112459942233,14
4ebdf6fa-f4d8-429d-bc39-7439a2b60c2f,922.112459942233,1
4ec0d771-8ce7-4665-a089-ee58e958e477,922.112459942233,1
4f3a3d51-393a-4dfa-bbd6-c0d2d3be9a79,922.112459942233,2
4f6cbfe9-8d39-49a3-9570-003d45a3b109,922.112459942233,1
4f78ec64-1e38-4f7d-bcd8-5f3ecfd186fa,922.112459942233,1
4f92bcf2-19c8-4e7b-b8ff-265d4b20fa59,922.112459942233,1
4fc56b11-7379-4d62-b3ed-95bf4294c7b3,922.112459942233,1
50050fea-4904-4f14-9eaf-6e4439bc7c13,922.112459942233,43
503f8f3c-6c3b-48e7-887a-c4814106fa3b,922.112459942233,139
508a21d0-5c9c-456c-9ab3-689d61eb5a6b,922.112459942233,26
50a289aa-d336-495b-9aed-e4e837dd1eba,922.112459942233,2
50bb7b3d-79a1-45c7-b4e6-ba698cd913f7,922.112459942233,8
50d6266a-3e30-421b-9433-69f1486ed17a,922.112459942233,327
50e13e1f-fc5c-4528-aecd-d2a7c5810c07,922.112459942233,1
50e8782c-88b0-45d4-8109-436c4cd36a2e,922.112459942233,0
51c579d2-a559-4a8d-8bd6-7aa387a6cced,922.112459942233,6
51fa11d4-9779-416b-9b04-2e82036dc5f6,922.112459942233,2
5226b6c5-bdac-4299-847a-dd488f9961ff,922.112459942233,13
52434a1f-712d-45c7-bc9e-dc81872383aa,922.112459942233,18
525d32b0-68cf-4d6e-bd1f-139f0904b2e4,922.112459942233,1
5281efa0-1797-46dd-b422-28a609e62031,922.112459942233,125
529cbd4c-d66b-4178-b745-f08bfa661065,922.112459942233,12
52e4293d-0b9c-4215-be0d-e0d63e3536b3,922.112459942233,246
53064daa-ab94-4633-b108-d931d5388107,922.112459942233,18
533d4626-fb54-4cf1-88ba-b568126ef47d,922.112459942233,1
5354f2f2-6d04-46e5-889f-956c7aa09dc8,922.112459942233,15
53a1a6c7-7621-4ddd-af22-ecf42b6828fe,922.112459942233,6
53a2f54d-58e8-4147-9d29-644f7bd3d6b1,922.112459942233,11
53b0268a-c501-488f-bf57-633ad74d671f,922.112459942233,1
53e42968-4b4f-4616-bfc6-8cdbb59a9a4a,922.112459942233,21
53f0e43d-9fe0-4a69-8cfb-7440296ff33d,922.112459942233,8
53fcec59-e051-42ec-bd48-c71e0e4279bd,922.112459942233,3
541e5789-65c0-48ee-85de-7d46aac813c2,922.112459942233,48
5438f9ee-08ac-460e-b40c-fd4de7488792,922.112459942233,16
54d8bced-fcdb-4cb1-acdc-0aa1db6490ab,922.112459942233,7
54edd84d-73ad-4821-8d53-7ed04f00b2e4,922.112459942233,91
54f4e029-8fe6-4816-817a-f59a552e68ce,922.112459942233,1
54fbc8f8-5c6f-4006-8823-63da91cba6cf,922.112459942233,1
551a16d9-98c1-4247-9148-9beb45fae2da,922.112459942233,2
55614f1d-0b09-49ee-9610-66dedb8c4322,922.112459942233,1
55639cdb-de84-4c23-9d07-510ee3b4bb32,922.112459942233,1
5606fe10-3665-4b8e-813a-89e972e1a8bd,922.112459942233,3
563410ac-325b-482d-b9ce-283fa710a160,922.112459942233,5
564b7de2-e98a-42fd-bd91-f0a00bf42564,922.112459942233,0
5666b127-f796-4b9b-8b82-25d5fcbca816,922.112459942233,48
566ff65c-1f2d-46f6-9fe6-6559866fa156,922.112459942233,15
56abf8a4-ed0c-42b0-8bfb-6e0ca68fd8f5,922.112459942233,0
56c00759-8789-43c7-ae39-0ff17896d2e5,922.112459942233,4
57724609-f3b9-41c8-8249-079cddfaa762,922.112459942233,0
57ab0368-19f2-4d0f-84ee-3a39b682a732,922.112459942233,43
57bf65d2-cf1e-437d-837a-f9d04396569a,922.112459942233,15
57cdddf8-001c-479e-822a-4aed91df3e67,922.112459942233,14
57df423d-8502-4be5-8e20-838a5efdfb65,922.112459942233,4
5843b3e0-8f8f-4c32-a843-94bd753e0b71,922.112459942233,3
58762d57-2972-4551-aac9-7c13591bcae0,922.112459942233,11
5877cf53-bde0-4bfa-b61b-0a09e5dd5147,922.112459942233,150
58e89359-7b02-4fb2-8998-feda63a3bb02,922.112459942233,1
590efa08-65a0-47ee-8e17-fed74f343f89,922.112459942233,3
593205e6-f8a1-4492-b27d-ce0ade5ae782,922.112459942233,51
596f1ca1-2593-46f8-93d3-272447fcafae,922.112459942233,9
59746c2f-ef08-44a4-88ae-2e9610a578b8,922.112459942233,5
597f1882-2e77-4cec-930d-cbcb2fbd7d09,922.112459942233,67
59af0f1b-1c36-48ac-8637-071d7ae05adf,922.112459942233,2
59f15851-f065-4a54-ad77-261961cb61e9,922.112459942233,16
5a214149-13b0-4732-bdf6-3b443487b69e,922.112459942233,62
5a226aa1-468c-4f67-96c8-e60653ba2fbb,922.112459942233,1
5a4ae891-9dde-414b-aede-000373d0170f,922.112459942233,13
5a9490c5-6a19-42de-a09f-9e73408bc7f1,922.112459942233,4
5ab2deb4-3e14-4600-a9f7-a33729a29c40,922.112459942233,0
5ab97e91-c02d-4bdc-8b9c-6279c542b62b,922.112459942233,1
5acde6d4-3625-4678-b255-6abfc366b085,922.112459942233,152
5ae0871a-e31d-4003-8c1a-e181dab54036,922.112459942233,80
5ae33296-4d38-4786-b02d-777e3f894cb7,922.112459942233,55
5b068aee-e72f-42c0-83f9-6c20202a9b57,922.112459942233,104
5b175133-d13b-45d4-8ca4-7c95230f13ca,922.112459942233,13
5b384210-8f34-49bc-ac80-f8e0a301ff29,922.112459942233,2
5b3faee1-336d-4ba4-93b3-b477fbf24a9d,922.112459942233,2
5bb5a59e-97b5-4268-b408-3bda9ab13b40,922.112459942233,679
5bc8bda3-fecf-4dfb-a154-fd7ccf24e5d0,922.112459942233,91
5c056433-fda5-437f-8fd6-9ee380547592,922.112459942233,11
5c40baff-2e64-4d50-8e92-8adff4372f35,922.112459942233,28
5c4f022b-463b-4112-aac3-ff2b4ab70b79,922.112459942233,0
5c7be6f8-8502-4200-b492-6bd34f797e95,922.112459942233,0
5cd43268-6089-46a6-94fc-cc3c18ba9350,922.112459942233,6
5cf03793-2b87-48c0-b22e-df71c977adcc,922.112459942233,3
5cf48464-fdae-4c13-ab96-410d0f6f6051,922.112459942233,1
5cf6826b-2f30-406d-bdca-0c1bbe99089f,922.112459942233,0
5d2bba53-a182-4fba-82b4-45020e23c0ea,922.112459942233,27
5d2ef84b-365f-4cc9-b997-2d5b26534a06,922.112459942233,1
5d61e288-3c0f-484c-8d88-5c850054dbec,922.112459942233,3
5d62190b-e070-4867-ba93-7114661138d6,922.112459942233,8
5da29111-6e83-4038-b39c-1843f838565f,922.112459942233,29
5dc9a67c-c7bc-412e-8d62-b55e11cdd5aa,922.112459942233,3
5df0eafa-f87a-4362-a4ca-450c4dcc825b,922.112459942233,0
5e1af4e8-c595-4376-9640-3787312c5872,922.112459942233,24
5e1be5c4-59c9-4c3e-a20c-39bdfd4c5f6c,922.112459942233,0
5e27c376-075e-41a7-91a9-06c03b689c70,922.112459942233,8
5e74ab96-6a1a-48c7-8240-08a3845486a8,922.112459942233,0
5e830099-5a94-4ccd-a5a3-c68f7116f988,922.112459942233,1
5e98e94e-7a45-4c5a-8a9f-cfec0060606d,922.112459942233,5
5ece28ac-e643-471c-b3d2-58ac33b35fc4,922.112459942233,19
5edc1f75-d9c4-46f2-8610-b9979c73188d,922.112459942233,147
5ee93973-b708-44b4-b492-30995e3d0231,922.112459942233,6
5f08984e-2fa7-43b2-8ae4-48d797385eda,922.112459942233,36
5f4d8504-0533-45f4-a4ac-0dc614a2c318,922.112459942233,9
5f4fd062-c026-4448-ad38-0a037a6a7520,922.112459942233,8
5f6d51ec-1f06-40f7-ab24-40baec589d93,922.112459942233,9
5fc6841f-e640-48e2-9e23-ebb39d421323,922.112459942233,1
5ffc95c9-b2b1-4725-baaa-1b9ffe21c8b1,922.112459942233,2
602318f4-277f-41db-964f-c800faaf2c6b,922.112459942233,4
603d0467-8c7d-4989-8f62-41a5b011d42d,922.112459942233,1
609ac6a9-911c-4cf5-b8d7-7b4e7b03b255,922.112459942233,4
609df701-73e1-4752-8d5e-0d7874b89f8d,922.112459942233,56
609ee8fd-32ea-4479-b891-e860b6bc841b,922.112459942233,1
60d7be24-c39c-4415-a529-0225e441d64d,922.112459942233,22
60e4a326-fa36-434e-a0fc-7c81ff780f8a,922.112459942233,20
60f737c6-6bc6-40a6-a1c5-35cd91c80a9b,922.112459942233,575
618af8c9-c566-4633-981d-c1fd47ecd9ba,922.112459942233,8
61c038c4-6556-4cd1-a206-61058d094761,922.112459942233,0
61dc8653-cd79-4422-9319-8d6234d7fe59,922.112459942233,5
61ed24c8-eaad-44c8-b5a4-97df2ba8edd0,922.112459942233,12
61f0d6e1-f121-4f42-8433-142ad3bcfd26,922.112459942233,42
62759bf5-eed6-4cd5-b2f0-31de2df42148,922.112459942233,7
62854454-59ba-4b8a-b43b-084ff3739eab,922.112459942233,22
62dd48da-369c-4ea2-a1fb-835fb98a5f16,922.112459942233,8
62fe5a0d-2ea5-4c3b-b6ae-5f24526d5cb5,922.112459942233,1
63215e24-05f7-4a8a-b549-a38560695ddc,922.112459942233,1
64343fda-f940-4733-9cda-49d3e14f0362,922.112459942233,239
64d81faa-a9d4-44b5-a925-f5791b7dc3ca,922.112459942233,1
64f2c8aa-d7c6-4b55-a5e0-5911359d768b,922.112459942233,3
650596bd-ebe7-4471-99b1-e429513e6b46,922.112459942233,0
651a0adf-d7d4-4bff-8eb1-f5f0c1957f0b,922.112459942233,130
6540f919-63bb-4e8d-8dfb-2f9904a29bb0,922.112459942233,2
6582ee6d-55e6-49f4-abc4-a1760d6767cc,922.112459942233,3
65b13030-1bce-47b1-aa08-45f43ba67576,922.112459942233,0
65c5fd9e-4343-409a-8104-40e7acaf8dc1,922.112459942233,2
65e1ff1d-e9a5-4b86-8137-df4b078f68af,922.112459942233,32
65e54e94-4255-489a-948e-10a4da9c3029,922.112459942233,14
65fd481a-2c99-4620-b12f-8f5c19ad7ad5,922.112459942233,1
6603cfb6-4eed-4c58-ac66-6225452a22ee,922.112459942233,68
66c2abff-5c79-4b91-842e-740b43f3e6cf,922.112459942233,1
66cc3585-e2cd-41e1-b56c-ea9b2af66707,922.112459942233,89
66d5b9b4-68bb-4177-9526-eb913f1c5c34,922.112459942233,13
6703199b-66fd-46ce-991c-990ee721755b,922.112459942233,0
678bc295-4df5-43fd-8253-edda5615aae9,922.112459942233,1
67967c31-9ae9-4c80-8210-eb0458d62678,922.112459942233,14
683f75d7-e09f-4191-9912-bb6f843addec,922.112459942233,1
685acc25-3ba9-4e4f-bb96-83b53c4324f2,922.112459942233,0
68778978-c704-48f4-830e-3d6b4410c13d,922.112459942233,61
68a0053e-ff28-4ef4-b428-3b7c807efb10,922.112459942233,9
68be609e-0268-4826-99a2-2f62711c2ec2,922.112459942233,23
68d9885e-b63f-4f86-a80a-c832aa7e1b8b,922.112459942233,1
68dcec08-895e-4b52-b016-752038f7e2a4,922.112459942233,1629
68e4f976-f883-494e-a324-00c7f76b53c2,922.112459942233,1
690aa456-3c95-4c4c-920c-c8d5503267c3,922.112459942233,28
690aaecc-084d-43cb-a0a0-71dda881a33c,922.112459942233,13
69120bcf-9ace-461d-aa0d-024a4d1e5a30,922.112459942233,3
697396c0-502a-4ef6-9af7-dd08113a0409,922.112459942233,69
697adab9-513b-4f67-9cfa-b04fcf7c6baf,922.112459942233,7
69e9a7c3-6f64-430f-96ee-eb1548eb6aad,922.112459942233,29
6a0b34e4-e3f5-4455-9cf7-6a2975604de5,922.112459942233,3
6a0eb008-e19d-4ff9-b058-855cbe5f4208,922.112459942233,1
6a143f4c-dea2-48df-9772-6f631dd86789,922.112459942233,6
6a1900ae-3ad1-404f-8ea5-53d6b1d1cba5,922.112459942233,1
6a2e2de9-0916-4281-a17f-be9a6c029d22,922.112459942233,0
6a377017-ed76-4452-bec0-4653f075a76c,922.112459942233,7
6a7d3662-8ab6-43e2-a194-e7f1a58b996d,922.112459942233,0
6a8a3727-8c96-4ab1-992d-8df6211d1dd0,922.112459942233,5
6a98d7d1-106e-4a35-bd3b-928ef4415e73,922.112459942233,0
6abc3e4e-30db-4bce-ba94-9b9c811538c9,922.112459942233,9
6b5ba40e-951b-44ae-b098-9a716980f1a3,922.112459942233,12
6b66443a-3362-41d5-9069-cb579278bd4f,922.112459942233,22
6c1b0ce0-f46e-4ddd-bd12-cae78c070cd3,922.112459942233,160
6c6046fd-00f7-45aa-a4e2-3971eab03102,922.112459942233,17
6c7b3b02-8b47-402d-b6d1-febcdda4c4f7,922.112459942233,4
6cd07457-d642-445a-8eb8-986fc1bac71d,922.112459942233,21
6ce46554-9782-4a84-8e96-bba56e322db1,922.112459942233,12
6d3d7ffd-b61b-43c7-bfd4-cb3889b6a86c,922.112459942233,23
6d5d3a2e-35f4-4a24-97a4-4444f342f997,922.112459942233,5
6d701035-be61-4e72-9443-38c1623feb11,922.112459942233,26
6d75a554-80c3-4362-89a4-50fa6a152699,922.112459942233,6
6d9fdde0-ce36-4d12-90ef-f14a4b712866,922.112459942233,1
6db5cd57-5584-42f5-89cd-e333eafa2cd5,922.112459942233,1
6db6ec96-a747-4bdc-89b5-d5c40074f9ef,922.112459942233,11
6db801f8-6b8b-4bcb-9ca6-fcbdb36f4ffb,922.112459942233,17
6dd76604-2c74-4e26-874a-94bf0df7f97a,922.112459942233,190
6dece871-c22b-40a9-a919-19a88acf3401,922.112459942233,177
6dee5ed7-e72b-4366-89a6-9d5d4ed6aaf4,922.112459942233,11
6e0981f7-186c-4a37-be27-ae4c8c334d6c,922.112459942233,3
6e1036c6-0d37-41c0-ad70-1cf1ce5a9aca,922.112459942233,0
6e1bc660-02eb-49ac-aee6-592328504897,922.112459942233,371
6e3235bf-934d-486f-9314-fdf75d91fc74,922.112459942233,10
6e4dae99-6228-4b44-b095-413aea4f6195,922.112459942233,30
6e58d135-07cf-48da-8803-7ec0d5d24a21,922.112459942233,18
6e81c9f9-e511-45c4-bee7-c22b7c0e9ba5,922.112459942233,79
6ea54738-7d8b-4f44-b773-b151a5dd8fde,922.112459942233,49
6eb63b94-0228-434b-845a-bf0645285045,922.112459942233,4
6f5e7ff5-e682-40e3-bbf2-41eeabf4dc3e,922.112459942233,8
6f69f00a-28cd-4dab-a3ea-9380ef407de6,922.112459942233,893
6fabc9bb-8ab6-4d0a-92ce-a288db7aa597,922.112459942233,4
6fd7a291-72ba-4d60-b75b-f47ea03718ac,922.112459942233,4
6fe2526c-955b-4c6a-bd8c-57363f63294f,922.112459942233,2
6fff56d9-010f-4a49-b6f5-090af35d403a,922.112459942233,26
702d2702-8f35-4438-a0fb-e4eb94d76b96,922.112459942233,0
70459139-705a-47b5-a8d3-97d1db1d6565,922.112459942233,46
708845ea-f587-4e2c-b6e7-83a2688a7fb1,922.112459942233,2
70ad17b1-3fef-47df-a434-39f269a232b5,922.112459942233,1
70f14506-ebc5-426b-a5a4-5e1084c726ef,922.112459942233,1
70f6a500-741f-43f7-a51c-d26214776803,922.112459942233,19
711af125-fa0f-4680-8bb3-421b1b4bcd82,922.112459942233,9
71357423-31c6-4566-bb51-9f8cee5064d3,922.112459942233,72
7157b55a-a013-4e7c-b904-7af4bcff5493,922.112459942233,45
71c4529c-1c59-4e5a-a3ec-65c726306eaa,922.112459942233,1
71eeacbe-87c0-4c25-a59c-adfb121267b2,922.112459942233,83
72395a7a-a6ce-4048-92f2-939e00fd424c,922.112459942233,49
72599524-180f-4afb-9a21-c599879cac3e,922.112459942233,297
72e468c9-e1d8-441a-b38d-6415bd71c2c2,922.112459942233,1
730b70d7-39b1-47ed-9d74-0655bc5e7afc,922.112459942233,1
7312275f-6ffe-4df1-b2d4-3e17cd52b985,922.112459942233,1
733221e5-599e-4b71-af87-7b1249dcd53f,922.112459942233,98
735da3d8-f40d-4c23-9c8b-d798804d5f68,922.112459942233,1
73b4ff0d-c194-4de5-b302-4dc6efad63a1,922.112459942233,0
73ca1e4e-3ae6-4baa-8ef8-d6d855565dc7,922.112459942233,8
746efff4-b3ca-4569-b6a7-78bffa7573e8,922.112459942233,15
7490b971-d941-4a08-af62-088780502023,922.112459942233,1
74be5419-ced5-46de-8ad8-0b82f82af243,922.112459942233,3
756fb83e-be4d-4ce2-bde5-b87eb2312100,922.112459942233,2
75937f2a-f6c3-41f1-9809-12192e35a843,922.112459942233,1
759defeb-0d8d-4089-acf3-66fc45139185,922.112459942233,40
761ea46d-5aec-48a3-b6f1-05f1902ac849,922.112459942233,22
7645082c-11f0-48a4-aa24-d5dc7ebed156,922.112459942233,1
765ae565-02f6-4f9d-b744-aaef0fa4dc95,922.112459942233,6
76a79f30-c09e-462a-a0c3-a29b1c8d1aa2,922.112459942233,11
76dea516-7fae-4350-a2bc-aae153311b07,922.112459942233,8
76eb6d2b-ae48-4865-9927-d0750f289080,922.112459942233,61
7703c009-f88d-49cb-9703-35755f8ef1c1,922.112459942233,0
7742b1cd-9a2e-4479-93cd-1bbb24933e3b,922.112459942233,0
77a38bf5-0cbb-4763-a98a-24baceebe6fc,922.112459942233,13
77ca05cf-5968-4398-8032-01c061d0df79,922.112459942233,38
77ced2cc-c790-4fae-aaa9-7dd660bf1958,922.112459942233,1
77daec68-494b-4b2c-82b5-eb85743cc364,922.112459942233,6
7832dda5-b7e9-4ccf-a9f0-8d64543dd0de,922.112459942233,14
78503c91-d03a-499e-873f-597330677d14,922.112459942233,1
78616e5c-6326-4d86-8436-3ee940ef95bd,922.112459942233,9
7873c833-ad27-43a3-96da-5a550e968085,922.112459942233,12
788fa8a0-575d-4ca9-91ff-6ce7ab42ea32,922.112459942233,3
78a48b6c-979e-4ea2-85c8-78db87685bac,922.112459942233,1
78b774c6-75ba-49f0-9dac-a4948d2744a0,922.112459942233,19
78be8975-ce45-48a6-8e37-0fc3afc9fb4a,922.112459942233,8
78c8eddd-c6d1-43f8-9ddd-cebf1c126e94,922.112459942233,37
78d30839-94db-4278-bdb5-617628dede07,922.112459942233,6
79eac19c-774a-449b-b100-497dbd49097c,922.112459942233,85
7a4170da-e706-437d-ad90-ce97e86319a4,922.112459942233,2
7a4ace0f-1451-484c-9dcb-52f663a935ea,922.112459942233,6
7a5c58d6-0d20-4098-90f6-af394f3603b3,922.112459942233,105
7a6fcb1b-b6dc-4541-9b11-79931181215c,922.112459942233,11
7a82e2ac-e38c-4981-a932-8bb7247118c5,922.112459942233,3
7aa51b7d-1b7b-4768-aa56-ace906341165,922.112459942233,5
7adde851-797b-411f-ab0c-f2f6a01bd7e4,922.112459942233,2
7b8027e7-fd6f-4bc3-bf52-32ee946ec231,922.112459942233,11
7bdba15b-8180-449b-8307-5e82dbb8726d,922.112459942233,301
7c372dd3-4c2b-4ca3-92f5-de306f84d1d7,922.112459942233,332
7c610cfd-c057-4b6f-87af-b25b403c0e0d,922.112459942233,68
7cd2bb20-4b55-4135-96ec-3e64415d8c69,922.112459942233,17
7cd9ba4a-35ff-482e-a337-e2055c24d2a2,922.112459942233,5
7cf998b7-8a06-47f1-acae-17a6388c69c2,922.112459942233,1
7cfbfa21-6979-40a2-ab88-e4e5c2697aa7,922.112459942233,30
7d39ecde-e452-4f72-a6b5-dcae094ee519,922.112459942233,8
7d53fdbb-2a7b-4565-b56d-0421fa76fa28,922.112459942233,1
7dbfd5c8-2bb7-4c1d-a355-2fdaa2ec33bd,922.112459942233,24
7dd7159e-7664-4297-a354-f5474bd50b9a,922.112459942233,4
7e06f0f7-82b5-4812-b1b6-b6b0cae8bfe3,922.112459942233,5
7e0dcc5f-ed92-4408-9f7d-cf89d4d77036,922.112459942233,2
7e158eee-407a-49e8-a1b0-87662b735e57,922.112459942233,0
7e17493b-89d4-4c55-8bed-4effa5160a3a,922.112459942233,1
7e5add23-6f47-442d-91ff-52024df0be78,922.112459942233,3
7e71b839-b012-48b3-8e0c-f511b24d040a,922.112459942233,6
7e774d02-2716-4d22-97b2-14aa303cd1c2,922.112459942233,92
7e81a49e-6b7a-4522-94fa-8f537b681ba3,922.112459942233,70
7e9cb82f-43ff-4a3d-81ba-47b1e2dbf70a,922.112459942233,7
7ebc1cf8-5d2f-4a76-9ed3-c11b879014ba,922.112459942233,5
7ec7a82d-2775-4c3a-bfd7-f5b42ac6505b,922.112459942233,9
7fb537a8-abcd-4ef0-9079-8405b1973b32,922.112459942233,31
7fd7a720-f2e3-42e7-b816-b2ff778b7da5,922.112459942233,37
7fe576d4-837d-4825-b379-906259122463,922.112459942233,4
8016f564-dec2-4f1f-94a1-dd94136815fa,922.112459942233,3
80233659-f0a0-45e7-bfd3-a2ba7beb54a4,922.112459942233,11
8053ccab-a8f4-437b-9290-0b26ef8a8b81,922.112459942233,1
80942cc6-2d1c-4958-b918-a98ac08dc2cd,922.112459942233,5
80a216dc-0243-4226-b381-3766e4a4aaf2,922.112459942233,2
80abecbc-f32c-4e22-bd5c-86eff63990bf,922.112459942233,2
80b75b89-2fcd-4275-ba9f-7cce2a6c101f,922.112459942233,7
811a2aa0-fca5-44ca-8e9b-a5deea2bd7c4,922.112459942233,159
8151fff4-0b51-4577-ae0b-4622d244d324,922.112459942233,181
81688c1e-aadd-43cd-acfe-1889af4451b3,922.112459942233,1
8173e7bc-d111-49b1-8f45-0a0549ae5773,922.112459942233,20
81e1476e-638d-47fe-bc59-95a22042aa9e,922.112459942233,6
81f11233-9275-4168-b917-ac3919f1ba2d,922.112459942233,2
823209b4-0c0f-4e24-a2c7-799493f5e2e1,922.112459942233,8
8237120a-3720-4523-9825-db3bac44b2e5,922.112459942233,2
824b5fd7-086d-4886-a417-15dff8307319,922.112459942233,183
8265dee1-143c-4416-a189-d99261004b39,922.112459942233,6
827582f1-085f-4823-9ccb-968c543d2193,922.112459942233,5
828f9635-a948-41bb-9b4b-ee96a96c1371,922.112459942233,2
82a5c529-3e9b-40c0-a662-f1a3c1939642,922.112459942233,0
82a9340c-d2de-4b18-a558-612f80ac909e,922.112459942233,32
82ac7a28-bf79-41c4-ac6a-cc8e8b216a67,922.112459942233,4
82bcb66a-e235-437f-b4dd-e98cf41b2d5e,922.112459942233,11
832fc9a7-6f15-4727-93e1-a9aaf29d97fd,922.112459942233,2
83469cc9-00f4-4378-a460-f52636531396,922.112459942233,20
83486784-ce38-47e1-971d-bba915c4912a,922.112459942233,4
83675d88-c271-4f5c-b552-8628ef24c5ca,922.112459942233,1
83871b43-9625-4bcf-a669-0a283fe5b717,922.112459942233,1
83d9c5d7-00c2-48f1-b12f-786ea3b6b7d3,922.112459942233,0
83ee3482-86e3-4cc5-a4d5-ed5ff0e8188d,922.112459942233,4
8400b382-74f6-48ae-ad2c-423654f61fe2,922.112459942233,13
842b11dd-db40-4114-9d67-7b0da15bbc0c,922.112459942233,9
846d85bd-d6c2-4dbf-84b0-7f477fde4452,922.112459942233,1
847bdc7d-e95a-4c32-bdc8-c3771a5d0c6b,922.112459942233,2
84acafa7-5e03-4fac-a645-ed26e02be511,922.112459942233,2
84c58a06-6c23-40de-a612-f0336cab93af,922.112459942233,1
84d878c7-1833-418d-92a8-7c3675a64698,922.112459942233,0
84e2ebbb-c546-4d9c-99c3-7e788fe67aa4,922.112459942233,2
84ebaaf3-fffd-4240-8c5c-66f13ad2d885,922.112459942233,1
84f3f663-aed2-4722-bfdf-4c0ce77d59ab,922.112459942233,46
84f855ed-0745-4f21-a22d-d3315f403bf6,922.112459942233,7
850b2870-f399-4640-92e9-7d87b6567e68,922.112459942233,54
851e94ea-e0f0-42f1-9983-2718b19aeb20,922.112459942233,8
852508fc-89da-405b-bd71-4264be44831b,922.112459942233,109
8533a936-0f75-4831-bd05-3c27f1f0987b,922.112459942233,39
85475dcc-ca5d-4d37-8217-8628f3338046,922.112459942233,6
856bb215-f1a1-4f9f-bf0b-bfd2fbbd1e36,922.112459942233,203
858d43ff-0edd-43c0-88d8-774bf9287fe4,922.112459942233,1
85f600ec-0d4d-41fa-b588-5510a23744d2,922.112459942233,0
86239e60-14f7-48b0-ba37-062fe97b2034,922.112459942233,51
862b8d8d-6e87-4e45-a908-983c38cde503,922.112459942233,3
867ef926-f7d7-4fca-9112-39b14e40a86b,922.112459942233,5
86803be7-93cb-43cf-b087-591ab06d8f21,922.112459942233,65
8684c118-57c2-493c-a276-b351ff54c96c,922.112459942233,9
869b554b-4277-4e21-a680-0a82cfa5b56a,922.112459942233,5
86a0b0c6-f12c-450b-880c-61efe2854217,922.112459942233,44
86a46b70-6e77-46b5-b8f8-b235b86957f1,922.112459942233,138
86a91ff0-e7ce-4856-9fda-4100301d0619,922.112459942233,7
870763d5-0b10-434c-840e-b1347523760f,922.112459942233,21
871b821c-3bd6-4a0b-84e8-b005162ff348,922.112459942233,56
8735c134-df00-42bb-827a-3bb24a7b8d0c,922.112459942233,4
874906c8-7c13-408c-9ce9-049ac6d9a60c,922.112459942233,3
876445fa-de03-413e-995e-f142935a5a3d,922.112459942233,104
8766a57b-7ee7-4171-9ffc-3f3e189d5c22,922.112459942233,2
87995752-aa18-48a9-a7bb-9a64b5104a28,922.112459942233,1
87a655cc-f17c-4089-9f77-cb86a330f2e0,922.112459942233,2
87f84743-9dca-46be-9d23-54a5619942ed,922.112459942233,2
882618c1-e69a-4e77-b01e-01af0e9faa84,922.112459942233,5
882dbfb5-85a5-4b0c-a0da-f14aa90b9fdd,922.112459942233,8
882e790f-1e47-4487-8ce4-58e2d81118f9,922.112459942233,3
884e9674-31cf-43be-8e6f-0f9ee3696923,922.112459942233,3
885b8acb-ef17-4eb3-8e5e-0a543c3f7a49,922.112459942233,5
88aaaf16-ad27-4ad3-b704-ef431a589efe,922.112459942233,36
88b67027-bc1e-4152-a8e6-ae3f9655c673,922.112459942233,233
8901c016-f830-47f9-8664-21d3e94d2be8,922.112459942233,11
8961e142-d6c1-4243-abef-a0ec5652733a,922.112459942233,0
89710864-8bb8-4ff9-a9b9-e47ee6683ec7,922.112459942233,269
89a708c5-74d5-4076-904d-796b1d61da76,922.112459942233,11
89ab3c6f-8e8d-42c5-957c-6a9a04f5ce88,922.112459942233,27
89af1f57-f17d-4021-b230-46496908c1aa,922.112459942233,69
89c05ef6-122f-4921-a22d-f6c87c5f60a5,922.112459942233,8
8a106d07-1a24-47d2-9d4f-b8418d874f05,922.112459942233,45
8a3ec73b-438b-433c-87f9-00617f610eb7,922.112459942233,4
8a5032a2-4355-43f8-a655-20e3fcc16a4a,922.112459942233,1
8a6d27ef-7fd0-4b04-affb-c78c40c18e55,922.112459942233,6
8ab25700-f3a5-4837-b061-2d0efa7893b8,922.112459942233,7
8ac85257-e0f7-42c3-b5ee-dd9d0aa40cfb,922.112459942233,6
8b131656-d1fe-40bb-9a0d-961c4c735c3a,922.112459942233,5
8b39c55c-9b84-4fb7-b7c4-7324cf780002,922.112459942233,30
8b7fa7ca-c541-4c97-b06f-a06b2368a1ea,922.112459942233,148
8ba0952c-973e-4f4f-b88e-605ad09ebd04,922.112459942233,1
8bcb5f85-5636-497b-acc9-a44eb19b35ff,922.112459942233,11
8be23d7c-d205-43db-b51c-a4e70bf2f165,922.112459942233,0
8c454ccf-77d3-4289-b9db-b598703a89b2,922.112459942233,5
8c955084-f7ef-4935-acda-c92de574b6a7,922.112459942233,1
8ca1aa84-5ffc-412a-b361-e6d481457b3c,922.112459942233,0
8cab4678-1a00-4a90-88b2-4e2f9b70ccb0,922.112459942233,0
8cb3e08d-a9f2-4094-8c18-e8a372cfccdf,922.112459942233,36
8d5fb78d-b2ce-4e5e-9aea-38d75dc94172,922.112459942233,2
8d9cea56-5180-4815-a832-5ada2b512a17,922.112459942233,40
8da0d0ad-3ff4-4bbe-aa13-7f629d51c3fb,922.112459942233,2
8da747b7-a57a-44df-ac8a-bd70c23c5499,922.112459942233,2
8dcf976c-c817-485f-97ee-c0bbd9fd657d,922.112459942233,5
8e1dd58e-c030-4a73-9cf4-7e10e97dc2dc,922.112459942233,1
8e2fe4ef-708c-44b8-8477-d2efdbdcb7f7,922.112459942233,2
8e67a4db-bf88-43d6-b42b-f49d1eed41f8,922.112459942233,42
8eab6f63-3cb7-49a9-a02b-fe9373c49fa7,922.112459942233,1
8eb17eff-8631-46bb-9f8c-5a06a01ecf6e,922.112459942233,0
8f0e952d-b5bb-4c6a-9180-335e70860b0c,922.112459942233,112
8f11cb6c-5252-4d2b-853b-135bda2c141d,922.112459942233,1
8f70494d-a8e2-4dbf-9425-a0af80fe26ec,922.112459942233,3
8f7435e2-4dd7-447a-890d-2d7af552544a,922.112459942233,2
8f8c5c6e-d176-4f14-96a5-491e7a25b253,922.112459942233,3
8f936f8b-7d4c-4dd7-a3ea-396903f76ea5,922.112459942233,45
8fd4bb6b-5c29-4241-ac1e-52786323369f,922.112459942233,106
9022accb-12f4-4255-8839-8edc027c1c34,922.112459942233,34
902dda12-980b-4920-8d71-431bcd3db373,922.112459942233,16
907257de-256b-4d44-9352-34e3dcc5479a,922.112459942233,2
90ab457e-8aae-4667-8d3b-d0b7d71525ff,922.112459942233,1
90ff64d0-edc7-47f2-9967-db794b577513,922.112459942233,1
91009f87-e4ab-4d6e-b965-a665e327aaf3,922.112459942233,15
911b48c5-8a8e-441f-888e-a9d955ac417b,922.112459942233,29
91773b28-78e2-4d07-ac33-134b3ce807cf,922.112459942233,268
918f9b8f-7f15-4823-9ad1-a69db1c40414,922.112459942233,38
918fcc38-c7bd-48f1-8124-20c1fa2165ab,922.112459942233,0
919989b1-bd1e-4ec9-a03f-346a9098c348,922.112459942233,7
91af4d54-8d1f-4be5-8293-f906d5ed8803,922.112459942233,19
91c1aadf-77dd-4e42-a9fd-ffea2e0914da,922.112459942233,91
91f3934c-7634-4d07-bf8b-55981b60b16d,922.112459942233,22
9218315b-ee79-43eb-89be-b7f59accec2f,922.112459942233,55
924122ba-fd60-4c5b-9e6d-7a2448b1224b,922.112459942233,0
925453fd-f3d5-4dfb-b7f8-2d82da7d2b71,922.112459942233,3
92593627-9fde-4580-b229-3a324e1fb09a,922.112459942233,6
927cac17-061b-4ea9-96d6-b66f7d9fd676,922.112459942233,0
928bb917-b132-4568-9781-724d6bfd05a1,922.112459942233,0
928d10a3-7d89-4dcd-bfb8-27a70aa366e9,922.112459942233,1
933a9225-7a00-4981-a632-5ef4c7528602,922.112459942233,76
9349f4e9-9db3-473f-8039-486aaf700b0c,922.112459942233,28
9349fffa-770c-4a28-89e9-f983678b2351,922.112459942233,31
93df42b7-f51c-4635-a60a-c8266bb4a974,922.112459942233,14
94010291-e033-406f-a02d-c8fd08f813c5,922.112459942233,2
940f7f7b-9271-4c66-a3c6-1613cf5ac5b2,922.112459942233,145
94159213-98dc-4f70-93c8-785f69324964,922.112459942233,2
94191d62-233a-48ae-98e5-ebb75d2871f3,922.112459942233,3
945f92db-bf61-4c7d-8649-71163f2b8ec6,922.112459942233,32
9477a7ef-b635-41ee-a437-084a90f1064e,922.112459942233,20
949e8027-ae59-4662-afce-4632bbf2d2c4,922.112459942233,12
94aa8831-a58e-4f95-92ef-18a9436f2793,922.112459942233,17
953a42a0-1021-448d-aa2b-e2c05f978366,922.112459942233,7
9558c31a-6cef-45e7-b189-386a91eedaf7,922.112459942233,4
9563954a-5020-40d9-a647-d284fdaec5b6,922.112459942233,0
95a347c3-063f-4bbc-b7f5-ed3782a53a8f,922.112459942233,2
95ef4c1e-b21a-468e-b419-ad08333c4948,922.112459942233,109
96129884-c05f-466c-82ee-302f4fb6ef58,922.112459942233,1
96619ca3-9111-4820-a50b-9916c212a2f8,922.112459942233,41
96a0ed7c-b266-491b-9061-1d2c8c341f4e,922.112459942233,1
96b27914-aabe-4c06-81ad-78e503abbcc5,922.112459942233,32
9803ea9d-efb7-4287-a036-bae1bfbb8fa0,922.112459942233,3
986cc0d3-ce4a-4374-8b1d-3c4f85ad5349,922.112459942233,483
987672e6-1028-435f-98c9-f1014a10a159,922.112459942233,6
98953b1a-ae7e-4e50-b264-bdda6c3a4a6d,922.112459942233,437
98b960e7-6b7b-45b7-b7af-60bca40e04b9,922.112459942233,1
98df57f1-9a9e-4698-b3b5-29cd470d47de,922.112459942233,2
992b8643-4ed7-45ea-a324-9044dd90f525,922.112459942233,20
992c3389-63d6-4646-8012-12f27bbc2242,922.112459942233,88
993bef79-5711-4e94-b63b-7f39423b5591,922.112459942233,4
99431a0f-1f38-47ab-9136-445c7afae00d,922.112459942233,94
994a71e0-2c17-4e12-9308-40fb649517af,922.112459942233,1
99610949-02b9-4e83-b98e-39eb0467d6c3,922.112459942233,11
99630d8a-cbce-41d5-a4d9-15b79b31644b,922.112459942233,9
99a31d01-7fd3-4b9d-ad52-e93984195eb9,922.112459942233,1
99b7b0a2-5ca1-4205-85de-371cc4ee10a0,922.112459942233,0
99e05d15-f010-435b-8729-ef1b5e13d50a,922.112459942233,2
9a2ff4cb-b511-4c6b-af88-eadf709a7e40,922.112459942233,4
9a39e822-8e25-4c0a-a8b2-aa0cb0aa9d8f,922.112459942233,3
9a3c7777-72a2-4709-9db6-545d05bf664e,922.112459942233,205
9a4907a7-d877-46e9-96e0-ff78e937e2d6,922.112459942233,31
9a5e42e6-60ee-4882-b1bc-5a0e65f49901,922.112459942233,21
9af32822-2f54-47e1-bbc7-afb4a9b02341,922.112459942233,73
9afc4107-6d07-4a0a-8a6b-80f682db7c9e,922.112459942233,161
9b21d296-0572-4eec-863a-0b57021db331,922.112459942233,2
9bca1f99-8d6e-45a6-990e-121e563e7545,922.112459942233,25
9bccfbaf-2c46-429c-af0a-a477ac8400e6,922.112459942233,10
9bd82003-7d1c-47c5-8bfc-4e5768ae981a,922.112459942233,13
9c21c5b8-a05d-4d70-bada-1e3fab6d8446,922.112459942233,12
9c2d9e8b-302d-4de8-bc42-dca0efeb666d,922.112459942233,40
9c6018c1-2122-450d-b1a4-c4c874516fe5,922.112459942233,7
9c6d7a25-5fe6-49ee-a832-f2b400074899,922.112459942233,163
9c70fcc9-1b2e-494b-91bc-8c00f6030d2d,922.112459942233,6
9c909d1e-fa2a-47b0-8535-d9e44375f9f8,922.112459942233,107
9cc7ec77-ab80-4666-b0de-9ff0704da076,922.112459942233,12
9cd7fbfa-0a20-4805-af3c-1093cb240e22,922.112459942233,3
9cea717d-9edf-4740-a06d-41597784da46,922.112459942233,1
9d23a82c-b12f-453c-8cd9-98e560b00c05,922.112459942233,1
9d91d2fb-8f22-4556-b1ff-0e199363bf0c,922.112459942233,27
9da08534-cc1a-4b34-981e-58cd4c96f08b,922.112459942233,1
9dcbeb7d-526c-49ff-a3ec-e71398f709f1,922.112459942233,10
9e569e0c-ad92-4687-9b94-9007f3e94c07,922.112459942233,131
9eb1edba-eecf-44ab-88c8-068c7c8c231b,922.112459942233,47
9eb20993-ddfc-4db4-9aef-b27a7971419c,922.112459942233,5
9ec45f2e-36cf-4e8f-bbda-3c81f473c67c,922.112459942233,0
9ede91a9-35a7-4b0b-9781-607eb6e34ebb,922.112459942233,119
9ee6648c-4d28-4d55-9762-948376b3df70,922.112459942233,9
9f0c009b-067b-4fa6-8205-9264d7af4d5f,922.112459942233,0
9f33c095-0c1a-4351-bac4-8fe72dc16716,922.112459942233,10
9f369c6d-9509-4723-8e6c-999045e07920,922.112459942233,1
9f870ac9-260d-4cbe-9be5-d78c75581e2d,922.112459942233,57
9f9afeaf-46ac-436a-a424-39377e39edb0,922.112459942233,5
9fb30e2e-b908-4c6f-a097-e105b5fe8d36,922.112459942233,0
a01b0f17-ce52-480e-a678-8cf8a8f3be67,922.112459942233,125
a01e9a01-c7ed-4bec-b8ed-5ca6bbba7dec,922.112459942233,73
a06627e0-16cb-4004-a1d9-54efa3de86b6,922.112459942233,1
a08ae15c-72d2-4b55-9f3f-a7e8087edb55,922.112459942233,5
a0af6146-d350-4086-8809-adb8bcf1b9a0,922.112459942233,8
a0ce14a1-9cba-4f7b-a33e-86536d3743c1,922.112459942233,1
a0d89979-655b-4681-a00d-0f4e40ff9a63,922.112459942233,1
a12533fc-b088-4c4d-a0ee-f32b3af4cf38,922.112459942233,15
a17be88e-d902-4678-ab95-52872265b782,922.112459942233,0
a17fb265-045d-4a8b-8565-b072387372d3,922.112459942233,49
a255cedd-7a95-48e3-8996-04d10b4e9b47,922.112459942233,3
a2abd650-93a1-4c0e-a57e-485b7fadfa43,922.112459942233,10
a2aeab01-9a24-4622-9586-2191cafc4096,922.112459942233,3
a309cc31-1a36-440a-b5d8-67dd58aff38b,922.112459942233,3
a32a9c99-efeb-4408-bb1c-7539219b14b9,922.112459942233,5
a32f0760-1d8a-4693-bcbc-5ea4dc4bf997,922.112459942233,0
a3445e07-4334-416d-a7c0-14fdea46f388,922.112459942233,6
a3535a88-01fa-4788-963b-a39fc267ce4d,922.112459942233,16
a36bb816-5ac7-414e-9252-98c4720839dc,922.112459942233,22
a38f9c13-ce7a-47a7-bf35-e0da74c67afe,922.112459942233,1
a3cff0e1-e81b-4110-876a-6f7485494702,922.112459942233,15
a3d2f3c0-21f1-4bb3-bc79-a45b54c8c6fc,922.112459942233,0
a4afa47d-6c37-41eb-a435-b63fc499543c,922.112459942233,5
a4b242e4-c2b9-4dc9-8a22-5bd950c8be84,922.112459942233,2
a4b35d02-9433-426a-9ace-58001a01c71e,922.112459942233,1
a4b684ea-2265-4796-967d-237ea87a5d9c,922.112459942233,13
a4b70d73-1938-4f27-b1e5-973526894b10,922.112459942233,48
a4b7c16d-60a3-4397-b2c3-a41306d2491c,922.112459942233,5
a4e4f0e5-6d0e-4461-b13f-023f8ec7ac5d,922.112459942233,24
a5642436-2231-4e88-b561-fb3b574bdab6,922.112459942233,4
a59e2ccb-72ef-45d3-844c-65334964261f,922.112459942233,46
a5cf84d3-c0e7-4736-8c5c-58df1b982c14,922.112459942233,7
a5fff4ab-7094-4ccd-94c4-7653a64292dc,922.112459942233,1
a60dae60-ead7-448d-a626-3f230f7b81a5,922.112459942233,11
a6345eea-c141-42fd-9f0d-11f4210a0f20,922.112459942233,1
a64072be-8579-4df1-b836-fc38adfef609,922.112459942233,2
a69e33a3-3b50-413c-a2bb-96dd5cb28511,922.112459942233,0
a6cc4ba8-3d4b-4f6e-8588-418c11ed095e,922.112459942233,42
a71dcfe1-d070-4770-b9d2-35494658e5f6,922.112459942233,1
a730b34a-8e09-47ba-b066-20809139595e,922.112459942233,209
a751e034-d9cf-4fb3-a220-ff1da558105f,922.112459942233,10
a79e1b0d-e822-42f7-9bd4-cff07303dd85,922.112459942233,0
a7f613ea-f216-4e62-b05a-dc19bcee73dd,922.112459942233,0
a829017f-dd24-40db-92de-1e632cac34c1,922.112459942233,1
a853bafe-bdc9-4808-8ac8-7a33ea0fac21,922.112459942233,33
a8568689-da10-46a4-83fe-1c59821082d2,922.112459942233,2
a891a2e7-99ea-4ab5-bd80-35644f6e7783,922.112459942233,6
a8a3a2a0-9c94-4536-a682-a12626b2314d,922.112459942233,35
a8dcc2fe-a5fb-4386-9824-034abdfb7fd7,922.112459942233,70
a8e9f8a7-fb92-4536-ad4c-063229978f5b,922.112459942233,1
a90855bd-95f1-49d0-9f43-71333e5f4d7c,922.112459942233,12
a925f79d-53f9-4188-af61-6f6f6028e196,922.112459942233,2
a947eb7e-859a-401f-8407-9828af67fefd,922.112459942233,0
a9568c66-1430-4a80-a765-e9690a5a2030,922.112459942233,1
a9a3c693-4061-4ca6-ad29-12bc009795ae,922.112459942233,8
a9a79a2d-4fff-4e8b-8ba6-4b45943439ed,922.112459942233,330
a9a8d2a9-76f8-44fb-92f6-a5bddf0ae4eb,922.112459942233,49
a9ad27b6-a46a-49b3-bd2d-204f273d8b71,922.112459942233,3
a9cd4113-f136-403a-a347-ae8a562c51d1,922.112459942233,1
a9d543e8-e700-4071-8dcf-0c1adc66a348,922.112459942233,5
a9e91ab7-87fe-4737-9be2-a6ce486875b2,922.112459942233,3
aa1f83f5-c4eb-4286-930f-4393554f7b6f,922.112459942233,1
aa47f1e7-1631-4b03-abd9-9309de45f81a,922.112459942233,24
aa5e9ac3-4954-4db9-85d5-1a697c2ae995,922.112459942233,5
aa5eccb4-0df1-4817-b9a5-35357e334c2b,922.112459942233,3
aa643d36-5a4c-47c0-95dc-3ba49d9b6eab,922.112459942233,130
aa7ce2d8-9e3a-4c4e-bb1f-5e70aede3787,922.112459942233,9
aa945737-f8e3-45f1-82f5-960699332f86,922.112459942233,15
aaad5474-eb6b-4da6-9755-a1d2541c42bd,922.112459942233,3
aad1fb49-3a21-4093-bc51-d9907650a178,922.112459942233,178
aaef624b-dcfa-4989-b4d0-02ddde3e8e96,922.112459942233,10
ab023995-f99c-4379-b66f-61d051cd9478,922.112459942233,2
ab1b6e56-cf08-4f31-bc43-3ad56dbfdc2a,922.112459942233,11
ab3e0ce8-580c-4991-a3b1-453cd314e040,922.112459942233,3
ab46072a-c2a3-45bb-bdb7-394e4dec8a38,922.112459942233,5
ab534735-0bfe-49cb-8dae-04b0b8976fb7,922.112459942233,11
ab981417-daec-4b56-9cfa-6881e0ea0d26,922.112459942233,40
ac1a9433-7176-439d-ad04-79c17434dcfd,922.112459942233,64
ac44cf40-f248-4ef8-a6b9-a4f833c6c0e3,922.112459942233,2
ac7b7c0f-4e3b-498d-9fee-1a4085aa4692,922.112459942233,1
ac9687c2-b8e9-4903-8006-10f16439bcbb,922.112459942233,61
acbaf2a0-2443-4591-bb3e-5c340de0d930,922.112459942233,1
ace88fec-60db-479a-aa58-805006fdec80,922.112459942233,1
ada321e7-a5a9-4fdc-8430-ff1934bbdd25,922.112459942233,13
ae3164e6-ca07-4c44-b927-ea2e4a1c20fe,922.112459942233,1
ae4793ac-2c37-472f-9bf4-78de5c5ec953,922.112459942233,1
ae4d0b0d-ba15-4230-b361-607335fea41e,922.112459942233,7
aea86733-96a0-4dd2-bf4b-cf9992a08753,922.112459942233,5
aeaf1f62-95db-42fd-959d-30c8dfd3327d,922.112459942233,4
aee0e833-1047-4ea0-865a-66bd2de01d5c,922.112459942233,3
af03760b-3190-4310-a128-9c732fc042b6,922.112459942233,0
af2c0be0-4af1-4461-8fbc-a818b70c663f,922.112459942233,4
af4f97a5-90a8-4ebf-8420-d7766ad093ea,922.112459942233,121
af5df34f-6723-4f02-b009-275190f626a1,922.112459942233,0
afa4d533-e700-455e-b5a4-b3a7f095ef86,922.112459942233,1
afad9243-3393-41ef-9773-cea02d491e65,922.112459942233,197
afee45f6-fa22-46bb-ac98-885174c733a1,922.112459942233,5
afefedf3-1ea4-4962-8aaf-58ea777e3cab,922.112459942233,1
b0155ac9-0f81-4eeb-aa5b-93df87795425,922.112459942233,17
b02c1234-324c-4a48-8fd0-55dbdc4f4358,922.112459942233,4
b0847d5b-c1dd-41cc-8302-b451c8674c0e,922.112459942233,129
b087d9ae-ce5a-4d8e-94ce-df6e107ccbba,922.112459942233,1
b0a6f5ab-2cac-4930-9c86-43c2d6c8a450,922.112459942233,36
b0bb0bd1-1e10-485d-80e1-54370b7ef21a,922.112459942233,45
b0f01ec6-3cc6-4c67-a086-a378b5eeb030,922.112459942233,75
b10029fa-3d16-4b3d-935d-4d683a395411,922.112459942233,4
b106d766-7b53-444a-80b0-1e9b4f64f372,922.112459942233,1
b13d589c-8017-4481-81b1-b99bf935b949,922.112459942233,1
b158e1c0-6be9-40ce-9a92-9976bc14b678,922.112459942233,182
b15fd43e-8e0c-4777-94a7-387f46aa9d1e,922.112459942233,1
b19f8f12-e20e-4ae3-8bdc-58aea39573be,922.112459942233,13
b1ae9536-c6e4-4b88-a852-1561341c092c,922.112459942233,6
b1c555ab-c2c6-4411-9988-d2c4e4cdd4b9,922.112459942233,6
b1d6f305-ddff-4a75-ae4b-7bdfcf082eab,922.112459942233,1
b20a16b2-6d9f-4c94-87cc-6bbecebe504e,922.112459942233,16
b28a8569-1c87-4cad-830c-731ea7bbf89c,922.112459942233,47
b299583e-f9eb-4e46-9c25-e9183afe14ce,922.112459942233,24
b2bd0e4e-8820-4f9a-bf68-6177199ad929,922.112459942233,31
b32633bc-d0ff-4555-87c7-574c98a9fcf5,922.112459942233,21
b3283bec-82ec-4e37-aa70-3b61bd72cd26,922.112459942233,49
b3450ac4-71b6-42c0-88de-b65f01322937,922.112459942233,54
b370d9d4-1637-43f2-a7f5-4113a47484c7,922.112459942233,1
b3d47127-6467-40ff-8fb0-a4985673b944,922.112459942233,3
b40d8b0f-0e7a-441c-aeef-64bafb523797,922.112459942233,3
b424b1e5-b549-4e9c-af55-118925afc5da,922.112459942233,84
b4a6af04-57ab-4c65-8525-699e249c50b6,922.112459942233,70
b4bbc54e-90bf-4fbf-ba9d-fd094bdf4aac,922.112459942233,6
b4ea9723-0d13-45fa-ae7f-3799d009bcfa,922.112459942233,185
b52575ea-b8bb-44f0-8b79-12e60a81eac8,922.112459942233,153
b5293a45-7a59-46e0-97fd-af3ecd159537,922.112459942233,5
b5546b1a-eb0c-42d7-84d9-ee612170cc2c,922.112459942233,10
b582a8d0-2823-489b-ab80-12bbdf42a06f,922.112459942233,141
b5a0770a-64e2-4344-acc0-723290d00e55,922.112459942233,55
b621a18b-9320-4bf9-8d70-83a61ae9dd52,922.112459942233,1
b64b69ab-d3e9-4471-834e-5811bbd63eee,922.112459942233,63
b694739a-6362-436d-a3a0-08977b39afb2,922.112459942233,1
b69db98a-fbbb-48a9-a0fe-364ea9a785ec,922.112459942233,1
b6a5ea9f-ce29-4f5a-92ee-ef8833d56aac,922.112459942233,0
b6e614a8-5b51-4035-b641-ec83f8f88fc4,922.112459942233,20
b72a70f4-db8b-4d49-b129-0ca70d985b65,922.112459942233,12
b7481f6e-72ca-4cd7-b0b5-45ef13e6e65d,922.112459942233,5
b759073d-b99f-4422-81fd-78520fe00a46,922.112459942233,12
b76065e6-8d9c-4fd0-b02e-7cd346e2fc84,922.112459942233,3
b76c3795-90bf-4470-a6ff-8005d2810fc9,922.112459942233,38
b786955a-b26b-4813-b157-004eb155beef,922.112459942233,10
b7a4bd03-8107-4852-b343-f464e380ef4f,922.112459942233,70
b7c85522-7dee-4852-8dec-1b6e98ed0f7d,922.112459942233,60
b7fc7ffa-2c03-4656-a438-b9b68032f7c1,922.112459942233,4
b814b8ab-a3cb-4d10-bbc3-817967c02c08,922.112459942233,2
b882e19c-917f-443d-9f0b-028df2e85066,922.112459942233,10
b88f7acf-5c33-4549-ae11-2f0b3ded6b43,922.112459942233,17
b892aeb9-c839-42ae-b627-b77f9396561b,922.112459942233,54
b8cddf45-cde1-4bc5-9096-45d661c0d76a,922.112459942233,5
b948ea66-2a7f-4017-b66f-530651d2b3fe,922.112459942233,4
b97920de-ca78-4430-a135-03c5d92f1694,922.112459942233,2
b9d0832d-31e7-4031-b548-b060947cde94,922.112459942233,290
b9ee9c52-94b0-497a-a105-79c2f3285cfc,922.112459942233,8
ba115786-63fa-4a4b-8aac-ed4f6ab4c777,922.112459942233,31
ba15a5e2-0c10-4e61-8004-da0126bc8acc,922.112459942233,5
ba23344e-63b2-4ca2-9461-fb5bc0341409,922.112459942233,6
baaf9565-3cc5-4a82-88f4-8f59106c32d2,922.112459942233,1
bac46d3a-5186-42f7-8668-9ed8931d3148,922.112459942233,139
bafbf37c-3d5f-40be-84c7-42eeb703f287,922.112459942233,107
bb0f62a9-f65d-4ea4-a077-23905173258d,922.112459942233,6
bb19b7d3-b47f-4442-b8d5-b2986e1e98bb,922.112459942233,1
bb1a4fcc-630e-4c66-b071-e379c8cb345f,922.112459942233,46
bb1ab728-1590-4340-b2a1-57f28fb9ab66,922.112459942233,11
bb1c2d7b-5511-4034-b290-fdecf2133297,922.112459942233,9
bb32db83-b2c4-4174-afdc-1de6175ed928,922.112459942233,61
bb36ec70-a376-42d2-8d68-909d666a289d,922.112459942233,0
bb416824-f8fc-4640-bbe3-6a686342801f,922.112459942233,82
bb9228ac-360e-4002-9577-a7bd36371364,922.112459942233,15
bb98ea93-5558-4839-bf50-6a39a63ef914,922.112459942233,114
bbcba753-7457-4279-89e8-e40d10822a47,922.112459942233,6
bbde3998-cb85-4999-9c87-556af25c9368,922.112459942233,3
bbf24778-b8a3-44d1-af0c-4f3f7557f121,922.112459942233,14
bc03692a-ab2f-4c6e-8c8e-22c07e830e0c,922.112459942233,0
bcb6a72e-c3b7-43b6-a550-6ac66d89d116,922.112459942233,308
bd0ccd8d-87a0-4aa7-8f0d-31276c9b9b23,922.112459942233,83
bd0e24ea-95c0-4ef5-831b-0fb36000838d,922.112459942233,12
bd1b0315-2fe6-4f6f-b412-b3b30deffedd,922.112459942233,1
bd27dece-c44d-4758-a134-d5a06d35cf59,922.112459942233,9
bd37c83d-63da-46ef-90a3-0555814b73d6,922.112459942233,0
bd678ac9-8c35-4862-a86e-44cb44d01214,922.112459942233,4
bd6e37fe-fbd7-4ddd-87fe-0a1edc1564f1,922.112459942233,0
be2c0a80-d297-4c6a-b77c-dae257add9b7,922.112459942233,10
be55801c-2dcc-4a53-9b30-d351a34e9e23,922.112459942233,91
be6ccf09-820d-43c9-9705-9fc381b682f7,922.112459942233,10
bea8db84-89c0-4620-8d8a-cd8bd8969485,922.112459942233,0
bebf0742-f011-45c5-868d-b6b2f45941d3,922.112459942233,2
bec6720c-56fc-4fe4-a34b-cefa123340b1,922.112459942233,135
bee51013-2979-4896-aa30-f0d0289cf3f4,922.112459942233,35
bef9264e-1e65-44ec-a56e-3127b77b121e,922.112459942233,5
bf1456aa-cc36-4371-818d-8a75abbdf788,922.112459942233,150
bf4ddaa8-1c08-4212-9c64-069af66a3d54,922.112459942233,20
bf716397-ee48-49e7-9371-3f41bcca68e0,922.112459942233,10
bf8621a7-b1e3-4332-b5cf-ff4e272a3b5a,922.112459942233,3
bfc29f49-94da-4223-8ba8-6261d0149877,922.112459942233,3
c014ffb4-5c6c-46ae-823e-e08e60600e40,922.112459942233,2
c0177658-840c-48e2-a670-fab7592c382f,922.112459942233,3
c02c3c8d-6d15-4c3c-895f-3fbb2267f471,922.112459942233,19
c03280e1-0586-460d-a1fa-245798b5e30b,922.112459942233,19
c03a54a5-b024-45a4-bc9f-7759dd5542e6,922.112459942233,65
c0680440-bec3-4f01-ae25-631ec75b0db5,922.112459942233,0
c0c968c0-9273-418f-a616-67e26ee9978f,922.112459942233,0
c0f409b4-4aea-4a4d-b8d2-af9946f70551,922.112459942233,6
c104f2ae-961d-47de-b8a7-6c44dd57b5b6,922.112459942233,12
c11a51c4-dce8-4da1-9c3a-2103bcd3ae42,922.112459942233,1
c1787e1c-ef0d-4b8f-985a-c116f3d466c4,922.112459942233,1
c18cd53e-ef78-4c68-b21e-fc4559310439,922.112459942233,6
c1aa36c7-5dc9-4c49-99fb-04fa269fbf0e,922.112459942233,16
c1c6618b-6099-4f47-b129-a368ea249f00,922.112459942233,27
c27bd13a-5a38-46e9-b6d0-f9584ebe2039,922.112459942233,13
c295a1ef-46d3-4cd1-9898-ebc993f5a6a6,922.112459942233,9
c2c87bbe-1817-4262-9035-8113ee577d05,922.112459942233,7
c2d38d88-6ef8-4b4a-9b4f-1929333395cf,922.112459942233,0
c2fbc377-664c-43a3-83ff-3e529ee1bafe,922.112459942233,1
c31f0279-dc20-4b41-ab04-7be943a8ebf4,922.112459942233,4
c33689c7-6dd8-41fd-820b-bd3a22f893a7,922.112459942233,2
c3454a19-be36-4063-9ed2-a42a4c6f10c1,922.112459942233,183
c34fb037-353b-490f-97d0-26dddf36f56c,922.112459942233,23
c3664340-73b9-4da5-9d29-3defdfae4cd2,922.112459942233,7
c39e3582-df2e-4131-898b-6a534769d434,922.112459942233,2
c3b1dea9-8979-4abe-b4af-28a95bec4fb0,922.112459942233,2
c3bbfc66-7883-47c0-ae59-f7c1efa7aaa6,922.112459942233,6
c3bc4847-7957-48d9-a82d-1c3653bbd036,922.112459942233,3
c401a1b5-d509-43e9-9eb1-c56bd9a3d5ad,922.112459942233,0
c43e605e-77b1-4589-be93-aa6dd49b2f5a,922.112459942233,7
c474d938-69d8-42fe-b009-0e46b01bb726,922.112459942233,19
c4ce2216-31e8-46db-853a-b68acfb9a7d6,922.112459942233,92
c4e1ed9e-b918-4261-bccc-6b7725b0ba67,922.112459942233,18
c50c1c9a-dba1-43f0-ae37-11ff0c971a0d,922.112459942233,0
c51c54f3-60c9-43c4-b0f8-9954fc1c4685,922.112459942233,43
c51d1137-46fe-483a-b4b8-7f7fa6703aaa,922.112459942233,0
c52fb72f-b3dc-4650-9182-b08b5ed1420a,922.112459942233,992
c54ce35f-31dc-4c8d-900b-27e68b042fc9,922.112459942233,0
c577784a-ab1c-41b8-bc22-6809b80ccc7f,922.112459942233,5
c58ccdde-0c8b-4f4d-8650-539bd65e1b6c,922.112459942233,11
c59f5c8f-1d85-407a-8456-646d0f6be4f6,922.112459942233,29
c5db6738-8b91-4d47-8ccd-e2769045eaff,922.112459942233,3
c67fa6b6-a7db-4453-8664-517d7036f781,922.112459942233,8
c682d836-2e31-4d73-bfbb-8cc32be63265,922.112459942233,5
c68f7dfe-655a-4561-bc72-0f1fb65dde06,922.112459942233,3
c6d314ac-4a9b-4338-a415-c4eee3c0b6f2,922.112459942233,1
c6e08c3e-e13f-4cb4-ae2e-55f6ad790446,922.112459942233,106
c6e76fd7-ff73-435d-9564-3b86926ddde5,922.112459942233,25
c6ee1f71-a167-4430-9913-351219bff14d,922.112459942233,1
c720e190-3416-47ec-ac4d-d979c9fc145d,922.112459942233,7
c758653c-f1c4-498a-b895-f2111fb09443,922.112459942233,1
c777b925-f661-46ef-9a6e-5f88ac5f0429,922.112459942233,4
c79eb6e5-a804-462a-b1bc-0c3354f8763b,922.112459942233,40
c7a4278b-de77-421a-ac17-43c8e8eef6ef,922.112459942233,191
c7a9f0d2-6de0-4bef-b6a6-32259005ccba,922.112459942233,6
c7ef528a-1605-4f6f-a150-9f620968d390,922.112459942233,1
c82effb8-3951-4752-b834-d42175dcae8b,922.112459942233,379
c8b34522-e5ca-40ac-a238-3e67438fd7bb,922.112459942233,4
c8b3c216-e75a-4053-9c39-9276ff6fac40,922.112459942233,0
c8be3fd8-f3fe-4fb3-8c3b-4bf1bfdf382f,922.112459942233,2
c8cc7485-7a11-44dd-8145-6665e7c2f103,922.112459942233,116
c8ef42a1-0e8b-4c17-9a20-f9273954bf34,922.112459942233,2
c90cab1a-e233-478e-b0ce-34cce7aae141,922.112459942233,25
c9379b67-77a7-4c97-9956-6f916010c5fb,922.112459942233,1
c93cb5e9-f5e2-4c27-87af-a3cd1f7a1074,922.112459942233,2
c9bfbbf9-db90-45a7-a72c-4118140038f4,922.112459942233,30
c9ed7cd1-df65-43b9-a18d-f658936b1799,922.112459942233,64
c9fc2824-86ba-4b82-aab8-618ce8caaa52,922.112459942233,219
ca082770-d307-4242-ab0d-44612c49593d,922.112459942233,38
ca254e4f-c958-4567-9786-c6b9759f4064,922.112459942233,54
ca2f06a5-1d95-40eb-a005-6cac9653f392,922.112459942233,0
ca406ad2-1e0e-4747-bb19-54d62bd791d6,922.112459942233,19
ca681e60-047a-4f59-a466-36a14c0fe34a,922.112459942233,16
ca88d19b-795c-431a-9ec8-6a7b8b58ef7e,922.112459942233,70
ca95ef2a-5129-40f4-acbc-2ced25940032,922.112459942233,102
cacbbe2e-a825-4ed3-8d84-2673af0ddac2,922.112459942233,5
cae8daf2-ffec-4df8-9d80-3bb8be37a43d,922.112459942233,16
cb886eb4-4152-4625-affd-fac59973e451,922.112459942233,1
cb9fc6b0-4278-4df7-81fa-3f6d7b11247e,922.112459942233,1
cbcbc270-227c-4708-872d-78ba75aa9e8a,922.112459942233,17
cbd06107-fbed-402d-97f4-433b881c37c1,922.112459942233,7
cbf2b8a9-c58e-4e88-bf25-bfd8f4c16452,922.112459942233,8
cc408f0d-f4a3-4607-9abc-91ba40683ed8,922.112459942233,82
ccb46a68-a3b6-4797-90dc-118131a17ca7,922.112459942233,6
cce8cd47-632f-43c8-a1bc-9848f1160bd0,922.112459942233,5
cd0a5a19-b4d1-4508-b535-5ab4136da380,922.112459942233,1
cd5e3da8-6430-4c00-b0bf-d547cc1f8ee9,922.112459942233,0
cd73c415-04af-4b30-8732-aafef8def3e5,922.112459942233,30
cd7543a5-ad94-4500-b38c-946fc9e45909,922.112459942233,5
cd868bc9-5997-44cf-87ff-219de4cd61c0,922.112459942233,1
cd947145-9446-445a-b3cc-33b6d0e84f46,922.112459942233,4
cda6c1dc-1f27-4ad7-9de0-b867ae9cf359,922.112459942233,52
cddc9365-d0ae-4b58-9ee7-8e7413edcbd1,922.112459942233,30
cded5da5-0824-46ca-99e3-01e1862ac530,922.112459942233,13
cdfe7f76-5f11-4d96-91d8-3eff41942c78,922.112459942233,11
ce0f9a00-3862-40ee-84bc-1aba65c19e15,922.112459942233,165
ce22a2c4-3f5f-4248-9d2c-286c50033925,922.112459942233,6
ce23c54e-99ee-482f-b740-70f84cfe8214,922.112459942233,25
ce41e15b-a89a-4cb3-bef5-60372ea6e1e3,922.112459942233,1
ce43584a-d042-4096-9070-e488d4092d87,922.112459942233,3
ce61fa42-2854-42d4-b20d-e9348e9d76e1,922.112459942233,292
ce6665aa-f0d5-443d-b87c-96a8024afc0f,922.112459942233,20
cf0630b0-8ccc-4f10-89dd-db54e2eab0da,922.112459942233,0
cf10ac2d-b55a-482a-9565-81ad3b96e76f,922.112459942233,16
cf317911-6a16-403b-9ea0-ad9b90d44a1a,922.112459942233,323
cf7e85e1-b341-45e8-a9ee-84117c1b303c,922.112459942233,348
cf8b906f-b2c7-47fe-928a-0c5ccbbd8c0f,922.112459942233,4
cfad7d42-7662-4c29-997f-c11ffe7d8fb1,922.112459942233,22
cfc325bb-47b1-41ed-bd90-782a95cadfd3,922.112459942233,10
cfd157cf-b220-46ef-b66d-456ba7db29a3,922.112459942233,3
cfe67daa-9f46-4ef5-916d-72ae3e89df79,922.112459942233,4
cfea5dcc-3405-4f01-aca4-5942e8e5cfbd,922.112459942233,10
d01faa36-f40c-4d81-9260-68cd532d6ffa,922.112459942233,0
d02e00fa-97f8-4658-93ab-f77321689e99,922.112459942233,5
d063b285-d7c5-4cf3-a046-afd9b11ac3be,922.112459942233,343
d0952fae-e561-4779-a96a-83a6ea2e4a4f,922.112459942233,0
d0b29e73-8bcb-4999-8f7f-53a74a1fddf1,922.112459942233,10
d0c276c5-0953-499d-a130-85f5d1279612,922.112459942233,12
d1070c6a-4075-408f-8011-26a9995f5bf6,922.112459942233,34
d11da85d-0a47-460e-bb63-288645044458,922.112459942233,3
d1241a9d-db2b-4c49-a791-d6e3717dcbc5,922.112459942233,5
d1527845-5bae-4747-b644-0854beaeeb58,922.112459942233,128
d15ffaa2-391b-4407-88ff-43589eb70712,922.112459942233,1
d1b6e0cf-e781-43c9-b542-1465b4b11cbb,922.112459942233,4
d1e6f7f4-583a-41e0-bb27-b5f3fd78ec56,922.112459942233,13
d20f8a02-6945-42ab-809d-a471bf973b8a,922.112459942233,1
d217b9b2-91f2-4f8e-922f-66a5cb51ac5f,922.112459942233,0
d27f73a2-e9af-4a5a-bd5b-89c6601046ef,922.112459942233,2
d29f80a1-584b-47ec-bd80-e114475a7722,922.112459942233,0
d2a07b61-a8f9-4572-aedc-98c832d76090,922.112459942233,4
d2d81c70-8ad3-4196-b8e1-bcdd058f53a2,922.112459942233,46
d2fe4e0b-1ea9-423c-903d-3bba29aae3eb,922.112459942233,5
d332b0d2-12db-45dd-9d6b-addd75972c2e,922.112459942233,1
d33f353f-540c-4ce3-ad3f-e0dd6340b594,922.112459942233,2
d359f331-6b9f-40ff-b658-d3d9e68a799f,922.112459942233,4
d36bf23c-a112-49a7-83c7-0d9f889312e5,922.112459942233,2
d3736c09-9006-4b2c-a1c6-8656b05a27a7,922.112459942233,11
d37bc550-dde0-470d-a19a-7e7c287a985b,922.112459942233,1
d3bd377b-1721-4930-bed0-18df50507ce6,922.112459942233,2
d3dc18d0-0e15-4a2e-9b21-b6e7ffc5d1c6,922.112459942233,1
d4dd67e7-f761-46b9-a529-338f3878d468,922.112459942233,2
d4f2fe82-f77b-439e-baff-0746db060664,922.112459942233,7
d51777b5-002d-40cf-abb3-1b4a5c6673ab,922.112459942233,0
d5278e80-eb4a-41d4-977b-d5d1ec87f0a9,922.112459942233,4
d533eb44-0629-4869-86b9-710d0b54040a,922.112459942233,3
d564a362-d968-4e94-ae37-a2d4e8b2f3c8,922.112459942233,12
d627884e-f61f-4702-ab5c-3482fa724db5,922.112459942233,127
d62818f5-c3a1-47b6-94f5-f41b607b72e0,922.112459942233,16
d68a4667-b8f6-402d-b7b6-ee2b4c0e5d13,922.112459942233,3
d6b1197e-727d-4656-91e2-385901fedb56,922.112459942233,8
d6f92668-964e-462c-93e9-25e7771a5852,922.112459942233,123
d71889e9-dc1e-4c25-9a2e-d8433fd31314,922.112459942233,8
d7a6e3cc-b344-4234-9cd3-1ae3d9772eb2,922.112459942233,47
d7b97274-6212-4b52-b9e3-0745f63ac670,922.112459942233,8
d7dc955e-a496-4347-81eb-aee46754c04d,922.112459942233,2
d7e7349c-f8c9-4ffe-9064-4b4f46b937a5,922.112459942233,6
d7f869be-d47e-4980-870d-534cde97c00b,922.112459942233,0
d82c049b-3a47-4d3d-8a17-25cb8495923f,922.112459942233,12
d858e856-5810-4a12-814b-09919af4df88,922.112459942233,4
d890caea-184e-438c-ab94-1a0880532bf8,922.112459942233,8
d8918bb7-e361-40d4-8a82-dcaba3509760,922.112459942233,6
d8a0516d-75fe-4508-8464-b7ecb3b6bdb4,922.112459942233,81
d8aa3b87-dcc7-49ae-a48d-8f5fe16a42f1,922.112459942233,5
d8c8e4bf-3036-47bf-9444-3f571f4bc318,922.112459942233,0
d92fedcd-1fa0-4791-ae46-f5a8164fd064,922.112459942233,26
d9464c76-9d2d-42af-86a1-955880d98f5a,922.112459942233,46
d94a6d45-c4ee-4bff-b4f8-c5c92a3c5533,922.112459942233,0
d94f1c09-e02a-4f1d-9a0f-ac35a459f2aa,922.112459942233,13
d9684584-95d4-4465-b340-d4391cffc385,922.112459942233,11
d9c66692-a570-4512-909f-db8aa8de202c,922.112459942233,26
d9cf4da4-e04a-4310-a968-514a00fb3458,922.112459942233,1
da15d55e-0323-4575-b266-7128063a822a,922.112459942233,16
da3842f6-d94a-4e79-b334-c15dbbddb0bf,922.112459942233,1
da3cdc78-02e2-400c-9f17-2cbe3ab73d8c,922.112459942233,53
da6e8fb4-07ff-4be9-b4eb-691720fdbe3e,922.112459942233,496
da9bbbc9-f995-413e-8825-ce1def7676e7,922.112459942233,4
dae2b6ea-186c-4d5a-a034-dfad012cff95,922.112459942233,38
daeff77a-1612-47c9-ba3b-2729b62c3885,922.112459942233,13
db178922-7271-45f5-b2c5-15d7ce9c4197,922.112459942233,20
db794b87-ac3e-4e1d-9bbf-2b0c5c426c0c,922.112459942233,10
db922b14-4466-4c74-a70b-e61c31b72055,922.112459942233,2
dba08899-9fe2-47d8-9ee1-8d32e4e7f231,922.112459942233,9
dbb7e6f0-e22a-4537-9e4a-c0548a711efd,922.112459942233,15
dbf149ad-27d3-4c19-be08-cd1835d74b88,922.112459942233,4
dc300b1e-6071-467b-9b30-f978383bb05b,922.112459942233,2
dc48fa97-9786-438d-91f9-77e6262dea42,922.112459942233,17
dc4f2586-1dfa-4451-8456-b57959d23dd1,922.112459942233,9
dc53f33d-a121-407f-9cdb-da2de83bcaa3,922.112459942233,31
dc759b92-101e-498f-8d0d-45ea84bd7ec7,922.112459942233,18
dc86c941-6aad-4a90-b4a5-9c3457ff367c,922.112459942233,4
dcf82362-2c81-4f27-ad1d-20351becde42,922.112459942233,10
dd07c211-ba13-494c-8d75-b28a5180a872,922.112459942233,0
dd5046b7-61ad-4faf-a4ca-d37f3c8bc431,922.112459942233,5
dd627d2b-e81f-4f2e-97fd-9964561bd335,922.112459942233,48
dd72b519-8321-4f75-8d68-0859746ab682,922.112459942233,3
dd90a117-9605-4145-a872-99bb1b63ba60,922.112459942233,1
de0eea21-a79e-43a4-9f83-d586cc40c61b,922.112459942233,1
de47ac90-3908-47c1-9097-fb4f70bf707d,922.112459942233,6
de55f052-155b-4cdb-a598-2e340b346054,922.112459942233,101
de578185-9e5b-4036-b7a4-d17754f425e8,922.112459942233,9
de5eed84-c96e-4fb8-bf25-33c1b7230ccd,922.112459942233,1
de864f0b-7f68-4c91-8d1f-aea32d329138,922.112459942233,6
de9ad78a-00f9-4ff5-a1dd-8e09c1432396,922.112459942233,2
deaa5069-5ba5-46c1-aa1f-dc7ed4e66c55,922.112459942233,7
ded95e4f-0262-4112-9a48-b7e7f66db4a1,922.112459942233,5
def273e3-6432-47bb-b67b-778e79fb0769,922.112459942233,2
df08af5d-fb82-4b1f-a2e3-621d845fbb6e,922.112459942233,1
df9eb5c9-9f32-4a48-8c15-11890ef13695,922.112459942233,4
dfa4b373-d4d7-41ad-ab95-182bb052f008,922.112459942233,158
dfc786c6-b563-493d-b0af-7ed1010553ea,922.112459942233,22
dfcf2d41-ca74-4e86-ba5c-d65f2160fdde,922.112459942233,1
e01afd97-0460-48be-a55e-2e8e03747585,922.112459942233,86
e0250ef7-9625-42e5-a54b-cd590aaa4907,922.112459942233,1
e042090d-3770-43db-ad23-2ef344d027b6,922.112459942233,1
e072981c-1f7d-4c25-8bd9-b810ea99b296,922.112459942233,1
e08c9876-414b-48c9-8018-7d85fec4b488,922.112459942233,5
e0d9e314-eadb-46fc-88c6-c0fb08341d2f,922.112459942233,5
e0e3e878-f641-4fcb-8cac-bc43b7ac1c36,922.112459942233,14
e0fe712c-85fc-47ec-a051-c20ad0051431,922.112459942233,29
e11a8817-30f5-417d-9ee8-e227fd20cdcb,922.112459942233,11
e14a21ac-8e44-4133-994f-bd3ffe0976a4,922.112459942233,86
e1697a88-38c3-42ff-8d2f-07cee8ce897d,922.112459942233,2
e193307f-6c18-4042-aafc-fc9d9fe635c4,922.112459942233,100
e1e40be7-1637-40ea-b278-9c6e214a6f9b,922.112459942233,5
e1f1fade-c7a2-4033-8d5c-462fc21584bc,922.112459942233,0
e2193a65-7851-42ce-b36a-6bd028a1ac78,922.112459942233,2
e26cc92d-b5c2-472f-8a8b-4007cef7b674,922.112459942233,11
e28574cd-98ba-4edb-bc03-cabd0d36ec38,922.112459942233,31
e28a92f9-b7c4-4bea-9901-41ef1536fcc7,922.112459942233,2
e2c75706-dcbf-4663-b3af-72b01447c96e,922.112459942233,22
e33e2ae2-f396-45cf-8cf6-fef5407f49fb,922.112459942233,0
e37e9fd7-73b3-44a5-9eb9-022fb6d39225,922.112459942233,2
e3ac49e1-b5b8-4e12-8cc8-71d69270473f,922.112459942233,78
e407fad9-4f76-4c12-98ea-d70d1c8d0d97,922.112459942233,189
e4130928-ec5c-4f06-acce-db082337bef8,922.112459942233,3
e43db1ae-a22e-413a-ac24-7a9dcfac3012,922.112459942233,40
e4489ad4-dd77-445a-a895-5beef2a3cb79,922.112459942233,0
e45d7045-677f-4ac7-996b-14bdf3104dbf,922.112459942233,23
e4bf4b1f-c59f-4189-9abf-e9bcc1ec527a,922.112459942233,11
e4c33903-1025-458b-99c6-f4896942082d,922.112459942233,6
e4c49e0f-f4d1-4f62-af79-eebcba04fa93,922.112459942233,1
e4fb9943-3bbd-4336-9ccd-7d65a9285c08,922.112459942233,5
e516a699-9b75-42f4-b327-f89346aee942,922.112459942233,1
e53b103a-1b35-40c1-80b9-f92026187477,922.112459942233,0
e56efbd3-3d43-4021-9a89-189b9ef4aafc,922.112459942233,4
e579361a-1a92-4c02-b864-c84cc2c09e1a,922.112459942233,50
e5d834db-e02e-498e-aa7c-7a9dc8d35d2c,922.112459942233,1
e5f3bb32-3724-4a45-b6e6-cda7e92b1853,922.112459942233,20
e60bd944-99b9-4c72-915a-fe6b564b92d9,922.112459942233,17
e617ba66-d354-4550-a289-20b9039c697a,922.112459942233,5
e63a73e2-cc83-42b7-8de4-4750598419e3,922.112459942233,0
e64aa9d4-7543-4420-a5e3-a769a9454497,922.112459942233,1
e651bd42-bad4-42ce-a402-a3907f98b9df,922.112459942233,2
e6673159-8673-4039-8e5e-8d20183c0afb,922.112459942233,184
e669a76a-bbb9-4098-b44b-5247a447dc3b,922.112459942233,1
e68259d4-3d89-4666-ae75-7b853927a54f,922.112459942233,793
e6d1fdc6-23ce-4f67-adeb-794d68ab6e6a,922.112459942233,64
e6dd2f10-61dc-4385-ba35-b7f4831b55f7,922.112459942233,0
e7048962-cd81-44f3-907e-519446e5acb5,922.112459942233,1
e7269c3b-c7e6-43a8-be90-a7901c991bb9,922.112459942233,123
e733127e-284a-4958-b5d2-0d4e95fa41b2,922.112459942233,8
e7407187-d6aa-4a70-90b3-ac9f99589651,922.112459942233,11
e768089a-12e2-45fb-8d81-dffaf17633ca,922.112459942233,4
e8221b60-bde3-4396-baa1-f144dab5af78,922.112459942233,104
e840623b-b599-4ca5-97d5-2287c68dc7b4,922.112459942233,1
e87d172b-1995-4277-a710-9c858f59b0ca,922.112459942233,6
e8bbdb17-4f69-4732-b03a-c15312d2977c,922.112459942233,12
e8d6e459-60ed-4333-9732-a40550fb2f25,922.112459942233,1
e902c06c-4c9b-4583-a5bb-bb5404005592,922.112459942233,115
e91dcc7c-20ec-4d44-8290-a67a6cc557c1,922.112459942233,164
e95380f9-63ef-4bc3-a589-086b1bf0eece,922.112459942233,81
e9886ea4-34e9-4fd5-a373-bb215f7396da,922.112459942233,1
e9b4eb00-ac83-42c2-847a-66bf76198c48,922.112459942233,0
e9e7f59b-d284-452f-87b8-d86fe9248b48,922.112459942233,9
ea4c1cc0-e7b4-487d-a3c5-425dcdbc8551,922.112459942233,1
ea5e6c71-7e1c-4632-b4f7-13f0be2181d4,922.112459942233,25
eac4d2aa-75a5-489b-8143-2657e46f6d82,922.112459942233,1
eace7cac-69a7-48ee-85e2-8e7555bfdf9d,922.112459942233,7
eaf83a24-7199-42a1-b5c1-9f648b8f2c58,922.112459942233,1
eb1d7ed7-ebd7-4dca-a9da-fafeaf5207bc,922.112459942233,2
eb54395b-ddd6-49f8-a58b-0f8c1789819c,922.112459942233,8
eb80c47d-806a-4e9d-9ac2-de0a31ae16ad,922.112459942233,11
ebb5ab5e-a428-4b50-99e3-c5a5674383f0,922.112459942233,1
ebf22680-cf48-48e1-81f8-4af61d474ea1,922.112459942233,1
ec4bb814-b931-4f88-96f7-443a745fb697,922.112459942233,3
ec51ed3e-9c6f-4062-823e-1d9e428a625c,922.112459942233,1
ec5202a6-14ae-47d3-885c-4ba731d10d0f,922.112459942233,22
ec666d2f-3182-461a-a8d0-8e23ac8099fc,922.112459942233,28
ec7d0650-7948-4628-a0c3-a0b27b7091ad,922.112459942233,13
ec84834e-95d0-4f7d-ad27-f9bb80d4778b,922.112459942233,1
ecdc4718-0c9c-4b31-92d8-fe1cf2d966b9,922.112459942233,20
eceafadf-e517-4d4f-a807-5dd668b6661c,922.112459942233,2
ecfb4335-f033-4dde-b793-4716936bef8b,922.112459942233,98
ed298ef3-a3e4-4d50-8b48-57f9b745e335,922.112459942233,99
eda36d2a-3550-4499-96be-2f3604a58049,922.112459942233,39
edc875d5-6b6c-4a37-bf2e-0aaaac396701,922.112459942233,207
ede5c3fa-baea-488b-88a8-b14faa3b2569,922.112459942233,25
ee6ba3f8-78d3-4bbe-bf07-4824b6a0632c,922.112459942233,2
ee8e68f3-2ed6-4e23-864c-63814a9c4a5e,922.112459942233,194
ee9091d6-5868-413c-a28f-bfdd8f37583e,922.112459942233,3
eeae9e4d-d61d-4aa0-9876-55a8787963ac,922.112459942233,8
eebbd49f-52aa-4b56-ab94-fedadb393ba2,922.112459942233,1
ef0d361d-e2ab-4a8f-87cc-bd59d6adbe41,922.112459942233,1
ef182486-270b-4465-8dde-7c24cc400e10,922.112459942233,3
ef1a209b-87c3-44f5-9307-e4d034374efa,922.112459942233,11
ef5b5c37-a4fc-4222-bbe2-50c4e40fd997,922.112459942233,81
ef872791-68bd-443e-8ea7-54987bedfbbc,922.112459942233,2
efb1074c-2789-461c-9b29-5dad22727fbe,922.112459942233,1
efc1187f-3eda-4b57-9555-3a64eda52bf3,922.112459942233,2
efc4b288-a524-4805-af44-efa3c7783fb1,922.112459942233,5
f00500d2-2157-4efe-991c-269639daeb68,922.112459942233,0
f00cab8d-1c96-4e8e-9c52-f7ca96b4b321,922.112459942233,26
f02b0d58-17a4-480f-8b5d-d18d1f5dd527,922.112459942233,17
f04eeeea-7b30-4aca-88f8-2bf94c1e6e9a,922.112459942233,26
f05c5e01-0b8d-414c-961e-e229c47dc942,922.112459942233,4
f072ee1b-dfec-4073-940b-0264dbe408de,922.112459942233,1
f0a02c0b-7b5e-4232-b8c3-ba484682d09a,922.112459942233,1
f0af7e87-2a98-45b8-b70b-9ee6320b44ee,922.112459942233,1
f0c00992-02c4-4b1c-97a9-f0fb021ab326,922.112459942233,2
f108bd77-e084-4e83-92f9-1ec07f781d93,922.112459942233,4
f1ddd929-9d12-48a7-aa62-972fd5386fdf,922.112459942233,2
f1e63202-a60d-40a4-b4c4-8fc9942f07ad,922.112459942233,114
f26434d5-e557-4cc8-a0e6-c7ab3d04e09b,922.112459942233,11
f27f1125-9635-44cb-8066-5f005304c717,922.112459942233,10
f2b837da-77a1-4750-9271-1892c89e2e75,922.112459942233,10
f2e0ce55-198f-4e7e-b2b4-a704b2b469be,922.112459942233,87
f2edee9a-18ca-4ccb-9e7f-ca277448fb63,922.112459942233,0
f2f73b14-bdf5-4302-bd3a-acf646ac5d9b,922.112459942233,16
f3361d68-7c04-484e-9e4d-ed4cc61e6308,922.112459942233,3
f39b1da2-7633-4d8f-99b4-6ffd1e0f0d23,922.112459942233,86
f3a268f2-1788-47da-bc79-2680a1721254,922.112459942233,34
f3a350ff-39f7-4b7e-8496-94470f4ef2fd,922.112459942233,1
f3b847fe-cef8-4b6f-836a-cee46e96d46a,922.112459942233,9
f3bda62c-3a6e-41de-bcf5-e330325be22f,922.112459942233,12
f3da481c-cb28-42f9-96b6-759bb5e6e65f,922.112459942233,42
f3f9a7ed-2718-46af-97a9-e0459520ea0a,922.112459942233,9
f420634e-7049-4565-a2fb-1967a9831848,922.112459942233,0
f4410d25-74e1-4e78-bdb8-f936f4610029,922.112459942233,1
f45c7bc9-10ca-43ec-9503-3d238aee7018,922.112459942233,2
f46b7c0a-f576-469f-97c1-3cd681a72861,922.112459942233,0
f498e112-be07-470f-bf91-4a96ec872061,922.112459942233,1
f4e13662-c29f-4143-b2fa-d195f20f041d,922.112459942233,24
f536f560-3f2e-4b8b-aaa1-87b63ea0bede,922.112459942233,3
f561671a-c115-4b79-9fec-df015b17e038,922.112459942233,11
f56cccc5-fe3f-494d-8d80-d949e1f2c0e5,922.112459942233,0
f5c3b521-d12b-4de5-8c61-40a75418c65d,922.112459942233,9
f5c987fc-fbea-488c-8335-02dd53f66d45,922.112459942233,81
f608acbe-ccef-4161-b46a-5a6f6a46a3f3,922.112459942233,34
f60b2cba-41ab-44bf-8500-9c2a52d2e8ac,922.112459942233,3
f6294127-af5b-4e91-8195-e00765056e0f,922.112459942233,2
f64e033a-8407-4365-9b37-a4e67f9133f8,922.112459942233,3
f68868f3-fdc9-477b-83f9-97355048f38b,922.112459942233,13
f68f9e5d-2243-4dcd-9640-f5a25cd2acc1,922.112459942233,48
f6acc3cc-0345-4f0c-b6e2-a7e9e6e3c7dd,922.112459942233,9
f6bb9e04-3056-4f9b-8ccc-20a635a3c555,922.112459942233,1
f6ff8dca-98a4-42f6-a1c7-6000d08d4536,922.112459942233,9
f731145b-54e7-406c-a429-050f77b2a1d6,922.112459942233,2
f7be3055-ee11-43c4-b561-dd8971bf8271,922.112459942233,62
f82067cf-3da5-4398-92c3-9594edc15fcc,922.112459942233,1
f836d233-9c36-43c5-b9a0-fb09a4d0058d,922.112459942233,2
f8840d80-e357-48ae-89b8-a2b32cd5221f,922.112459942233,5
f88d9780-6ab9-4354-bee0-aa0e5308c9bf,922.112459942233,1
f8af3621-587d-4ec7-96f4-25717b198dfd,922.112459942233,1
f8b53480-3dd5-4961-84a6-4e1967f5aa81,922.112459942233,3
f8b5c3c6-8c29-4dba-86da-abb193814fce,922.112459942233,1
f8d62abf-8c86-47e4-bc88-923305df2216,922.112459942233,2
f94a59a8-82f0-48bb-a947-c9952edcd197,922.112459942233,3
f98dbe33-cec2-41da-a398-7cea13ed2b5e,922.112459942233,2
f9c499cf-c6c7-48f4-9dbe-1a1e6c20205c,922.112459942233,3
fa35ec63-d115-4696-9106-dc574940b6c2,922.112459942233,3
fa3e0ee8-a313-4427-bd13-a5d5ec35c6ad,922.112459942233,2
fa444d42-a183-471d-a651-389657a89527,922.112459942233,2
fa65bee4-bd82-41a3-a1ce-5dbaa836daa4,922.112459942233,95
fa67e1f3-c5be-46c9-925e-84c709820d9b,922.112459942233,1
fa992170-37d4-4c84-90bd-6d2b2eac5618,922.112459942233,24
fab2cb04-e2f1-4b6b-8252-bff3a6884adf,922.112459942233,131
faf46096-5f3c-4419-befb-7365c881d2d6,922.112459942233,1
fb1c1c91-7845-4816-a675-6479afc6a475,922.112459942233,8
fb31080e-efd7-49c0-89df-682e09cc8641,922.112459942233,4
fb3e3d1e-3e12-48ea-ba61-ce8aaec0b231,922.112459942233,252
fb5d27a7-c028-40dd-901f-b246cbedafbe,922.112459942233,5
fbbdd71a-1904-4c5a-aa59-f9ccd12900a3,922.112459942233,1
fbc1bb27-c248-4e71-81d4-9c281987946a,922.112459942233,3
fbc705f9-bbee-4aa2-b74c-4ab8a4290af0,922.112459942233,72
fbd9b6fd-0b1a-436c-822e-7c4dd4fe0c70,922.112459942233,1
fcbb3e3a-e147-4a13-9f24-80e33f3ae194,922.112459942233,49
fcbbd137-fce7-4fb1-a6a9-e3133ed3a45a,922.112459942233,2
fcc8b9ed-4ccc-4826-8f68-455c83fd9383,922.112459942233,21
fcfde021-715d-4977-9bc5-9131e5394d05,922.112459942233,0
fd092ec0-4513-48fc-a84a-31ae96e92fd9,922.112459942233,30
fd3c38b9-7325-4bbc-b86d-f1d55f1b3de4,922.112459942233,10
fe348fe6-a2f7-4f3f-b932-c10ad0b5692e,922.112459942233,11
fe58b66c-64db-44fd-b8cb-8966aeac3bd3,922.112459942233,65
fe59fd95-d131-4d50-bb6e-10cdfa7d5f47,922.112459942233,84
fec72337-de7d-4f97-adba-38de8583974a,922.112459942233,1
fecbdf63-3bf4-44e5-8b1a-0acc9d963603,922.112459942233,13
ff1ceaef-650c-422b-bdc3-6984e29e7aa5,922.112459942233,15
ff4909ad-4e52-4767-a6fc-0fbd76e37857,922.112459942233,1
381a777d-bf75-4ed7-a6b0-4bb4955542b3,656.557679849677,0
7d663dce-f913-4ab9-8a12-07eebe52eb7a,655.608362719882,82
12dcbdb6-7dbe-4dd8-9faf-260169acc073,655.578084942419,12
c98be7f4-bccf-44bb-a84b-898fe3be8378,654.631047905423,0
9181e533-9530-4fd7-b963-176f67ffa8b9,654.620365034789,36
51a9ae67-fb8c-4157-993e-a9892776c47d,654.61991364602,26
c2c13450-1004-4325-9bab-b3801c1ed890,654.608721516095,0
688953cb-0ca5-466a-8c13-bf799838fc12,654.605434479192,2
6e1c35c4-6e6e-4959-90a9-bd9667c0c853,654.570469201542,97
17edd295-68dc-48f5-a1bb-d39ecf73737a,654.561499293894,36
c5e5ef5f-a8e2-4e95-91bd-a07dfa347672,651.62476318283,25
8279410a-1a1e-4a41-8304-0d1f1eab8e6c,651.556325682905,2
df695821-6cd6-457e-91b3-33f988c736bc,650.611464571673,86
032a9f21-2dc3-4edd-a757-21d8ba63ce66,649.627355775796,46
1d0ed002-9a9c-4ed2-8b50-8e07c25dc70b,649.62100160867,88
1225ebc2-a0ac-4e1e-8415-5318e159393d,649.601973831188,26
66fb1279-0882-4c4a-bc0d-b7c192087012,649.60153401643,136
3f997349-2bca-4a3e-a010-199d3ef9922c,649.596858090255,1
7d9f9a78-f2ee-490a-9f36-dde47f131fa9,649.572564108763,140
7bf269aa-5131-490f-9f05-0fc43b5c50ab,649.562899757177,164
2d5e52c9-1a65-4d31-9ba0-c441b3ad9824,648.627946053166,33
b3ff004d-46ea-4d64-97fe-80a46280dbda,648.626603460871,73
034bc7eb-fe02-4931-8d3e-f3f93a138fdb,648.612494664267,10
76e75cf1-e418-4abd-8886-e4ab807f2530,648.609277071897,3
7dbf5fa4-f3e2-4aa6-9d73-2a4c824c3c6e,648.598385868128,2
95e24588-1cc1-4409-bd95-af0341ddddfa,648.582934479229,34
dd376354-0fa7-447e-9b96-bb49e0c961b1,648.570017812774,10
3c5e8fac-6aad-47d5-8c1a-a2fd572b1777,648.566244664602,38
790b68b8-2042-4344-a11c-fc784076670a,647.625376608688,9
ca61481f-6259-4e96-bd5d-a5bca1637f8d,647.62396457186,29
2f6cfdf9-b522-4217-9b87-c271bad72884,647.623270127457,5
b88a268a-60ae-4b37-8cf5-4f052910dd26,647.622216886841,8
f94d6d89-6d68-4f07-8568-20e1aefa0713,647.587020127568,13
4b83e7a0-42e8-4d3d-9bbc-8be85a6c6071,647.574821053538,1
e7667cd1-b997-468c-b6bf-0debfe406b01,646.955330312718,3
12c97f0a-2f1b-4b41-95c6-34510f4f236c,644.599867349491,71
1e72f6e5-e58f-4c12-ae74-f790dae98ec8,644.582876608707,7
636c7b2c-9f54-42dc-8417-f03ee4de1fbf,643.630758553278,69
82ddd7e2-6df6-4d5a-895f-53ea7d4afcfa,643.609149756841,10
8bd4edd4-5b03-4eb1-a513-aab4a716f033,642.60070068296,13
3458efb0-0a7e-490f-8856-c29f9050d938,642.597957627382,115
f94df1d1-c54b-40a3-be37-a84ec56ca133,642.149057164323,4
d60c51f6-5740-45e2-9e7f-0a9f87c02403,642.125284016132,147
c934a164-436f-4b4e-a718-780715e6bf18,642.125226146076,159
2cf478c5-6c30-4f50-9a1f-3dfbbfac8974,642.122922905255,14
93b20cd0-a328-4e3e-a810-0a169bc2a21d,642.122818738688,14
a75a2cd2-b69b-49d6-86d2-4a401dea658a,641.630040960852,150
1faf35ab-c032-4277-9ce5-885a356ebc4b,641.629554849584,1
c9e02926-d696-462e-8093-c364fd72e050,641.629496979062,6
65fdd97e-f491-42db-8693-288d2557d5a4,641.629462257028,0
a0f8150f-130b-4bb5-beb6-69df7ff1d56f,641.615781701636,8
2c308ef2-7525-4447-9f7e-a5d397579337,641.598212257028,280
bf7547a8-cb7f-4cc3-8b95-2a8ba3cbba1d,641.566244664602,44
239b3744-1c21-4dd7-a0be-2db70cc2c563,640.630631238688,418
4736fd76-97b4-4973-8e7f-1f873da659fe,640.621649757028,1
1b5952f4-dd78-4001-a6fc-93ce6d2fe448,640.585017812438,22
18d640c2-0771-4a3e-8e19-1a4762e48d03,640.569635868073,1
03a59296-ca4e-4521-b7a1-4c6b8a604c17,640.566962257028,0
fab68e0d-1165-49de-b432-306d67a9f4e4,640.565341886599,5
b5d04277-3745-40b5-84a2-7e20cbc7d8ba,637.624080312438,732
7c1a0e8f-c9df-4132-919e-5f597e80c6d4,636.631696053315,23
4600381d-5186-494b-90d3-9c8c0539244d,635.624902071897,18
b0fd5c58-2bf4-4ad1-9c40-fa605d59ae52,635.624612720218,21
15a2e60e-1eb6-4979-919d-f968a50d67d0,635.607240034733,43
f6beb626-728b-40ba-80f2-4b6230205427,634.605365034658,7
ccb439ef-20ac-4c3e-a6e8-b5439d5e2a11,634.564774757251,121
ea360895-e533-4792-b44e-1e7a1eef2a69,634.564508553129,11
1166ddb4-b496-4d14-9121-2d913f411233,629.611996979453,24
97353bcc-c1c1-4919-b1d1-b4b32018d7ad,629.607205312699,4
d62b31ff-9f4f-47c4-b003-0669feb4c4b1,629.605851145927,3
04868bca-454e-4f72-aef5-df2f95fe1577,629.587101146113,31
606e20f3-f586-4a5a-8bd8-bfd860d82482,629.586753923912,19
ec6026ac-c330-4d27-b449-473518a25951,629.585897442419,11
b87a3854-2218-4570-91ff-3b200ea19094,629.58523772005,22
071cc35f-ea3f-4a76-bc08-220e50b0df4d,629.579323368147,1
a16283a0-aa77-4da5-92aa-446a39c3dc51,628.612147442065,2
ca6c5b2d-394d-42d4-af6f-3b125958c91f,628.611904386897,63
16629e3c-e7b6-4cc2-9cb9-a30d46b9fdbd,628.611071053427,24
1087240e-3b9c-4314-817c-40f361de8df0,628.584103460889,2
ac7f8886-32eb-4510-9605-0c12ce2a3cb8,628.565330312587,0
e3895efb-ad8d-49d4-be45-ec4761da836e,627.977749294136,2
359809b9-1ca7-45d2-b73c-a849c97226b0,627.625758553389,24
520ec5df-4362-4dc5-8652-908676138114,627.614392812829,2228
05f22241-6fc0-4d28-ac38-c01e6350b0c7,627.583767812699,4
833f5484-64ad-44ef-9ba8-ec5cb4cd4e99,627.566105775535,7
0864d822-5ecc-40fc-a727-bc22386442e1,626.626175220124,93
6e03391b-8b40-40e5-8853-634d2c268983,626.618814108893,7
edd2e66d-e37f-4628-bc2d-e5f58164a62a,626.604358090553,5
6a4348a4-1f14-4346-a662-231146ec4241,626.562402071897,209
c1044d7a-5e66-4dc1-bece-48bea642fa60,626.559427534696,44
836281fd-719b-4102-9bd0-04ea21c8b742,623.592656701338,5
014491f5-caa3-4122-be69-a31411ad4bd7,623.591788645834,7
9c30a71d-10a2-479f-b1cf-76dd15ed18b7,623.571325683035,62
cca90391-d13b-4a86-b7a3-b80012c800bb,623.320631238632,0
3ba9c0dc-3c31-4818-923b-e8f594a1f757,622.625156701542,1
da57576e-03fa-48f0-a384-3d89b2d3615b,622.625156701542,8
712cb0ba-c460-43f6-b57a-a2e4a0440c8c,622.624045590404,6
aaa8e1f1-f3c5-4796-b424-708b6b792fce,622.60345531255,78
03f9edbb-7420-4f36-9a24-894de6aa5678,622.599196053576,356
ed18130c-a356-402e-be63-15948e0e4108,622.593895127531,23
95e18d20-cf55-4840-a395-836e4d404bf7,622.580619664397,2
4629b996-2c28-45ef-939c-1c8d729a2f2b,621.621383553371,21
85545400-ea0a-4f32-8b50-4e0833050b6c,621.586117349565,106
46c6592c-ca74-4640-97a6-0bf72f4dbc63,621.583200682886,26
3debc9a9-bc63-4812-bad0-5939fa5fc042,621.572726145852,3
4c44389e-78db-4fbf-b21d-9d8a714388d2,621.571603460703,1
bdf81f9f-b1f4-49b2-955c-34300d865308,621.387946053408,5
11045176-38f2-44d8-9f50-1a2b0d63f10e,620.630665960722,71
3b0b8bae-e589-402f-883f-0062de137fd8,620.626337257214,4
c47e1e78-bb9a-421f-9b1e-f6d7b8cc753f,620.622702997644,35
99efcf8e-7c8d-44de-b34c-c6b15ceb23ad,620.606302534696,2
04a6cf69-48dd-48da-b799-f9c1d70570bb,620.606001609005,51
1338dec5-9d5d-412f-a67e-fe5f82250480,620.57387197949,5
d091d154-02ee-4bf3-b60b-c949dacf3ff9,619.629334942438,1
252a0923-3f79-45bb-b664-3040235c6c58,619.628663646057,538
66bb7bfc-ce6d-4c63-8f64-ba384b29d8a2,619.622957627289,11
c4c318f5-16b8-4c4f-b830-56d6e79f458e,616.627089571673,144
1b2fe4ad-e5e2-492c-805f-1f38f1111556,616.619751608931,10
cdaeeef6-c018-44f2-8dd5-99644f1ff97d,616.607471516356,128
1e411fd5-ec68-4ba3-b9bb-578dc9df196b,616.588871979155,40
12309bac-c268-4a7d-bbf7-bd72fd26c20a,615.630978460889,16
b0aeb644-e0db-4a22-8f4a-90ec58756d57,615.625307164621,24
c988aa31-b5cf-4fd5-bc73-158c0d9588fd,615.605388183147,1
0e6682e2-2cd9-419f-8173-c4431bc5054d,615.596927534789,17
8b782e5d-f104-4e58-8254-fc24551708d5,615.585689108819,7
1202ad32-94fb-4dca-abb2-eb7505ae0e15,614.576325682923,15
e762c8e7-e90c-4bd7-8827-9a5b4edf41d7,614.565202997997,18
7a8384bb-783c-4e81-a095-a2bc089583c5,613.564589571673,0
0ecb18ce-2b5e-4bc5-8baf-a6e1f72b13d3,613.564520127606,0
6582b314-afdb-47ef-88ff-a8d5c28fd4a7,613.559948367998,506
8ad464d3-551c-4af1-beec-c5e19061e127,613.555341886822,248
67e7bafb-7fb8-491e-97fc-d83cc8c6b8b4,613.505422905087,16
7163ce76-587a-4045-aa6a-cbf9ee98f6f6,612.628165960778,253
7cc478ea-7a53-4395-a474-02aa94843ac8,612.612830312457,4
ed034cb1-ea7e-4e22-9221-dd069037a701,612.591314109042,212
e249131c-0c43-4045-bcf5-17ea417c1880,612.574913646095,72
2d7f6b3f-9366-44c1-9663-beb5f7e1254e,612.559740034863,3737
2d228697-7f11-4a40-a7a8-16ee5e1bc1a9,611.229948368389,551
6d1fa358-39c4-4973-b6a7-83fa2ec2a62c,609.615816423669,180
debcc5f0-23ae-40c8-b4f1-5a3f2235b476,609.609265497886,21
4ca985b9-8d29-4fc5-abee-ea3bb3c37519,608.626777071971,128
a95ecc27-5787-4e6c-b598-299b3e5db499,608.583281701431,19
5c8e3521-7936-4fc6-b650-5e673fa375e1,608.572714571841,126
eaea21fd-e452-4a4a-991f-5818e9b2a933,607.631140497979,73
1a615e4b-3e61-45a0-8220-8d67f26779fc,607.628501608968,35
a0064b1a-6015-4bed-a751-c423e733a633,607.628362719901,15
99945817-2899-43ee-bc95-c163162d4c47,607.628235405311,3
8b4894c5-f86e-465e-9f6b-4f51c09ce216,607.61811966449,9
3aec1bbf-12a4-4cc0-bfe5-881f81d56f08,607.616800220218,4
7ce19a57-e78e-435f-9916-c3241ca075fc,607.616383553483,1
a0c20aed-ca14-4893-bb85-d820e5653b78,607.613119664602,8
48ad3de6-2315-4edd-88af-c8eaf1bff1c4,607.605098831002,12
3f85f607-f0f9-44a9-a464-aa223aee785e,607.60491364589,13
c1eab27c-5ce3-4b54-8421-9a6761a7478e,607.604890497867,15
933b55dc-0f6a-403f-8d09-fe0f7402f35b,607.604462257121,3
caad0749-5437-44c4-a4ad-70cf88309a0c,607.604404386599,116
2b4d5ec0-5b1d-4c63-b38a-5893d3260da5,607.60425392352,7
06ec7361-1bfb-432d-99c8-a647893baf97,607.590816423763,29
feb1a34d-202a-4224-a1b3-0e737b12dd4d,607.583652071655,102
68a0a4b4-f015-4dad-8ea8-79deb0198d07,606.61941596074,67
016cfd4a-8dd3-4d78-9a08-b6829775f86d,606.618258553557,5
e5b2e777-6b11-4287-b8fe-facbbca4051d,606.618177535012,9
7d3bb3c3-0342-4b0e-bfbc-152af2c71348,606.61485577561,6
8d7d0bb0-1cd7-43f4-9baa-ace006db9602,606.604346516076,10
cd6af5d5-7646-437e-97f3-055b560adc44,606.603883553296,395
9b6ab38e-904e-4f53-b4e5-cf58762836af,606.59208957199,7
e18a4fdb-3d00-4ad1-8ae9-8232fd4b8bb2,606.591742349789,9
4f4685d8-48e5-4f6b-823c-5fd61d7bd709,606.578952997923,163
41cbe7cd-708e-4b69-b627-50148a3b5ee2,606.560330312699,84
b4ccbc95-eed8-4ad0-99f5-4979857692ee,606.182656701654,1
5b44bac3-7306-4f24-929c-5d4fc06da577,606.027193738613,28
c7d3d4b7-bdc4-4706-9939-2ca39e293fbc,605.622598831076,1
f3911538-507d-41e2-9d2f-e7e9f1ab651c,605.608293275349,2
bd3059ba-6416-43da-a696-d509090460a0,605.589473831002,179
47160a21-03af-4615-89f8-109ce30cda08,605.557575683109,33
6d7b77ec-1996-43d7-bf96-ca461130ab3d,605.412656701636,21
b2f9d026-0727-4125-b84b-c60af3148a15,605.115399756934,659
37a8b9b3-abb1-4d71-a18b-9bb058d8cfaa,602.582263182849,1
bafe76c1-7463-4745-a7d3-4ce24c03266c,602.56618679408,181
0ed6b09e-4329-4d2a-837b-2aad4796cd3a,601.572101145983,178
61b776eb-3680-49b5-9685-9650bd796653,600.608362719882,14
57ecc47e-56d2-41c4-be4f-ddc8c6a3b946,600.607425219845,76
b8432ee3-7c9d-46e9-a361-0c7fff122398,600.595932164229,1
ceb6ac95-4547-467a-af15-9455eb96b7eb,600.588709942065,1
b94987a3-8d52-4c64-9153-6ed283def0ba,600.566360405181,61
b5b583be-8137-4728-bde0-96e47bbb147f,599.616719201673,41
cf3aef72-19d9-4fa2-9194-a126db0498f6,599.605527071748,3
b0638ac4-7e51-4526-bf1e-e03e0169cd0c,599.567124294117,27
4b663b17-fb72-4880-b83c-f08f1ec82fc5,599.559797905385,372
7eac6797-231c-4cfa-92d7-572f8e7e5b4e,598.631638182793,3
47b95a9b-5afc-48b0-89a1-f4fa139b78f3,598.630226145964,92
12d53642-5997-4345-9b10-410a2d387466,598.628999294247,139
cbe80dc9-31ff-47eb-85c6-1638d08ccae4,598.606580312829,34
85d8db86-1278-4ab9-8cdc-8c255910fe65,598.603177534882,89
642ab762-9fbe-4d00-9652-1f4a4718451f,598.602633553557,306
6a26f8cf-64d4-4337-9880-1284a75d2957,598.586371979211,1279
ae269ab1-71a9-4af5-8898-ad769730cffe,598.584381238557,4
25fd60ad-b8ec-4415-8275-738361c40b6f,598.555527071934,30
a7d14d98-5114-4413-b31d-78a0f2e0da7f,594.991395127494,7
62a1925a-3b7f-4a32-820e-f70b4abaf011,585.618073367979,148
d63096cb-7353-42cd-8644-f3392b01dfec,585.594311794266,857
07c93c33-c0aa-412b-aea2-efab27efc8c0,585.575596516486,38
c026a5a1-d6ea-45a8-a8ed-8822943c2e90,585.573617349844,14
bc370cc6-e727-4a74-8ee5-d619053b5861,585.565145127475,41
748bb5c7-44c5-4841-b10a-6593a1b6208c,584.618871979415,68
69cf7f16-aa27-4501-8a8b-80c012ef84ea,584.618756238371,610
9aca9078-3e63-4145-bcec-55967ff59be9,584.618709942326,227
6072f439-f3e1-46d2-b78c-8e6f3ba5e0a4,584.618547905236,3
562a52df-380d-4b01-877a-691969236f13,584.611522442196,945
eae41ad4-a708-416c-a8d2-e2323499e988,584.611013182905,11
ebb68f63-77c9-4fe4-86c5-c5e20f40f8aa,584.60917290533,1
503a3327-eae0-4323-8fe6-08146bb831f9,584.606175220106,8
ad71a1ae-6f5c-4169-8bdf-2ebcf4bc8d63,584.594172905199,14
a16d2d7b-1325-46f7-9e17-7e9de072fbcf,584.584624294192,1
e0e7044a-012d-4e3e-a63c-05143a2a0200,584.58443910908,2
66ec043f-40da-4942-849d-28571dd168bd,584.577899756841,30
5b59236f-a9dd-4877-a738-d56a77a301e8,584.564473831095,15
21468ce4-0f9b-4e0c-8680-d402f683f8ff,584.230909016449,6
7b2337c0-3bc3-42e7-819c-2c13a854be61,581.616973831318,49
e432319d-183d-4378-a6ad-7db74e99705b,581.615897442214,4
e6594b5d-2e06-4da5-abff-344d79830f1e,581.606510868296,76
7bdca3eb-5d84-42a3-acf4-ec1586566d21,581.603108090349,38
10fc145c-4642-41a6-9773-61505cdb8c50,581.59839744214,12
6cf1e931-61cd-4865-b261-69a97ba50686,581.579740034882,50
a38db543-1d39-4450-96fd-de8378bcab1e,581.563490035012,114
16923b3e-046d-4d48-be53-d852d0a3be42,580.624601145741,6
c5b39bba-eb6e-42d5-87d2-43f29084a120,580.612610405311,2
a3b5fae6-2a75-48d4-bf4d-c33ff67446df,580.612575682811,1
9649c07c-38c0-46dc-98c5-05e5a77f5ecf,580.612263183109,0
e65518ac-9ca2-42a2-b898-c121d26bc016,580.611221516505,2
fcc55915-2992-4b43-b5d9-64bb24760498,580.607969201636,42
7a640612-e0c4-4e7d-9e1b-64d11d889964,580.601834942121,32
c4cbf809-a63e-4930-a7d1-64ee8b49595c,580.597587257158,79
13d3c3dc-fde0-4cb1-8998-0cef49a16959,580.597043275367,584
8c693d7b-7075-4e82-862d-2169a3ad9b34,580.57483262755,211
ba3b3c0f-7302-462c-93ca-6c54dedf43ba,579.63094373839,0
465fd47f-3add-4c12-801f-1c2f3c278be8,579.630897442345,18
27b18ee4-1f02-4998-bbfb-6598c51f089f,579.626672905404,4
0147f062-0e6c-46a9-a66d-d0bc4d651a73,579.617679849733,1
a0462213-0bf4-484c-8d7c-72c25b0eb8a8,579.607749294024,4
5b2df1ab-3a72-415a-be7e-5fafec2435b7,579.607517812401,295
9b4d1d84-a7ae-434e-89b4-e54e91e0c3c2,579.593339571729,27
4aa6469e-e97d-484d-924c-d87d186b7e7b,579.583964571822,2
f6a86b8b-3867-4057-b874-20c0be6107bb,579.57283031242,7
50971174-267d-43e7-b9d6-1f224033a7db,579.555087257177,2
390641b3-6080-40ab-af02-b5e6931b4f90,578.629230775405,34
84d4d343-4677-46fa-9e7e-01b117953772,578.618906701449,2
0502e189-6816-4bea-8de9-72a2fbf9d4eb,578.569520127494,54
93c8738a-d649-4f2d-b86f-13715fcf37cf,578.562540960964,3
42aae2aa-b224-42eb-952e-31377707672c,578.500434479211,1
292a6f7d-ba71-4327-8331-457d274f3a1f,578.124207627494,2
0122142b-464c-414a-9aad-e901f492a1a3,577.611464571673,45
2ad64a4b-c1be-425a-8bd8-2aa23fde98f0,577.598073367961,25
4550cf23-96a5-4667-a95b-27002a33d227,577.588015497662,227
32fc13be-f777-4d18-84f1-514712f98e0b,576.493987719994,7
909c837a-9b67-4378-901b-53626c6aafd4,574.585793275386,142
e7a5e7b0-dd04-459a-b43f-492e78cdeced,574.580492349807,45
934fb1ff-9b34-4a12-afeb-892976e78a2e,574.576719201636,0
3734e752-ae5c-4c4a-8d7c-2bb47a6b149e,574.55608262727,8
e727e249-3cc6-44f8-893d-b434e2063071,574.299913645722,3
c7a93c4a-2bac-46ef-8061-47112e1a71f2,573.625920590479,3
11ab0d5f-6937-46df-9295-831585746476,573.625353460666,30
9bc5876b-0175-4f0d-acb1-7218f6c03a53,573.619647442363,1
10cd2ca7-a1e0-43ba-974f-e753ecb7b114,573.60638355324,64
6fee186a-88c7-42fe-8128-f54524503d0a,573.594867349602,5
d6551b49-d843-492c-9701-f3d06b57fba9,573.589520127513,65
33873a0b-f77e-4737-ab16-9f8cb06a7d75,572.62705484964,9
40222467-be3a-4804-b358-cfc6b8e938dd,572.61828170158,17
71c0a8c1-f6d1-4090-a304-95f38c66d6b8,572.603339571971,46
b584f70c-9e6d-43b1-9fac-f4bd8cd1145d,572.602355775423,9
b3838153-36de-4857-b666-88dd3484213e,572.602216886822,1
7d20ce3c-d52c-45b6-a88a-f0073b0df8b0,572.598154386505,3
0a0e8023-0bcf-45b6-a570-abc33f9d0703,572.585098830983,11
b457a936-ae9d-4247-996a-050bdb220081,572.570226145908,14
85572592-e186-440c-9673-58177b7a8081,572.17439281242,2
abdf4f64-4af9-47c6-b112-29a9d5ae40f0,571.614462256897,16
66312832-4e25-4e65-b0fe-72f988564c3b,571.609728460666,5
8d97886e-e5da-41cc-a189-989742adb2ca,571.60379096074,6
890762ae-991c-40df-ab45-76486b14289d,571.597471516114,1213
96c59cf6-428a-40a8-9ad4-d4852664a52f,571.597459942102,0
79ad2dc1-a665-40f7-82b6-bef2c2661e7a,571.59743679408,2
1266a171-db37-4b13-a7bd-0c9641d97815,571.579381238669,5
653a7c26-ccd3-4e45-8fc2-8b2d214fd667,571.562656701542,6
4aa3b776-69ee-4ed9-99e2-bf32f1b4e29c,570.62509883102,86
31389906-312d-42ae-918f-4f1f92d2639a,570.593490034807,14
4b4a6521-caf7-4609-84a0-e653e6e8e2dd,570.56961272005,46
0fc3524f-c21c-494d-bced-66766a2f239a,570.566290960647,349
fd511f05-5cd3-430f-8cb5-179ce740c6b4,567.610851145815,116
de9a79c1-f3ce-49b4-a15d-8d1d2395f3c2,567.594855775591,116
0ea17cd9-4863-4bd2-95a6-2cc9ef423298,567.554300220218,1
21943df7-272e-46ef-aeb7-933a6637bfd5,567.401383553166,88
9a598f94-6b2c-4ea2-ba5b-54cbbd12232f,566.631730775349,872
42b1aac7-7e37-41be-a824-427b7d6232c8,566.625341886654,2
57ba2491-31b0-4d17-b40c-083e17b521ee,566.624496979173,161
7e144941-c3a5-4efc-b842-aae28cc08ef2,566.624323368073,10
ff07d926-f09e-420b-bebf-3dba02ae5dff,566.619427534752,10
4849cbbb-3c80-4d75-a5df-d9a3bdedce6e,566.616638183128,1
e1c7803a-e53a-4c00-842d-985f7c3f6696,566.614080312662,25
32f5308f-b5e5-4156-80d9-e7a93116849e,566.583895127289,143
79cf5529-c9b5-456b-bc49-06d8571f1643,565.595781701617,3
c621ea59-a3b7-4cab-ab24-8bb1ee80cb1e,565.56815438671,18
8bf1e8ae-36d9-4042-ad18-19c2f0b3f937,565.562251608819,1
3555045f-c6b0-47b4-8b49-5123d4526746,564.628339571878,3
9ed3a670-bba4-4571-b6df-fc68d0f9de77,564.6281891088,141
af83a281-f023-473b-835a-d407d09f3dc2,564.600770127494,4
87040a44-0e04-4cc1-ad91-072d167b11b1,564.582251608837,996
dc9a180b-42cc-4f24-846e-8fa1176c0ccf,564.559462257195,101
e6a61431-57b0-4d38-beee-53fd9e67d8be,563.62881410867,9
11cd9d33-3be7-4312-89ec-893c8f85ab01,563.590503923595,23
5c07f812-5ee4-4565-9ea2-844f1fc36f22,563.583478460554,11
376230bb-e030-4426-83cd-1c6dfe74cef1,563.58310809033,0
387a1f2d-4bb1-45bc-af27-e140e7366f7e,563.578756238334,302
dcc75bc4-1e9f-4bf6-a268-720a24df878a,563.560040960554,9
81c08413-18f9-4f61-bc50-5ddd91f35b76,560.656545590609,9
5fb5d6a9-a307-42e6-ae6f-976b10d9acde,560.656476146076,5
330c0d16-f484-43b0-9105-7c90e1db461b,560.654774757102,1
d46fa876-6d6f-461f-a4e6-e09b74f7f7de,560.654184479266,60
74ca407c-e5b7-48ef-9dcc-59b116256a3f,560.653721516486,1
e8c221ca-105b-4112-a1c8-112637ddedf8,560.653478460852,29
a1c5dfa9-e87c-4edf-90fc-8cece597d065,560.651719201356,42
40f14af0-3c30-4498-a202-29587dc2ca24,560.651684479322,3
a1adc6cd-e69a-4e0f-b293-5922fe5f090e,560.651615034789,91
d080438f-e73d-45bc-8992-3d6a18851a8f,560.651603460778,19
3df61998-5b78-45e5-87d3-11404f4699d4,560.65149929421,73
c8459755-8f65-48d5-b573-9ee316806f1d,560.65149929421,26
be7e5a57-bc56-4bb1-8cd5-a22bd4cde5ac,560.651476145722,1
a5e570a1-686b-4c78-8bf9-735f740e6f07,560.651464571711,44
0777d361-7c2f-4724-b117-46a5819363ab,560.651186794043,64
3479f124-86db-4339-82fa-99ef175319ca,560.651105775498,2
ba933d33-7a01-4780-835b-32e4f452d352,560.651105775498,3
dc4fbedf-cc82-4a71-90e7-9eeb605169e7,560.651047904976,34
30fc9948-728d-476f-8b70-fd35ed623dbe,560.650978460908,4
7a2cbf3b-c3d3-4a88-8202-9fff395a11ac,560.650978460908,17
9cba9159-ec6b-4bef-80e0-17c471668d02,560.650885868352,20
f2fa088e-6593-422f-b2ba-274c480c79e8,560.650804849807,50
7845b062-6b39-4b9a-8188-08c8c14ed166,560.650735405274,2
906ec2be-9993-4cac-950d-9de4c30bd8a5,560.650689108763,3
70568f71-d1b8-45c2-866f-abe5ed8911ab,560.650480775628,10
2703f871-989a-4a2a-99f1-490edbb85465,560.650469201617,5
1cf978de-3c1f-44c3-b142-0c1d3426af1f,560.650237719994,21
d5727022-27e0-4846-92bd-32884be98dfd,560.650006238371,56
82ce4e97-575c-49b6-9bff-66fd87d7c4f9,560.648154386785,2
c31eb982-56b1-40c5-9f82-edcc2e5c6dea,560.647946053185,5
25066e22-6f0c-439b-a72e-890f57182feb,560.64727475727,28
881ff25e-0dc3-4279-ad86-3db0edd4a45b,560.646730775479,6
3fb9547c-a454-48d6-ac69-af4ed9bd006a,560.645862719975,5
8f7d1fac-f526-41c2-acc2-815e6d677139,560.645573368296,1
4e00ce73-d283-4772-9511-398c23f81645,560.645434479229,1
ac4ba7a0-b150-4f21-ac7a-f32a45c3ce3d,560.644554849714,0
7775ce2c-8d6d-4306-83f1-7f7a8f265f22,560.642610405106,6
4c547196-e6c9-43f4-ba70-9187f21e99fa,560.642031701282,20
af7b8f8c-b15e-4800-9149-95ec652441ff,560.641603460535,73
cdbf612a-b6df-4130-b1e3-1db5d093903f,560.640909016132,224
2eaa03f0-deee-48d7-b9e1-39b8929b197c,560.636788645759,1
1c2dc77d-476a-4a58-9338-759ff0dac290,560.635862720199,32
b3ef8c72-98c1-41f3-be27-483389e175d4,560.635723831132,1
8c946b88-ca6d-4897-a643-52865034b54d,560.635006238706,95
60f40208-43f4-42f6-91cb-d2f826581cae,560.63457799796,52
88fbf5cc-867b-4476-a444-841f36909b04,560.633050220087,48
882b6dbb-6508-4e98-ae31-82727e5426ce,560.632309479173,4
bf498051-6459-4a35-84b4-b4036e934062,560.629288645927,4
0a22796e-ec76-45c1-8aaf-c5e333d1e2bc,560.629057164304,1
a660e057-423e-476f-86d8-68a3b9031e09,560.628582627513,5
78716c68-474f-4e40-bb22-58f966c7a8cc,560.628536331002,5
c321cfee-52ea-44ff-8391-72d4d0d9a632,560.628096516244,3
1fc9de8e-59fb-4fe3-94f6-08c1caa05ba3,560.627679849509,21
8995d9d4-dbc8-4134-86a6-484516144a4c,560.627436793875,1
9f39545c-f6e8-440b-86e8-521a7fa14e1e,560.626672905404,73
40ae1b44-e23e-453e-b148-2848962a2db3,560.624184479471,2
f1352a2b-f4d8-4464-8286-c70be50f04d8,560.624149756972,1
94524c78-3e50-4cd0-a20d-89bdbeec2ebe,560.624080312438,42
eac165b7-ca0a-4bda-b66d-5727187f2488,560.623281701468,1
43249d07-dbd3-4426-af58-023e629839fe,560.623235405423,5
ad987e79-ad46-4cd0-8040-80d43382f167,560.623189108912,16
5be2eabe-e862-475a-9f14-d59107c6b68b,560.622830312699,0
9eceb89f-ec00-4e1e-acd8-bb9da475394f,560.622784016188,2
6dc581fb-2994-47f9-9836-903f8d83af4e,560.622390497942,1
0f0474fe-c48e-436b-9de3-1e5285ff6eb6,560.618918275461,10
9fc1c6f2-0546-49d4-97ca-5084677336da,560.618223831058,3
5011ff30-b530-4bcf-89b4-8cebd7e8ba22,560.617598831188,2
5a518dc8-a558-45e8-aac5-6ebc84f71048,560.617031701375,0
8c0013e5-2fdb-41fa-b22d-997e4ef0c422,560.617008553352,1
071f7e17-3378-4945-9626-e478326d62de,560.616719201673,0
9f0f386b-974b-4908-8ab0-4ff4ae7f4bea,560.616071053315,15
1c5d1098-b316-4be1-b05e-1d1e15bc264e,560.611186794005,3
d7b1544b-6081-4c3a-a9d7-beed62bb4e14,560.610654386692,3
202f65ba-005f-4664-bea5-4398914e2979,560.609485405032,1
3726011f-d5fc-46f7-a1f7-4dcd3436756c,560.60934651643,11
5dea3258-214a-4e29-8c26-0341c0a61d32,560.607471516356,1
a3e6fbba-d5f0-403a-a148-f3402a9a3091,560.607193738688,62
1d15e956-6689-4ac0-b331-f81706815411,560.60379096074,38
f2a70dac-e892-4d9a-a75b-0cc5201dab62,560.60182336811,28
88f63c1e-f218-4175-a002-585a01b0aed1,560.601510867942,45
e9ae88f0-8e72-43c7-8703-8ec5e4f376c5,560.598327997606,3
a25238ab-b2a2-4004-a861-27eaaf27ffd8,560.597795590293,1
2b044699-5fe7-42e3-93f0-eef938468153,560.597633553203,0
fba09aba-e232-4f44-a3d6-c9c47e82bd20,560.597205312457,1
60f87312-0485-4b8a-bd64-c197a60c68ee,560.595087257214,1
ef9f65e3-7e87-441d-a482-1770b4a43df1,560.587784016505,7
dc7ed947-ec75-4a14-a21a-b53e61a1dcfe,560.587020127568,9
a25f625c-0816-4c1e-8b17-9880877bd40f,560.586811793968,1
c62deb43-35cb-4863-a489-d2e2e70c676c,560.586429849733,1
052e957b-8569-4932-9b89-ff25f944a094,560.585608090274,72
79c81048-33a9-49e8-8b80-371fd5193823,560.578628923744,1
14c67885-c9d0-49e0-bf69-36aedd482b11,560.575943738688,19
673f599c-754f-492d-abde-5b8a6c8cb2ba,560.575492349453,0
1a8a2a1b-35f5-4490-baa9-1b7a6c6dd189,560.574450682849,2
ef7cf2be-5b9f-40a7-a5eb-691a24fb6a7c,560.573316423688,1
d69548e6-92a5-4d7d-8a4c-ccbba1d632b8,560.568663646001,1
a0626f92-5e14-4740-99a3-b66f180c57e1,560.561973831151,1
c1ab5163-a1a9-4cdb-b72e-11408408cb23,560.561869664583,79
507ef142-14ce-42a6-a19e-3183189a0313,560.561730775516,1
48f90c28-6c39-4e84-849b-9afc14d0287e,560.561094201636,24
dcdf1d9c-3242-4b2b-b023-6b90b8fb02ae,560.444439108949,9
dd219f02-3d4a-4ed8-8c56-d782e058869b,559.653212257195,51
f5719706-915b-4bb1-b9be-c4acb3bd7837,559.651591886766,71
da625d4f-7db8-4775-9ae7-2e8ba5c4e883,559.647598830983,14
b535262d-53c4-49db-9fe2-36f19149cf26,559.647552534938,6
68b96a2d-08cf-486f-8fef-107993bffee7,559.646314108744,1
17ea8137-9bf2-482c-89fd-8806c87b4c2b,559.645503923763,57
1f891569-7323-447f-a807-f9d830733de1,559.637147442438,5
5a1c91aa-66a6-434b-bb07-3d368416dc38,559.636973831337,1
a76a6d72-7f4b-43bb-8221-660b416ac4b3,559.634763183072,3
28f95170-e8a9-41dd-8b9a-e27e71889136,559.633235405199,2
5c005442-be9f-40a4-9f29-ab58d65835c4,559.631256238557,1
a58912b0-c33e-4cdd-b2b4-ccec34215f7c,559.625365034677,2
d11987b7-dc56-4369-a8ef-f12e01c42370,559.621233090293,32
ceae63db-9345-49ae-9a75-49cda11ab606,559.617425220087,753
7687a290-9b49-4d55-8db6-0a99631f805c,559.61728633102,2
1370597d-57dc-46ae-9d2f-ac6e4a285c81,559.615330312401,806
be825df3-47a0-4313-b210-43616ebe49b2,559.588952997699,102
16e77e87-d93f-4716-af91-9d5350989af2,558.658119664527,478
98bd572d-9870-422e-9602-e87c0b1a8367,558.657668275759,13
95da0496-02bd-475a-b71f-f975a84e9292,558.652274757158,9
30629975-c643-46cc-81c1-18d8320f1093,558.642147442326,289
7fa22e85-42fd-4be9-9735-04188557259c,558.611499294173,2
7cf424ba-9ea7-4fc1-9168-7233df1a6642,558.607124294154,43
61466336-50d0-429b-8a3e-dc3ceb0a1421,558.589554849546,93
9c1bda79-80dc-462a-8038-56e8564eeef3,558.585723831318,15
acff11c8-08e0-4a0f-86ba-b342c9b51502,558.576950682793,4
af857be9-bf9e-45c0-8dcf-109b8a9a0ba7,557.645365034696,5
022ee093-36c6-4519-9404-b145a086b40c,557.645156701561,81
dc5c3464-bde0-4454-9989-4a3584cedde0,557.628409016412,133
17ff6c77-1490-4dec-91c3-8c1ab642fb95,557.607888183091,1
ccd722fb-f1ce-4bd8-8d5d-9ad95eebcd5c,557.580168275628,6
7c8470d1-048a-4fa6-b61b-3a5a409e4bd0,557.56865207199,44
28e0518c-2e2b-4fcd-a171-8ca438ec500c,557.559844201431,293
10ddac6b-0b74-4e1d-a624-898ef75ed653,556.63291133102,92
2a97ac6e-b50c-4ffa-86a4-80c16f7ee972,556.632853460964,37
bd5ccc4e-56dd-4f48-a703-5befe9b3eec6,556.616105775349,143
c945148a-1f87-4bcb-9397-2e05b3efa61f,556.599462257233,0
9a1f7a69-271c-4ad5-98fe-00fe82def882,556.590029386804,2
30f79b63-cb55-4f95-856e-a111f915204a,553.609369664453,695
3619cdab-28c5-49b5-9945-62bc895a0fcf,553.607205312699,46
9c73c45a-9712-4c20-bab5-5b5726b4194b,553.604832627345,205
b5a6c53c-edd4-4aa3-a723-6573df24a95f,553.597228460945,43
ad6ccd89-793c-47b5-93ae-9aaddeaf9ef7,553.575376608875,184
62f28ea9-4d98-4420-98fb-98f22ece09f0,553.573316423688,2
71da069e-c32b-4c96-a33a-55a175326491,553.565932164434,516
431cb22b-2c2e-4754-bb99-7d02cd0c8b5a,553.554994664621,134
34229f0e-4a7e-4b64-970e-76184bb0d05a,552.621788646095,11
ee51c1d9-340b-4b04-b898-015320d77cd4,552.616186793894,28
5930df97-d214-41e9-82e9-86fe7b9e06fe,552.608571053483,1
59f7bb46-dd74-4655-930d-8c22d0739c72,552.592934479471,73
8cf8e162-bcf1-4a68-9ea5-44ec75484734,552.587413645815,112
686e59ce-a419-4273-a730-16a232c01304,551.623744664248,247
37208871-4ac4-4535-80f5-88edac047646,551.602101145778,47
a7649e0c-92dd-42fe-bb36-d6f0aaaa8638,551.574219201691,503
5b7a7182-854c-42f3-b459-752bd3e4f0bf,551.572853460908,227
856d0575-723d-433b-b8ec-85259ba1dfda,550.632089572027,7
ad57c4f2-0af4-49cd-96fb-02ab648e4515,550.606487719808,5
8dd6a60f-95bd-4cf2-8d0b-70f583b30745,550.590284016449,11
dc8a230e-9dc0-4393-8b16-cb2ef0f5c825,550.576267812401,29
b391602e-a230-4241-b8a8-fd1a07e6456e,549.631742349826,2
8c17e0b6-9dcc-4574-81d0-ec1641f1b735,549.623119664378,739
de782bce-a6bf-43ea-99fa-37b843b05c2b,549.619068738539,15
2b83b8d3-3f3e-4006-82d0-02521f1192fc,549.6049599424,175
15ced5b3-8b8b-4cee-bd1f-4a5f8ffb59a3,549.604809479322,11
de8ec966-b8a2-4aae-a02b-e995e521e762,549.604392812587,7
5a04674c-9299-4e9c-aa89-9eff8dbd7f8b,549.600214571692,0
bed6ec26-ce19-49de-8ee8-98ca29bcd261,549.584705312736,1
37ea91a4-128c-41a6-8710-662a3ff03f26,549.568513182923,491
d68d3faf-3972-49dc-bcd6-dae5414ca568,549.558617349714,154
f8b03f61-315d-40a4-a2dd-580535ed7375,549.55123309046,1
e0ff3fb8-38c6-4842-ad9d-157ac6966158,546.655307164416,17
e41f26e5-8125-423d-872d-2ebad90f81dc,546.65508725727,9
1b56823a-1f42-43ef-9295-a587f2eb9e78,546.654496979434,223
ef43aadc-b1c4-42d7-86cf-7f93ec872ada,546.654462256934,13
3a542eca-5e52-48ed-b1f6-2e7088eca4f6,546.653339571785,34
cb2cc829-33ca-4680-9742-960128d1d6cf,546.651823368389,3
ddfe1403-1a1c-4177-a346-8a20fde62be0,546.648432164453,32
2271a54e-dc4c-44cf-8887-d66b1efe4eeb,546.648420590442,8
57692c20-4590-4803-820e-62be0df024fb,546.64840901643,20
56e7b41b-3f3c-4484-8e13-201389d6db25,546.648397442419,4
b439cbef-9deb-4e3f-999a-0b3834685810,546.648397442419,5
f041249b-1804-4b3b-93a8-0ac58cdc1279,546.648397442419,338
6cbc59d7-35ed-4fb9-b254-65d33ecb7156,546.648385867942,9
e4857bf4-c506-44ee-b942-3efb0a244038,546.648385867942,1
f59fcf5a-2cd6-4c40-8cc2-3aded1098824,546.648385867942,428
2b3c43d9-b054-4d09-b342-336d94dd010e,546.648351145908,205
4664dfdb-4f4b-4477-87d7-79978b801c02,546.648339571897,14
d0ad9f22-5fa1-4645-9c5c-0793c6b05e44,546.648293275386,173
f7bf266b-7519-4e60-85a7-3023744b9135,546.648270127364,46
860fd566-b848-425e-87d5-922c7797c2af,546.648258553352,11
3953c1e5-649f-4127-a7b1-99c586cc0dc5,546.648212256841,4
c8de0865-14fd-4b79-b090-82fde3fd15db,546.648212256841,14
66120d2a-317d-41c8-8d83-572b0c9248e1,546.64820068283,1
97edd05d-3e0a-4196-9eb2-6ae371d828cb,546.64820068283,10
b2c4fe85-b236-4858-899a-c63cc6d19681,546.64820068283,11
c7639036-7ea5-4967-85b7-efb9dd8993c5,546.64820068283,19
1738243c-f3fe-422b-af10-b1624e8973cd,546.648177534807,4
9f5c3805-7d21-4ed0-b57d-f151b5c495d8,546.648154386785,1
f266ccf8-8527-4775-97c4-54d068f6b84c,546.648154386785,10
5c607255-d03d-499a-8272-f59d1a453c18,546.648142812774,128
699ec8c5-ec4f-41a8-8b0b-42817a84c11c,546.648108090274,135
48454637-0938-4aa4-960a-e2183376a4b7,546.648084942251,8
46a6f176-7dbe-4315-95ef-953281297dfe,546.647980775684,16
8d071320-222b-416b-b6d6-e1cba8ae075e,546.647934479173,7
fdac1c1e-bd14-4f14-8fbd-e4265e3e7ac7,546.647633553483,81
3cdf7805-7220-479c-a621-cdc7d476d024,546.647506238427,7
5ac8045d-921f-4c74-bb5c-87f5595acb94,546.647459942382,1
7cfe0c1b-0bfe-4e39-b773-6c0808ca5366,546.647216886748,4
381fadb5-b53f-4718-bdf1-943866077b2d,546.646557164378,29
f5301158-d4bd-4867-821e-9fe0e94b486c,546.646464571822,52
ff2cabd3-3316-4b3f-8494-c25f95e90524,546.64544605324,8
8afac96b-4882-49b2-bea2-9d9819ca71af,546.644693738315,33
ed4dfeb0-35ed-4ff0-9969-52df3daa12d9,546.643698368222,28
622bbd2a-466e-4478-a268-98614a4fd167,546.64285346074,10
04124257-0643-41d9-bc4a-2ed6ad3e27de,546.641036331188,7
96258eaf-4599-4221-8c9e-11193c65e3a3,546.63912660908,2
e9638624-043b-4c75-a861-79b84f01b710,546.638837256934,16
93881271-bb39-4810-be95-19481dfd49be,546.638316423632,6
fa8f6f91-d462-4dda-add8-2963094ff883,546.638246979099,1
1d07564b-428b-43b5-a475-ad349770df00,546.638223831076,1
c62bd0b9-d2b2-4dcf-bb68-fac1faa2bac1,546.63699697936,1
e3a1abd2-f760-421c-94e9-01c46db5d1a3,546.636858090293,1
d770a299-ff92-4b7f-914f-45764540c506,546.635677534621,19
e6d7cf26-9ddf-4997-a6af-d75b8d60da59,546.634832627606,1
6e95d168-07f5-48b9-939c-3f9b21700fe4,546.634311794303,2
f7ca8477-2f06-4d26-8dcf-fb6668f4c767,546.634219201282,1
25f9f08f-a7df-4f24-8f24-be3402759d4e,546.632656701375,18
7a83eb30-3323-4f23-9f07-753924f4a61b,546.62785346061,3
7b5e74ee-b952-47ef-8f3f-ed992dfc3573,546.62751781242,20
eedc0cbf-b327-46fc-9470-5dabfd897fc4,546.62751781242,1
ac990489-fec6-4608-976c-ced76d5a5d61,546.627402071841,20
e3f90e5e-e29f-41d7-ab38-c74e9f5697af,546.627309479285,8
0e28a905-faa5-45bd-b785-dc890efe6fa5,546.62722846074,1
71f0a513-b9f5-4391-8b1f-cbf26eeb390d,546.627182164229,67
546ae1c3-d61b-4570-8fec-0b74feb0d085,546.626788645983,1
32ebe1ad-df3e-41f8-b2a7-9bd9c314d353,546.626753923483,1
9dc3daef-86fa-4150-a4f7-c300c92da86d,546.626615034882,14
9d63dc2c-2d22-48e8-a7eb-1726dfce2120,546.624913645908,607
32e88530-a0d4-44f4-b6b4-709074f614de,546.623744664248,13
adfeb068-5707-4e40-8b78-290bd01d16e3,546.623246979434,8
08b3eed4-6cb3-47a4-b1ed-144a72653b3e,546.622946053278,2
5054170c-4020-483c-9671-2fd73d172925,546.622737720143,0
8471a4b2-be7a-45a0-99b4-9da6ea50cac3,546.622066423763,9
8b538fcf-1d29-41df-82f4-d04372b83306,546.620064109098,7
6adc67fc-1cb0-468c-961d-7ca421920212,546.619971516076,2
0939419f-bef4-45fb-8d67-81a2a89ae794,546.619902072009,11
8127c55a-bad4-48ef-9631-ae439e5b7d7a,546.61957799783,4
d60e8a75-758e-4bb7-b730-a8152716e964,546.618999294005,2
4ef13741-5038-48b0-b9ea-20ec02f4f8cf,546.618929849472,1
3a6b399f-150d-461b-affa-ff9a00dbfde6,546.618802534882,27
7d1044c9-9dda-485f-8494-c5e32eba5769,546.618084942456,22
b8f013ea-72fe-4427-940e-ae8a4d31718f,546.61744836811,0
8917141b-440e-4801-8218-7769b061c8e2,546.610746979248,17
447c3b80-d4b7-4c42-9823-2fa7fb1e6445,546.607587256934,1
9a977827-f7ce-4fc0-86c2-8b9c4d1a4c54,546.605098831002,11
f6b4b61f-1ce9-4112-b2b5-405dd9a91672,546.603906701319,27
aad159f2-eb92-46d1-be52-e91ac10081dc,546.60366364615,1
377a5f6d-7387-4420-a01e-34426d99b54b,546.603409016505,0
1f66aba8-22f0-4d95-9112-a2c164f6ce7f,546.603270127438,2
2b484c08-51e0-4129-8aaf-3e906f8ac92e,546.602737720124,4
bc1b8ab5-d9c2-4449-8266-b211063c8966,546.602147442289,0
d92138ad-7b6f-4b5b-8e0d-5041fe5b943a,546.602066423744,66
3e6fef17-1aa9-432e-88e5-7e88b6b0bd2f,546.590955312829,4
b90bf9c7-24dc-469f-baaf-9ae992eee41d,546.588084942196,220
1ea1a76d-2990-4cd0-b42a-297a7b66d1a7,546.586915960535,18
25d7a89d-b1bc-46a7-8a2d-789f2a71b1e4,546.586279386654,6
7a1ad9a0-f52e-4f54-88bf-eeab82f30730,546.581140497699,4
a848522f-be18-4cbd-95c7-79554c8b2483,546.579878923483,2
8a3a8765-8223-4646-b89f-5e9ba1e094a8,546.570029386785,32
1b07de7e-3aa9-4f17-a2bd-9e1454022c57,546.569902071729,0
196d9be1-bb23-48b7-bf73-6d475b78a1d4,546.568756238557,21
8934adb7-dc3d-42f9-82c2-b09944fd551b,546.563652071636,1
8768b16f-ab08-48b1-be7c-044973287ef2,546.563119664323,7
681051f8-7580-4ca7-83f4-ad3195b659a2,546.562865034677,9
d302a6d7-a22f-4c5a-9606-31d027f86e4b,546.562645127531,1
e5572682-9d3e-4699-b9ed-acdb31d88b38,546.556603460573,17
0fd403d3-60b6-47f2-a1e2-e6df37b49184,546.555897442158,104
09d8afcc-7c03-4d9c-bb8a-be79d0c18ba6,546.554288645741,2
02d8e64c-cb53-446b-955e-cbbf93c8f747,546.554184479173,1
9c49a075-02a6-4a14-bc38-7b3bf18aa723,546.553617349826,247
14420732-edb3-4d87-bd08-a592983ecf6f,546.460272442084,125
c1ac35e1-f8dc-416d-8f90-8717f584a964,545.654670590535,0
fe391f8e-c2eb-4bd9-b8a5-e284151deb6a,545.65329327574,4
cbb056ea-7e01-4bff-b3f0-a94a99271aaf,545.653270127252,2
5ff083a7-e818-4367-bda5-a9cee8dec654,545.651939108968,551
bb09164b-678c-45ca-afcf-394c962e5e68,545.651730775367,15
836c9390-0d5c-4b23-be0c-10e8ef5077d6,545.651649756823,1
78f6fd24-735f-4eab-ac2a-993ac1f0247b,545.64983262727,88
c7b05023-99d1-49c7-8b43-37b4ff5a8d25,545.649693738669,23
11d9bafa-29e0-451a-9045-c7e57e7462ae,545.64711272018,4
3b83f5b7-445f-47df-a9a3-c6f7da7ffe1b,545.64677707199,1
97e9b7f6-4839-408c-8bcc-2da3a18fdf56,545.645885867998,1
e7b942c7-19d0-4096-ad1e-a9b8c8aee4a8,545.633895127568,21
38635e77-42c8-4117-913d-c82e11f23e03,545.633582627401,1
a277096b-2cfd-4263-b7dd-15885c2b4e9c,545.631117349491,1
8761a400-abf3-4c5a-87b4-b5377f66d739,545.625226146076,9
cece9442-3b0d-4331-9a34-3b003d504eef,545.623443738557,196
82f9fd14-a77c-4e12-9166-de6a78a93818,545.612216886599,16
5820e208-e728-495d-9aba-5d8c27cd79aa,545.611996979453,11
721efa99-f52d-4db2-990c-2ef9fe12584a,545.605029386468,101
82ebb0e6-26c5-480f-9b68-ec630aae7543,545.604902071878,110
f7a75235-e8f3-4763-9429-185ec3598b06,545.598374294117,321
6328aab6-c219-49fd-8ca6-633b8af6bf81,545.587598830927,19
bafe639b-7125-41e0-8c53-22e43f59cba0,545.586568738334,8
5fb0adf1-bfaa-4230-90fc-5f75cb9e76ac,545.577795590274,297
1193a378-e1f6-4ca2-b5f4-5862937d8341,545.575376608875,46
1441169f-c907-4135-a83a-b0fd2b6e8c80,545.575284016319,3
75e358d8-2b2a-4255-a927-61a93d219749,545.56735577574,18
9b91099d-bbef-49ea-a506-29a24fc8041b,545.561545590404,62
7d0e5ebf-652f-446e-aec6-a93df504cafc,544.651209942065,29
ed971566-bb69-4a7a-8d5d-cb445065afeb,544.64823540533,109
45363740-2e94-496a-a0c9-c37f6388ae70,544.644323368091,296
4c7e5b58-c868-4562-93e0-ccbefe25eaa6,544.631510868203,1
bc30652c-22b9-4f42-b91f-31e87f4e703d,544.62806179421,148
def56b88-a05b-465b-80ee-702831d3f535,544.627610404976,357
75792660-3271-4dea-afa9-88e862ba54e7,544.62217059033,18
d4311756-ed71-4cbf-88f5-0078db7a4200,544.621128923725,11
dc4e44bf-80c7-4888-bef2-4234b4ecfb6e,544.616915960796,136
9b51c9a5-bc3e-4665-9207-d158b6db86bf,544.614925220143,2
4c915b76-878f-471a-a6c1-e418288d51f7,544.610492349602,17
d1221b65-28bf-4c17-988c-cf6c6cef52b2,544.609554849565,1
f075680a-e0bf-49a5-867f-1d9a4eaff043,544.605897442438,1
949c0137-3638-47cc-beac-08732f2ff0ac,544.604091886897,1
ead46358-76d2-4756-8ed0-090a0d98ebc3,544.603304849472,6
e041c6e4-08e2-4592-8a24-bf4899131d74,544.600284016225,1
886a2e5d-2e1d-4aca-b1c2-6126d8b95bd8,544.598061793949,2
6bf6634e-fbc6-4a7e-afeb-47876a842a91,544.592922904994,1
9ffffe4b-d714-4db1-8255-6d5acf789534,544.581927534658,1
17fa24e6-3879-4688-a140-6083c15e7064,544.575550219975,7
95c36c21-af10-4337-98e1-024a84a53f14,544.575446053408,1
89708fc5-aeff-4d23-b352-a72214855c48,544.57224003505,6
f57cf121-941c-440e-b4a8-92364e656304,544.571661331225,1
722e2a3e-1894-4002-9e32-aa5a714506ea,544.571557164658,167
f4f9d76e-8b2a-4820-81d0-db7eb2053491,544.571487720124,93
58060102-0f21-4bea-bf36-655e1fbe1b06,544.57124466449,20
a7f6f337-50b9-4755-bf0c-5e8c1485a2a7,544.567610405385,43
991e6876-6234-4734-bdfa-367e1a1fe500,543.657054849435,3
1109fb99-fb41-47ea-9edd-9d071e1ca961,543.652135868091,8
fcb4ddb9-d0d0-46ce-b533-ae8494337326,543.6518349424,2
368c7fc1-c3eb-4873-9921-666cb05389a1,543.635966886766,215
2bdb6193-7732-46d8-bca9-df8867f8e5f8,543.62739049783,147
36fb45a2-fb44-45fc-aa56-f5706e08dd7d,543.619230775628,6
1250014c-f1fa-430c-b237-e7f4ff7e11da,543.586117349565,2
086e2af0-4d6c-44f7-a838-e8c1f9b75972,543.583466886543,177
121550d2-c6e5-4e68-b504-ab471ea01e26,542.653200683184,55
19a5cdeb-40a9-4792-bbf1-3613b06d92e1,542.650133553427,3
55f2c7e5-bada-4e45-94ce-1ddd03675e32,542.636522442102,94
0716bd98-0c2d-4918-94e6-246fbfd7729a,542.624034016393,2
8d86f053-91ab-44ed-aeb8-74cad60760b8,542.617297905032,255
ed84a208-e90a-4372-bc4c-be0e0bb4e8a4,542.602853460703,586
7de036bd-7ab6-4aec-abe3-c34a665e0034,542.599045590498,4
a6810d96-d41e-4cb3-be54-e73ad573703e,542.568212257233,24
3b0ed5cb-bbdc-4dcb-a5db-e6a2a40c26d6,541.553594201338,19
307ba7b9-adf7-41e9-8006-e014b786cd45,539.655608090572,8
b0bfc472-27aa-41e3-8f64-c2f58086ee12,539.65082799783,4
0375a135-e973-49a6-89f6-dfbca84dcd17,539.649913645815,94
4a45da02-85fd-495c-83f0-f02612235417,539.647888183128,18
07ab2693-2aad-49fa-92dd-c80d9e995b2b,539.632159016095,0
45dc20db-2a5d-4891-ac63-4a3f1beb7644,539.631858090404,7
e7c79c1a-7693-4e63-a844-c755e0bc3bd3,539.615515497979,1569
7dbd163a-1f88-4d39-b94c-32856fd48021,539.612540960778,52
14c81fcd-9277-4176-82c1-005864cdcdf4,539.605145127513,657
17ac2f0f-5448-44de-b245-bb3b9592ab5d,539.598374294117,138
63f53514-daa0-4645-b5ae-a1970a5b9180,539.59468216449,21
4030f1c0-acee-4f8b-8bbf-b001eb7490e2,539.582332627382,31
a1d22a1c-b9ed-4bf5-a414-f3de18806302,538.654936794192,17
1614574e-7b0c-4a7c-90d9-ac53b7cf885f,538.653871979099,2
4775537e-3bfb-443f-8a6c-bd3f3c2fd9e4,538.647101146169,381
230dda29-57d3-4bc3-9c5c-a6e8799e7f0a,538.608814109117,28
3ff921b4-df67-4c0a-a191-44bf8cba1fb1,538.608455312438,83
230d8a0f-a81d-4b2f-ba9a-099c70d86229,538.605272442102,1
4be5245a-37a4-4f01-82e7-509e50d730c8,538.573108090553,117
1ae9441a-706b-4e92-b309-18f69812c044,537.653547905385,553
82bf934b-577e-4d06-9148-b758656e2d36,537.648825683165,355
7df60476-b880-485a-9430-ededf50a9bbb,537.643536331132,2289
9408efbc-7204-4f8d-a5d2-f1b612e0b5f0,537.639358090237,28
94c32ecb-6948-4ca1-b4f0-13cf49859bc7,537.638860405423,211
d570a50c-dd7d-47a4-8c2e-d5dbb29c3e9b,537.633709942456,2
ea396c50-8f32-4111-af53-e5002fb4137c,537.62881410867,0
09567ba0-e4b2-40cc-9094-075153675e63,537.58586271992,11
727084f7-a8e7-4add-bcc7-ec5791cfba03,537.584265497979,968
03ad2c81-1094-4f41-8c1d-dd71e9537d48,537.584196053445,6
4208a480-3e07-4ae3-ba48-0b2115651375,537.584161330946,1
b028732a-66cc-4574-8c7a-5e459ca0d303,537.584115034901,466
01ccd9fc-a0d4-4bb3-8d70-005818be596c,537.583860405255,2
42174fdc-b38f-4c79-82c5-d2c39aacf088,537.583478460554,1
aa004204-416b-4ea3-9e36-3a40900b2808,537.582830312662,9
0033b737-8235-4c0f-9801-dc4ca185af00,537.57884883089,548
7ec616e0-0939-4f5a-bdfe-5842e331cc79,537.577471516095,16
8168cff8-9e53-4035-af3a-f92fdb1676ac,537.577413646039,176
163022e8-12b8-486f-8604-57d8fa0ed7e1,537.562853460666,856
433a5751-70f6-4329-be50-dccc1002c00d,535.633941423614,34
7947df97-e566-4c0f-84c7-bd18db49f641,535.630226145964,94
8351bd6a-6bfc-4d35-93aa-46d3528429c3,535.624034016393,199
479dbc51-d41f-447a-90d0-f8f8cf717b0f,535.622159016319,94
557204c9-a748-4b95-844d-07144a014e70,535.620619664434,3
a1b01751-5955-4d4b-a303-999071f2893a,535.607054849621,1
94df0701-a236-4b39-9f3c-f6e8e1756cb5,535.605480775703,2
107b2245-3810-4177-9813-8696eaa1cb8a,535.598976145964,210
04612efc-dc61-4434-90a1-afc1b43767c1,535.578501608688,302
5023533e-f5e5-456b-8251-eb26d0d576c3,535.562251608819,1
60944d8f-7afc-4013-976c-38a59e3abc00,532.629844201263,118
ee372ab6-cf6c-422e-b461-95db7347ae2a,532.621939108707,11
796e00ce-2462-4773-a396-9dd78a7f0ff5,532.615793275647,13
619115b5-4e56-44f2-9cc2-b051b4a44b5d,532.608270127326,104
28e764cd-be56-4ad7-ae04-d4a3f14e1081,532.587807164527,6
e15bc9cb-d833-4554-bce2-0bb388f9007f,532.569334942382,743
0ba1879e-862c-45ad-96be-4cffc02968f7,532.565422905143,1
02ebaed5-c07a-4bdd-bb7b-5334d5b25b39,532.555793275591,249
10b7366f-7df9-47bb-ba10-0c67735e2b9b,532.553513182793,61
087ed7b7-ad98-4b3f-9db5-336226b976d8,531.630214571953,1172
81e1b992-d770-41a8-9c6f-d941f2fcb9a3,531.626580312382,113
c29ca579-8aed-4bac-987b-e19cc1a1da2a,531.614172905218,4
47e3904c-76b7-4349-8d08-8e3eca30725a,531.611325683072,828
2bc5bbc0-5b38-4a3c-8b76-c68007b5880a,531.610388183035,66
e6c5a6c7-2fc9-4fb9-8431-3b3fb2961108,531.609323367942,4
922a8747-a996-48c9-b229-1e75f9cf3ea9,531.604161330964,8
330b87e7-7bef-4ff8-bfa8-a39e2bb8a3ba,531.598501608707,167
51b687c1-f026-4866-b697-fd3a3d02ea4f,531.574566423893,190
fcd4d172-c432-448c-867d-69bbf26a28a0,531.574196053203,27
c9db4e56-2010-4100-83d7-deec037b9ef6,531.57300392352,533
0a64ebad-71c5-4552-a973-203900ecb78b,531.568999294192,47
dcac933b-7639-49ee-9dce-d1f388fbfc7b,531.555121979211,469
a7eede08-ae50-4c44-af3b-9eaeb5765460,531.551128923893,43
46d6f270-fb6b-4f0c-80a5-fada7f796fce,531.550851145759,651
9d023e72-c799-40c0-907a-96e023a97959,530.627344201319,2287
9abfdab5-eadc-4b1a-9b96-9ea86596eab7,530.625272442121,207
d1fc0041-ff07-4771-b9de-6af785270fa1,530.610075682867,35
bdc6f061-c1b4-4a4a-8180-4b15dd4e8bd8,530.600307164248,86
9c4a7a36-1b7a-429a-b3f2-df7558f5415e,530.58603633102,7
b397ca43-0685-412f-91dd-9e597597f8f1,530.582436793949,57
88ec8cd6-c632-46eb-bf5e-3938c52a653c,530.5681080902,36
70b3ebb8-472d-4e22-993f-9825c301d867,530.566325683147,98
c4f241f8-2140-4f72-b1a3-904fcc51e38c,530.552240035031,495
0287cd05-1efe-4ad9-b235-ea17e5f8ef9c,530.552135867998,1038
f4acbe92-55c0-4c16-9c66-1f9cbefd048d,529.62593216449,5
03f108c1-e828-46d6-addd-87025871bfa4,529.624358090572,1012
c29de769-df6b-4e71-a2c0-1dc5bfc24f15,529.618571053259,3
af4c1efa-6ca0-4dd8-aa84-9751c2805d4b,529.603941423818,497
00a6d4c8-38e5-4e92-981e-4e4ac5084546,529.592344201636,224
b9faef05-00ac-419f-99f4-8a4be648f515,529.58570068283,246
bd65d757-ac09-4682-9930-9e6bad972e86,529.556985405274,140
7a8483be-1e95-4291-8426-408eb4497e48,528.630712257233,0
fcda54f6-b9e9-41cf-b255-0594d9947d1b,528.616881238297,749
3ae8fa88-1c7a-4304-94f0-128da10f4a10,528.609855775721,152
1fe0d989-c71f-48b3-beb1-053a7597e89f,528.606071053538,1
8694f99e-5b55-467e-82d5-0e0079cd664d,528.604138182942,663
ab276e82-115d-47ec-bbcb-d68e5870e8b3,528.600608090404,9
fb3a4cb0-1705-4456-95b9-2b7062670ba6,528.600538645871,7
4c77c153-19b9-42e2-a03c-04f43dcc6105,528.599115035031,469
c18410ea-8153-4682-b006-f6e8de760c69,528.595758553129,86
7be4584b-288b-4027-a2fe-29d206313917,528.595712257084,327
3bc4f69e-1b1e-468d-aa10-69759a956ede,528.593536331318,1410
1f42436f-9108-453f-ba5f-74f00d20240f,528.582668275572,58
a1478518-6bf1-41e7-895b-355a06554b96,528.572159016505,161
803debdb-8136-4cb5-af29-dcd8db36bf2c,528.557297904976,527
c1a8d13d-cca9-4372-b195-9b0770d81a0d,528.551753923763,634
46119557-7ce9-488f-9225-47d539dd414e,528.544751608744,74
163f05f3-ea16-490e-97d8-bd1b24eac8fe,522.649693738669,252
044e95f2-8756-42bd-a0a3-d50708beb8da,522.629844201263,567
5fa248a7-c485-4851-b056-9342b94d3be4,522.627043275628,50
f19aaa00-f337-4174-ba14-a2a39dd6ebbf,522.624439109117,734
564ab6da-2ad3-4c5f-9e59-60de8d89fbcc,522.622263182886,716
41f925fd-9aa0-4043-9774-212c538133cc,522.620561793912,222
7af74d57-b6ac-42db-8093-f0fa8fb9a29f,522.61895299796,445
274db384-0cad-4c12-90f2-75c4d5823f6b,522.616904386785,89
a5eb8d3a-c2f3-4493-8478-19d021503329,522.611858090386,89
921845e7-a880-4982-8581-daf04bfc30f7,522.610966886859,281
4ae7fd3e-d286-4156-ad7f-553e46c683ea,522.610341886524,1003
ed5ae5db-c568-46c7-8fb3-1589efaf205f,522.605098831002,34
08296e7f-4af4-484e-8b24-ac48889e011b,522.601117349695,28
b493dd6a-663d-4342-977c-1f71f9b64ff6,522.590330312494,37
e3bd16fa-ff94-4a76-bf60-93ff8744d83e,522.589022442233,115
16f25c0e-f879-4453-b5d4-efebabc2881b,522.587517812382,213
4a1d4be9-a067-47de-a3c3-c13884db1851,522.585897442419,42
af533dea-6bcb-4d45-afd2-118e5b4946ab,522.58443910908,683
c554c429-0116-4716-97fb-3bbda58eb9e9,522.569230775349,217
3f55b86f-dc21-4ac8-8e89-7c1535359eaf,522.566765497904,961
efd39a57-b136-482a-9dc2-325259850d6b,522.560990034603,4892
d483f490-db8f-4944-aecf-c2ba6eb332c5,522.560827997979,303
194282ca-358d-451b-9c86-30d4c797c231,521.632182164583,1721
aa3eaf74-6d9c-4859-b733-5a18a3b2f71b,521.631869664416,485
02bfd4d9-4dd6-44e5-88b8-2cc08caf3267,521.629902071785,919
fd60694f-cc3e-47a0-98de-cf7bcfbcd2db,521.628721516114,70
c4ade77c-f395-4d22-93c3-7a8031df9c6f,521.626638182905,560
ca35412d-b340-4e7d-a391-020ec6bb6517,521.624404386617,1752
83842ec5-2b2f-4066-b02d-507e0eb691f8,521.618304849602,183
bd816696-cdd8-45e8-b73a-7d427a75ac34,521.617922905367,38
1856963a-84cb-453e-a139-eb7d8d9b3255,521.616499294061,5004
156857a6-b4a5-467b-9616-6641f8bda12b,521.61142984964,2469
fc9fd415-c26d-4628-8a8a-49d5d2921caa,521.611348831095,1319
391e5f20-0a0a-4b5a-ae6b-0b3b2a7cdd13,521.611290960573,561
7107771a-0558-4aaa-a66e-570205a7f367,521.60963586811,795
8076789f-07af-4e96-a055-13e90c747c5c,521.606233090162,116
185fed94-b602-4d93-b05e-1a26262ff02f,521.601603460964,10
4d39bad4-acd2-434c-a965-88e6d917e80e,521.60023772018,208
5ed09fff-c0eb-48db-b6e3-20ef238e8b5c,521.595885868184,1664
30f45a6d-ada5-4a17-8338-710e414eb6c6,521.593571053352,666
bd49ec1c-964e-411d-bd43-6905a12f0b59,521.592922904994,83
821134d7-f44d-4769-8c2c-b50e82c16099,521.592494664248,1659
d7f7eb75-4f0b-4d15-960d-8efe5ca7dd7e,521.586881238502,452
5f8fcbe0-6014-43f8-8b83-38cf2f4887b3,521.58507568296,18648
2d3d2dce-d353-4961-ad39-46723efe2100,521.584091886878,6254
6313ceac-7806-4d34-aedd-476eed7c853a,521.583964571822,5683
e2624c1c-c8af-4622-94e0-f3470037292f,521.582436793949,1019
44a6eef6-d77b-40ec-8ec5-6918a54efdb8,521.582286331337,326
b8585fb7-9338-4f00-992a-07cf857e6e14,521.573941423558,194
58a4cb1c-e1f1-4906-a86d-59736a95f50e,521.573223831132,1457
9aba2685-7c0a-4d1f-8e22-0c47ca0af580,521.573154386599,644
056caf66-d67b-449e-8cba-0bab8aca5949,521.573084942065,3470
1b08989c-039d-4c82-879b-0f56159a1ebb,521.572934479453,1646
2a9d4ba3-4c58-47f9-8dc4-6f9cb50be1b1,521.571360405069,905
4fade907-6e0f-4581-a674-aad6622b1b10,521.571175219957,4944
b31838a9-6ad2-454c-af22-0ecd9e66b298,521.568698368035,1539
0ade65a7-c1b0-4aa5-8ab6-a4ad78028037,521.567760867998,2143
65662aff-44d6-4f06-b9d9-07445c6e5943,521.561476145871,29391
961622c3-3c29-4fa1-88d2-4f408d6d6ebb,521.56146457186,7079
74c06e4d-0d4f-48f1-96af-a03c7b18ce47,521.561452997848,4421
6ad66b7b-3b23-4a0d-9206-d5776cafee79,521.561383553315,273
24782f0b-4683-4f35-976a-ea21d6714ba6,521.56133725727,9042
981da26f-2401-4bb4-9b4c-883f009a6864,521.561314108782,58
3bd83e4c-5095-4e41-a936-966fcee38c17,521.335665960796,0
820c0e06-c405-4979-8975-ecfa17abb0f9,520.233756238595,2253
0d9b7eea-e790-49e1-9413-2f20350d0c29,518.654763183091,13
398d491a-7dd6-4a2c-bc95-cddaa8c50a43,518.651464571711,5
dba6d198-bec7-4798-89e5-07a4b4e2436b,518.65116364602,82
f6fead3e-d05c-4203-84eb-fa48f7f3101a,518.651117349509,262
d26752a9-a9d7-44e3-b2a7-583484a50ca1,518.647656701505,2
d6ae3f9a-f285-4a55-9888-9e950a775b76,518.644797905348,141
3408db28-b06f-4b68-bcef-8673e62c5f85,518.644068738446,67
50b9d7cc-c16c-4db4-9c3e-47ddd57a33c0,518.64272614615,4
77a6a048-2787-41c4-adaa-cd0971568b06,518.641128923744,14
bbaf6627-0198-48bc-b48f-accc0e6ef70a,518.636279386468,4
e904b154-3d0a-49c5-9ccd-8b44073d601a,518.635399756953,2
b46ba44e-77cf-4c45-af59-091a60687221,518.633663645945,0
a9b5aef1-2663-4a94-8f0c-f2ddc2f4a222,518.632367349695,12
f02b5963-c17b-4908-907a-9e31b87004ac,518.631719201338,0
79a9913d-9270-4f6d-bba4-931b56a96958,518.630434479099,11
0ccc6ef1-e8d2-43de-8534-300b1f77f06e,518.630353460554,2
bd2374fe-602a-4eb5-b1dd-2425876a91ad,518.63031873852,6
1e13dd8d-4a0a-4eb2-a8bf-47fafe4d4e8c,518.629971516319,1
6d064288-fdc0-4a2e-bdb5-3f5a878d372c,518.623258553445,0
f68aa1d6-ff74-4aec-8460-72f7b46b5ac2,518.620932164602,7
4e8e879f-a929-4d16-ae58-0660556a19e1,518.612691423856,2
073d2537-6d5c-4e01-b800-c9889c47e8de,518.602020127233,57
da2e9026-4d90-4bba-8608-5d2fd6d210fa,518.600561793894,22
18eb8f55-62c3-4390-95f2-1f5faa5743bb,518.600121979136,1
3bb81d15-c87d-4305-b435-fe88e89dee5f,518.593142812606,0
f48aa032-94dc-4d0f-9b0f-7f61d5f913cf,518.589103460778,2
569d91d2-ae5a-4ce0-894a-a2de9ab7d0f4,518.588779386599,0
08a0c6c0-1f86-4c58-bc7e-ffc866f07eb7,518.568767812569,105
7823f29b-925a-4060-881d-5937b366c9ba,517.647367349826,78
6f153de8-42ed-4712-8170-6582c4043acb,517.640874294098,59
9d750a07-2444-4891-9dbd-656602f4f719,517.621649757028,55
98b482da-cb37-4252-a1b1-4cf592c01a25,517.576777071692,68
516e89a6-96e8-4c24-8b48-e909ab90b276,517.576615034603,1
06676b84-f81c-4b38-a158-89899683fb06,517.575145127252,44
7ee76b50-8c0e-4b8a-8fc6-5ce47d826e86,517.450249294285,1
2ac9cacf-2b72-4c3d-833e-b91736318d19,516.641858090181,535
23a42dfe-8b7b-4ddc-98fd-581b82788c9e,516.637355775572,33
5a17a5df-962f-4683-b6f5-9275499b6ec3,516.635295590386,1
ebf7d88d-c26a-4de6-bfc3-30ddf92c8f82,516.623698368203,8
2e52ec19-309f-451e-a58e-08455e64258b,516.618362720124,3
c6f002a9-e617-46ed-9f9d-a94f01f3b4f6,516.616730775684,2
bc4d2ba5-2c35-4e25-916a-ca8a4d0b075e,516.600075683091,2
1a666846-a041-402f-bdbe-2a386f1dc82c,516.597911331337,18
676c2a0b-db49-47e0-bd0d-e5bf5acacf86,516.575978460722,1
0c714e27-57ea-4a0e-a810-021603c47eb6,515.657633553259,2
b59ffca7-eef1-44ac-92a1-8c8ea71b67b9,515.613212257158,14
64dea997-5f87-40b8-bd7f-3c019fce6b78,514.654913646169,1
1e51de29-66ef-491d-a5c1-102a27de1f4e,514.596534016076,0
e7d701e6-1299-40df-8d53-296038ff1645,514.581071053166,4
2ebf6854-077c-4ec6-8a4e-d79bfa183413,514.580399757251,81
fe9f68ac-b0fe-4a1a-b9f7-6a4300d47963,511.637992349453,4
e7e558ad-0ae8-4109-b929-ea3ecb8477f3,511.600353460759,12
9df3278b-b56b-4c0d-977a-4ea5e4ec90f9,510.645990035031,174
03309cb5-124c-4687-9fc6-fa7e76a84aea,510.635909016244,23
12cf1a37-cfc4-4414-a823-00def1662a0b,509.594867349602,7
9bc28cff-e339-4ea2-ba80-d7fcb85c553a,509.59388355352,34
34b0cc37-4c8f-4e81-bf7b-0e7e9a4c494f,509.585422905162,8
06d7ccda-1660-4cb3-8ed8-e82870a73be4,508.648721516132,0
2a47bdea-e15a-4212-a3e8-26dec7aca350,507.612297905143,5
9c10d132-4dc9-49f0-b8e5-34bca259be83,507.609277071897,1
3876a428-b2c0-419b-aaff-28865a84e301,507.598293275572,0
e3de09b1-6b6d-470a-b8d3-2c0bc5ac0a22,507.58310809033,3
2cb1ab7c-a2a0-4770-9566-3df66ac808a8,504.650284016505,39
2a066f38-d356-4361-9b9c-7038a7f5afbc,504.634196053259,42
1b6103c1-4da4-4c81-8b4f-3568beaf98d5,504.62237892393,2
bc5d3426-f3f2-439e-9d6a-ff646704086b,504.611950682942,0
8db172cb-2500-45b8-af2e-170bf671bb37,503.619381238706,4
ee3653fd-5f15-4eb5-ba62-dfc95888e547,503.574450682849,1
268ed8e7-3c04-4865-8594-8d0254954a35,503.573420590255,37
80b441a7-f31e-4302-b2dc-637adb8baffb,502.629577997606,6
3b74a971-ee04-463c-867d-5d02812af28a,502.628316423856,36
fd4fd102-102e-47dc-9260-7e71eff88b0d,502.55904559046,5
757b8b12-b12c-4da1-9678-217d3ff38faf,501.628628923558,9
ea65b3ea-1cd3-402f-aac5-ebf5e0093332,501.556036331225,1
700ea785-2faf-4d64-84ea-4e19dc209b56,500.523131238297,258
f76ae11e-2ae8-4113-85c7-3d14765e66f3,498.336140497588,1
798f0150-7d66-419c-bbab-a9b15b9a043e,497.630006238353,3
acd8d59f-cb37-4ae3-b11c-bda92e2c8e5f,497.626209942158,2
4c36c0d3-e5d2-477b-b9d7-aa377432404f,497.589323368389,1
7f7c74a3-138c-4336-bed0-4fdb0741b21c,496.607807164546,6
78ad10e2-84b1-4b43-b20c-380d261cf316,495.565770127345,24
9daa56e6-eac9-4fdb-b998-878fff3da75c,495.548860405106,1
f2b5225c-ac31-4ea7-bf7f-f0dc4ded715c,494.624589571729,50
974218eb-c0a6-43e6-a06a-740b0155501d,494.577297904994,4
53563b6b-6006-4748-be1f-0158439a4f53,493.588154386729,6
49f26f39-c4b2-449e-8cf4-e8e03e728da2,490.630202997942,3
7c83721e-2ce8-4193-b925-a2bc43b815a0,490.630029386841,9
9c7ae8a5-376d-4c9a-87fc-4cbf22d41e40,490.628027071711,645
1e9ba68f-4812-47f9-a97d-6b66d487f822,490.606996979099,1
b8ffd488-dae2-472d-8468-90fc0b25f02c,490.602054849733,11
c5576d6f-eee1-4084-a896-653d7bd8125d,490.588073368184,21
81815466-d305-4de9-8675-388d00a5d1f0,490.58803864615,4
6e66c41a-9d45-4eca-80b3-2c4eb44b9f3a,490.583536331076,223
640f791e-d567-4921-85cd-a1594829145b,490.581117349677,1
e5a5ebf3-763a-4014-8af2-9ab32c865065,490.580503923818,10
122e67c2-4305-4efa-9927-3c00f4d5cc5f,489.618223831058,2
3c76d3f1-a542-48cd-bc18-de01cd96ad79,489.555191423744,22
48b99a8c-0fb0-4c2d-8d61-e136e8a4f564,489.540700682905,7
52e51f6e-e401-44e3-a95d-7f083a731c45,489.539577997755,1
4f4f74f2-1c9d-458f-8dac-f94dc127ac4d,488.552321053576,1
d8292434-4bd0-46e0-9c94-67edc2774c66,487.615480775479,29
0df8bc26-9343-428a-a8ae-2b70779c49a2,487.585480775684,658
652b18ee-d6f1-4809-a949-53b5b06b14fb,486.622784016188,1
218b2766-fad6-487e-b880-b07989f1a1b4,486.622425219975,215
06ba648a-4f7c-4855-8194-9a8f256e21e5,486.607992349658,16
2089fab0-012b-4883-a80c-371ae3f0dabe,486.536846516188,9
87caaf4d-9c01-4cd0-8dd0-32780262a98c,483.630075682886,7
e418e718-a015-4255-bf9c-9c72e1a80bee,483.626672905404,29
cceab7cd-b2ea-47e1-9ec2-0f285a0349f3,483.617240034975,1
0ba1f43e-dee6-4440-8e1f-d90b68239aa9,483.612807164434,124
d23462d0-4ea2-41a6-abcd-bb3f966a83ec,483.600434479304,2
64a41a83-e656-477a-95a7-398ce85c13d5,481.600723830983,1
9949536c-5854-437b-85f1-e41a72e5b935,481.577818738297,449
95884034-0671-42df-b500-43cf4548283a,479.533871979453,2
59b7a6a4-0e34-4fb7-954f-f85972909c0f,476.53836272005,1
49115642-84ea-496e-9169-03bdcc4bf92b,475.582853460684,229
6be1dc61-b9ee-4a5a-8059-332f2804442a,475.56556179421,5
8dd0b6f2-fa22-4e27-a9b3-c4b2503aeea2,474.628165960778,2
66a6345a-ac4d-4a24-8f45-46330d1f5e3c,474.623605775647,190
a2bbc5ad-fec3-4585-8d3d-6f88259566e8,474.615133553278,4
f481113e-1eff-4375-80cc-7b5fc6419e36,474.591788645834,102
4310f782-396f-46cd-9825-1a754789d56e,474.585816423874,101
5576a1f5-74b1-4025-b840-008480d1012f,474.56618679408,507
9781f097-c0f4-4ea6-bc15-ceb1a1017999,474.546094201505,26
1cd8ecf2-0f78-4c6c-a974-d91cc4b17735,474.53932336811,1
8abaa61c-88c1-41b4-8519-5806a4a49642,473.629809479229,5
7af93ec7-6c4e-451f-ac5f-43ab48cb8f1a,473.629797905218,1
5c09c149-690f-4966-ba65-fc20ba434eb0,473.60524929408,375
8b3a9b20-710a-4a61-b720-36ef6204ab7f,473.594045590609,4
60776169-ff78-49c7-83ca-0307bb3e2322,473.569902071729,21
8f673c98-6618-4efb-a97c-34b21c16e76a,472.605550220236,4
5575aad9-9a7f-4612-8ef9-41739abd85cd,472.605029386468,1
3a2fba0e-da3d-47f2-84bc-70e6a94c4438,472.594890497625,2
ad4915a3-9308-4136-83e8-af675131ecd4,472.556487719994,18
f1254f83-6408-4734-89db-9bfb8f22f26b,468.616881238297,1
dc693af9-a41d-470b-82de-47f1e740cf0f,468.578709942289,122
0ff70200-7eeb-43bb-943c-4fe95d424e57,467.611163645983,49
c7d921b7-5ba4-4678-9bdc-20bf1bbb001c,467.562564108986,1
58f9d0e1-f857-49a9-b518-217a8562fdf6,465.629589572083,1
33afe804-7a69-436e-b591-d2c7e1039b9b,465.614786331076,7
962106b9-7f1f-4492-8e9f-099f1cadc94e,465.585827997886,4
73f97cd4-b1fc-4f10-84bc-a05f39a32a09,462.612043275498,46
e88b6b10-9f8e-435a-84f0-fa7e98795501,462.612031701487,18
d54223a1-c033-438a-8472-9bca60423e80,462.611950682942,7
72cb3113-b275-42b6-809a-9bbeb3a7de30,462.611927534919,89
2a1b9297-d569-4476-b8e2-9fbb4200f7fc,462.611915960908,25
7e0fcca5-e42a-4d1f-9ca5-76d0646b06e5,462.611788645852,83
af5012cb-a550-4273-84a0-ca87bc1e2e69,462.611742349807,23
805449fa-0413-40d6-9878-6e4db7c56655,462.611684479285,49
36103a96-c20e-4650-aa9b-6125b8997e62,462.611615034752,2
7e6e6ef1-375f-4bef-a02b-82076d65735a,462.611452997662,2
213b5816-8de7-4279-b07c-dd0e190f488a,462.611279386561,15
10082bd8-7aa3-4cff-99d9-0c5a8edfced4,462.611175219994,1
5192509a-0809-4920-b6fc-025da51dd6d0,462.611059479415,12
ee11f52b-e993-4d7a-8f0a-c897bb553b7e,462.610665960703,85
e5983a3f-6225-4f64-9a6f-63684c9204c9,462.604300220031,7
5c2acb96-300c-4cbf-bb8e-25045d3347a1,462.604149756953,105
4f8fb838-c7ee-41c4-9754-a239eb18fbf9,462.603339571971,1
00a2aa20-fd00-4c09-bab0-caf674e5cd30,462.603027071804,6
0d985a03-f928-45ae-9b52-7543bce82039,462.602089571767,11
00a8cd72-1d5e-4c6e-8816-85a4de296a28,462.601869664621,1
9874c18b-e124-4510-97c2-79ae411f49fc,462.601730775554,0
70151e19-9f91-4007-bd58-7c7333a5d6a9,462.601418275386,1
a6083180-b079-4281-b930-761d4d397831,462.60086272005,2
fe1621cb-39ca-43d2-8769-e0ac89330922,462.596696053166,281
437d7153-8b32-4ecf-849c-38f4038e20f8,462.596128923818,80
f46f6038-c06d-4c8e-82c2-a39a90d1fb57,462.594902071636,42
c8f18310-177b-48bf-a72a-5799db487ba3,462.594334942289,8
a00bd7dd-07c6-4bf0-ae8d-e084358fd064,462.592668275349,7
d15ec7a5-e244-42e6-b787-69d951ee6774,462.592506238725,1
12a2d71a-b3e5-4760-a588-4771d835153f,462.589890497737,4
d5f632b3-a597-4cf6-bba9-38a03d04fedd,462.579577997793,24
618db082-a5eb-4d8f-bebf-005d8ae6b46c,462.578837256879,7
f19a8e48-9c53-42c7-a206-28594b0a64aa,462.573084942065,129
ed0d48cb-793c-43d4-b41a-8e0bcf5d1b10,462.556881238706,2
219d0e5f-e5ca-4de7-9b52-d3e6fd42e90e,462.554253923707,3
5eb132a0-9af7-471f-8399-a6e425e4862e,462.55281873839,18
4588257c-e356-4a56-ada4-92ad8d005ecf,462.541707627475,5
ef2756ec-7eb1-4e51-8426-eadc71d04b94,462.541626608931,89
6e072a4d-2b14-48ca-b770-751a7dc507ac,462.541591886897,46
3329a4ed-c431-4543-a760-5e0202b3ff8e,462.541545590386,10
1c76ce7e-0126-432f-9001-d2b01ff5ad8f,462.541476145852,10
879387e7-14ae-4263-85f7-350fe6c9a202,462.541441423818,171
70f0aa35-448e-4d90-a7f1-48f50aba719d,462.541406701319,1
5d86b8bc-2467-4041-835b-47442439c3b6,462.541302534752,62
721c4ef1-11b0-4446-8b0f-f0ab26f8d23a,462.541267812718,22
da98830d-a2d1-4c15-801d-dd58ef7713fb,462.541094201617,796
752d53df-332a-4bcc-a673-3258583aa133,462.540538645815,1035
e7d3823c-e1c3-4a51-b45a-3821b087c235,461.616082627326,29
3cfec5e1-1b2a-44c1-9b3f-7f3720c7911f,461.615365034901,375
c0885c88-659c-4317-891c-fb47ae06c773,461.60880253464,14
70845f41-0fdb-4f8f-910b-5b3ac34fb562,461.604311794043,578
959a9eca-8370-4d03-8412-d812c9a972e1,461.596198368352,0
967f680d-ea22-4cb1-a70e-75e80221675d,461.586638182867,28
fa961599-a2b6-4bba-b6f7-b95ebae96f7f,461.586371979211,6
633865d5-4ead-453d-8f64-240976592e5a,461.583617349621,2
4407ac79-7d04-48c2-a746-7b6e9d91eed6,460.606302534696,3
9372fb51-49ad-45b8-9cfa-d7b75fae7b5f,460.583547905087,9
96e11001-e1c1-457e-8e83-86f99a73dc7c,459.610781701282,1
13c648ee-9b9d-44da-9ed3-3bf00f24ccb9,459.610527071636,3
d0fbcb1f-720b-4e03-854a-ee2d7fb13712,458.607008553576,1
ecf1ea67-2843-4742-8a1a-53ffe2e59a1d,455.604554849677,1
6e777ea3-c33e-4e20-9714-56aeb06ba882,454.596661331132,4
745e30ca-ad74-4edc-a903-b41600aeae37,454.594392812811,143
e39020df-d513-49ce-810b-e99e13dca8e0,454.594277071767,1
5a80a68b-4a1e-44fa-a6cc-89b66c934eff,453.616117349826,1
bec681b9-7ae4-4d3e-aff0-94e3bcddbe18,452.597020127345,1
a3c74c1c-6130-4a97-a465-056f17244f5e,452.596696053166,1
25534288-f7de-4a87-a961-96af43e6ccf9,447.567876609042,0
5934d501-c1e9-41c3-add5-f7feb438325c,447.543061794247,1
f45c2224-b1fe-4607-901a-d689f0f3dd64,447.541811794043,0
3fd20093-72d1-4a44-b77f-cc3173147c37,446.567760867998,21
92d48cf3-6d82-4d54-b585-0fe7a8c5f600,446.550052534789,1
b5ab7011-9d58-4d8b-8af5-8d4e93139c30,446.516904386692,5
787676ae-d928-49ef-8f23-ac10f95ddac5,444.576522442047,30
48483847-27dc-42db-8f01-7659810d792d,441.607749294024,1
c076c238-8913-43ef-a310-5f97f74d7234,441.567865035031,3
73294494-6d56-4255-a609-eba0bd4a0785,441.552969201468,395
1f6fe903-1bf1-447a-a830-3c9eab03d7c6,441.54713586811,1
41895066-9890-4747-b35a-3d36a45cfb39,440.555434479378,26
0c8ff71b-4e6a-4f95-8789-f4be4a0a2f40,437.603547905106,50
72ba26af-7f32-4b1c-8950-4af0bb337bdc,434.576996979304,1
407d874b-e08c-4977-b713-0e7401443144,434.576059479266,31
c709eec5-7efe-4cba-9643-a8bd89b93594,434.5657238313,100
08d61419-91a1-40e9-9a7f-fbd9dd17a726,433.560388182756,118
5673a48e-a3c1-4562-9b0e-ef945c913699,433.522309479304,26
5efac7fa-3580-4e4e-9331-53e51951de58,433.512726145796,3
5ed834e1-1104-44c6-9216-251241f4bf3d,433.498756238725,0
119c6071-20f1-44c4-8605-297811633e04,433.497135868296,2
35fe6fd7-bbe4-4ad3-bb75-6348a896b61e,433.491858090274,0
faec8007-d925-4e21-b828-07bb24123e95,433.48772614589,0
e95a680d-dc8f-44c9-ba91-8a0363f8a66a,433.467795590404,0
a60edc19-3eef-49a9-ad4e-66913880f6ca,433.455746979453,0
2181fe8e-be72-41aa-b8b9-9a7f3ed68fe8,433.454253923614,0
ef0d79eb-ba73-44de-a770-698b61d1897a,433.401568738744,0
203cf200-1d9f-421a-9838-9f2f6949bb12,433.268987719901,24
941b8792-a0db-4d29-a31f-1a494f1832c5,433.161152071785,0
43f4f8d5-e2a1-4e04-bad9-dc6c261055a2,432.689103460871,0
05107866-f587-487b-9f12-8235c9b5945e,432.565272442065,2
9897167b-c806-4884-8f45-2876d222c4f6,432.53301549796,0
d10e9b02-1dc3-4d4c-ad58-4af6c3035826,432.515237720218,1
83a5a9fa-02fe-4ceb-86ad-c24a744fa0a9,432.498409016524,0
101524a7-1a97-4963-93da-c8dffb023842,431.306869664229,0
8635d3d4-dd88-4a34-846a-ac4789c1c0e2,431.229496979155,0
bd91649f-d5ca-499d-8ba4-669a6604193c,430.31322383089,9
440fc730-398d-4a07-80e8-296fca9c44bd,430.284323368222,0
51b88495-ffa8-4cac-8f53-7a10c63060b0,430.267008553259,0
cc271c56-6e76-4fdc-9c53-e53deebdc892,430.248860405292,0
5295a06d-fc3a-4218-8db0-51fa6474df76,430.225804849528,0
420b5e34-79f8-4b14-b7e7-f5af1ec3f089,430.163536331151,0
a61f672f-4ef9-44b8-a6d4-6fcd055aad37,430.136858090293,0
209dd5e5-adac-4566-9690-eaedba42fe68,429.560584942345,0
b39ea3f0-d3f8-4834-8b98-584668e5026f,429.543362719938,0
b533f4b5-b2a4-43c5-a468-19c55e40aa5d,429.532135867979,0
e3d8af64-2958-465c-a0ad-ae10436025f5,429.459149756934,0
ddbe8b05-1dd6-43ea-8246-058be6a829a8,429.334589571692,0
55e5d3ed-5de3-4f51-b5e2-80a69ad003d7,429.333015497774,0
a1a6eef3-6f40-4819-b927-8cfce8b0304b,429.243605775759,0
400448f8-f0a6-4ab8-a4a2-e5bc16d92296,429.030538646039,0
ab32b12e-bdda-4c6a-9833-201dab0b86f9,428.60002938658,0
67c57c8b-d083-436a-a90f-d48390dc9b88,428.584566423669,0
33c67912-4cd4-4cf6-b11d-19bb484e06e6,428.541001609061,0
d925db46-8307-4818-858f-4858dffd4238,428.535133553203,0
c37511bc-20fd-457a-ade6-577e5ea32d79,428.198351145722,0
e6aace2f-42b5-4d8f-8162-71353efd9513,428.086464571767,531
29e0d597-6d2c-49d3-bf2b-83a3535aef81,428.05465901643,6
abab8f69-ba08-45cc-9816-4899d87ed3d9,427.613825683016,5
ac456e50-afdb-4644-ab14-b545951da677,427.612413645722,3
017cc9ca-7856-4253-8fa8-13cb6cfadaa1,427.611545590218,5
3fced281-d046-430a-a9f3-f25e4b901674,427.610503923614,5
49c5922e-10aa-4ffc-8dd6-da25e8489ab2,427.610341886524,19
2bf25a4f-8f9d-4758-89de-89028db726d5,427.604520127643,4
673a4648-3114-4aad-b09c-6a6991a366f6,427.603883553296,23
3a8da580-4d0c-4ab9-ae42-b64f2593a38b,427.599763182923,4
51c7618e-1607-40af-8202-8c14d383e7c8,427.598559479229,6
dd41a364-4da1-45dc-8fd2-730e215e9415,427.597992349416,4
97b87704-6afe-42b7-8dba-bba5e4f38313,427.593582627364,13
712b4cec-bb40-4173-aaa5-d40b4aa17bda,427.593165960629,4
45212cba-cdd1-41b4-a7eb-dc47a40f3fe2,427.592969201505,2
97b102bc-9d02-4cda-9c5a-01bf0af2c0bb,427.592818738427,34
81bc7d2c-4329-49e8-b71a-8722749639be,427.591939108912,22
7163f935-aa9a-449c-89e2-845e1622b1ec,427.591927534901,2
54a7f20b-f621-4d34-bb11-1b460c372a7f,427.5917539238,22
da517b79-7c16-4f75-8d1d-ddb141dd7c4a,427.588964571711,32
c31fda0e-bd43-4541-8c85-818acc78e36f,427.586904386524,2
661d0ff4-e00f-4f39-a7e7-57749cb40ffa,427.584925219882,4
347c3cc0-b81d-485c-91e6-55f4ff6e2399,427.58474003477,7
0765524d-ccff-48ef-9f12-1928b0d674d3,427.581256238744,78
15d6c613-a67c-47b0-bc08-b96e8a9c8e10,427.578652071767,14
3b878853-34a5-44be-9a8e-05642b853dc6,427.568327997811,210
42d01a6e-563b-493d-886d-d886bd427eba,427.567031701561,4
b88a9e80-8087-4ac4-b15b-3ee31b74bf61,427.554242349695,6
14647e1c-a38a-4658-9345-76a78380997e,427.543802534696,33
4942350d-f393-48f3-b765-5564bc4ba1da,427.521869664546,1
6d2fd4ea-ed07-4893-881e-3847f414f3e8,427.521672905423,6
6f65849c-8a0a-4235-b082-1dd993acb90a,427.521094201598,1
960199a5-ece6-4177-827d-88aab8d5fdb9,427.364103460684,0
3832eb7f-edc6-42fe-844f-44d36bfd3431,427.353906701319,0
33afea7a-891d-46c4-bba8-a364a0d14594,427.183050219901,0
6d3af355-3ed7-42fc-bb62-cad42c38da68,426.615249293856,9
8edecfbf-446d-48f0-b2a5-f30dc5b85578,426.606834942009,46
55ec6d6b-14a8-4f66-9fa5-4f4acd0257ef,426.603038645815,0
99aa5a6d-afa9-42e4-9f3c-5a9906af86b2,426.588871979155,2
acc75571-ba57-4cb5-bb7b-c140987ae94d,426.582575683016,4440
c064fb47-ba0b-4076-b15c-115d243dbecf,426.576047905255,200
d7b5c094-6a5a-458f-b88f-e889d569e3f7,426.561915960629,15
cf4196e8-7574-407e-9914-aa22f4be869b,426.555966886692,0
8389b257-f8c7-4e68-af36-d56d17aaf5d9,426.553686793894,31
b03c2f63-c085-4746-abe4-c9b24db1e7ef,426.533837256953,152
a5aabeb1-95c2-4783-9876-95356f9d7de1,426.533825682942,1
3ef4b3bf-6d7d-4bb8-9c54-ebdcb2dc7efd,426.533756238408,6
77923780-420f-4635-a6fe-a8e6118afde4,426.439022442326,0
007b8e64-a244-4404-8992-3b8098b33ccc,426.436267812736,0
0f1215d3-caf2-4533-8ed0-ce2eb106c589,425.615469201468,47
024e6468-2bde-482a-8f9c-9ddc62d28d04,425.608142812736,24
edf8b4b5-d366-4e0d-8876-99ed63137bf6,425.607077997644,2
22e42bcb-193e-4c4c-b4da-5d98f149a427,425.606904386543,3
75423282-6353-40e7-bd10-689f690fea06,425.592911330983,14
1c8fbd8f-380e-4356-907b-7f171d5955a9,425.384809479117,0
9f47d708-0370-4e86-870d-901914d9538f,425.314496979117,0
f3110361-55a9-43fe-9d41-fde9c53d2d6d,425.291186794173,0
c19ee2c8-c9f5-4d5e-a7de-ce0ce374d97d,425.075909016188,0
a37a67a7-8bc6-43b7-a925-aad521645d31,424.613490034826,0
49e0ede8-25ac-42e5-945f-b8b46a001ae4,424.608223831281,12
54cc4f60-c4c2-4091-9aa3-0fe7c108891e,424.587922905106,0
97fb7be8-a971-4650-895d-263460bff9d8,424.548223831225,0
906fe8e3-64e4-42ac-8b28-4bcd4f1dbdda,424.546360405162,0
da77aca1-a19f-4812-8583-f07eba3ba7bb,423.539392812643,1
6f45cb90-b501-48b2-870e-5a56363cf612,423.53916133102,0
4d1a2074-5aa8-4234-8aa5-453761a65fcf,423.430446053389,0
6f64a5c5-93f8-4caf-a90c-b437310da7e5,423.17472846061,0
94670f35-ada6-47ae-8193-d52bba48438b,421.120110405143,0
6f1fecbb-a27d-4b24-8369-7db13e65e9a4,421.082031701691,1
9cc58ca9-889b-4b3b-87a7-97eb0fbba08a,420.612309479155,24
71d340f4-014e-4dd1-b18e-cdf8f08b6083,420.611753923818,4
0bb80954-a309-484e-8172-3b23e1ed6ae6,420.608860405162,12
ebdd48ac-f7e1-4934-ae42-d4297f101547,420.598351146095,14
1a8b5562-8f0e-47b9-b3c6-0bcb0b8b70ae,420.572587257251,0
0a89b0f6-2b47-436f-b0e1-a459fa269693,420.552170590498,2
b0e600b3-f3bf-42a3-9520-35fcf2846af6,420.352020127233,0
c6cd8c7f-230a-40dc-bfa6-151cadb7f754,420.259821053129,0
3ce209e3-cba3-43b9-a2ec-2303d1fec83a,420.167390497867,0
bb775abe-9a65-47b2-a508-22c7ceb55ee7,420.164219201542,2
64c4fb43-8161-44d6-86ce-56d93d962dbe,420.134045590181,0
8b3dc4d2-d9e2-4e48-977c-c779fd14e446,419.970920590218,41
00cde3c9-db42-494c-82c1-ee638a0b08fa,419.605226146057,4
38488e96-e7a1-43a5-b5f3-530376880e15,419.148084942251,0
8e617b9d-8bfe-49bd-b73f-189fd1f39718,418.495145127643,0
f54d2702-1a74-48c1-8d5a-d41cb5d7179b,418.44281873852,0
d777737c-6bd3-4818-b784-0c5b81d7589e,418.274543275591,0
e556e49f-f3bf-4f4d-99c8-75f7e9ec4f35,418.094693738502,97
b611cea0-5ebf-450e-8739-d2f5c2bda07b,418.010712257121,2
71a383f8-8860-4939-a1eb-152d515e63ab,417.613941423595,1
5a05ba80-1791-47a0-8080-cdab4beb6cef,417.402610405348,0
c248f28b-8b2c-428f-9781-6e69bb49a671,417.363918275572,0
96f03fe5-31c6-41b5-8dd4-fe39bbe5c32d,417.234589572065,0
a23cab38-fdd0-4db7-9d12-c909bfe4461a,417.128721516114,0
ac75d0c3-3ca9-4fc5-97dd-817b8a8f6200,416.273709942121,0
f2b7b932-f91f-4f66-91d9-fd3d2defc5f1,416.254612720106,0
71ea9d0b-dc05-491c-9503-ac9cef1130a2,414.372853460722,0
c8c32985-6626-433b-b2f5-a1b9eed8917f,414.229682164267,11
74ab2c5d-711e-432e-89fb-884799b5475d,414.086973831058,0
aa61592a-dd0f-4eb4-8740-fa24248f31c8,414.079034016468,0
f6846d59-d8c8-4558-9898-cdbf5212368c,414.063883553259,0
ea7615bc-7e29-4eac-8f9b-bdfc0b8bb0e1,413.621383553371,0
98396d27-d72b-4fe2-8b9b-3592ad794d65,413.338883553166,0
a9e4d3c2-db64-4317-a0a3-7e99d23a4a31,412.610341886524,0
96cf2724-64b0-4979-b7bc-f2f1493b8401,412.546892812476,1
fe81026e-f89a-4657-97d9-5c0f45ee1e25,412.536487719975,1
12dccd10-4eff-4a55-957a-76629ce66121,411.665388183203,0
23d3b6ea-16d0-44ac-b750-22c75dcbe63a,411.578246979043,2
bf871607-a342-490a-8b52-b26ac2bce36c,411.57103633089,1
15067cb3-b8d9-4a46-9b2d-7ea5034d3bb9,411.538536331151,0
354975e7-d3a1-42b4-805e-1614b985c564,411.167101145722,0
0dd4437f-5f46-4e2b-91ed-31333881e408,411.099751608912,0
7e0c88f6-7149-4fda-a116-c164467a793c,411.087297905236,0
a349ab9d-ec6c-40a8-8ade-fc37d670a749,411.049450682942,0
d1e6c46a-d7a8-42a4-b25c-c125f8628c8c,409.738212257158,0
d5ae8259-b1a1-4d3a-b49a-686082842d7d,409.479045590386,0
690b2a25-b9c6-4b6c-a857-af83160c129d,408.508617349435,1
53cba8da-a4b0-4709-b7cc-d320856772cb,407.977367349435,5
15871c94-d75c-441d-a0f4-fd41818a9d4c,407.290388183203,9
8f474ae3-2903-472b-a745-131d2dfa3fb4,407.268987719901,0
9d6aa166-d174-4941-826c-1a8f66c446cb,407.093814108986,0
fd18f9b1-c14a-4461-a923-adbf2f6931ec,406.508571053389,0
c9eedb52-af14-4adb-87da-eadde2e8103f,406.382344201673,10
a92f9893-c333-4c2a-8aa3-c29b96d34023,406.185249294154,0
ee435fcf-2d42-449c-8001-12857a784464,406.1724715163,0
d6698b3c-b2fb-40f3-b934-8ae53123ab95,405.968744664453,367
326a97bb-ce7f-4fe0-8d96-49ce3cef06ad,405.613003923558,1
7af7379a-3bb7-4c4e-8945-60d5cc3019c6,405.607274757233,4
f3d9861c-dd65-49b5-a2a4-0822b9a40469,405.598663645796,24
d74468cc-70ee-4f82-ad28-8ff3b4856fa1,405.515098831151,0
67ab01b9-6d92-4320-a104-9073f55c16e1,405.49395299796,3
60bd4162-58d8-4225-9132-e12df83ac703,405.320480775554,0
c929b768-af63-4edd-a009-03c942f2dcac,405.006522442214,0
cb7486f8-3954-408f-8513-5555d8f11d45,404.651464571711,0
05922186-4042-4a0f-87eb-3b74c16fa848,404.609716886654,0
4b8ed2c7-d3b4-4bce-80e2-94c9935ff77b,404.506186794024,0
f7d8619c-c70c-4f2e-8484-c6f3265c21c3,404.222367349546,0
765f37fb-eb40-44c0-a678-d64d43353ddd,404.173686794005,0
784c7eaf-1218-47ba-a0aa-e3b8c166b940,403.600249294192,5
5b67957b-a85c-4ecf-b22a-3a47e3f3f123,403.592008553445,0
81452a6e-2aff-4e0b-bd1e-dfd43eee1656,403.585816423874,8
4b396024-ef0d-4dba-89c0-802bcc96eed3,403.562436793931,16
7d296e71-132f-4ad3-b943-601fd364ca82,403.561152071692,0
06d758bb-c5e5-4e0e-8c44-276b8ac4cfb6,403.555469201412,3
92f91cbc-ff13-4370-bd43-8ba37a05ddc6,403.322668275796,0
ba25a0b3-df45-4fb1-9e27-85a1c26a90af,402.586973831058,1
9d5da52f-c36d-47bd-8846-3ac25ae1399f,402.57859420171,38
c118b656-d791-45a1-8dcd-041000a17411,402.414242349565,3
1e61db24-fa47-48fa-9223-f4a5a183ab53,402.3964067013,0
3557c784-d9b0-4d38-af95-b886abe498de,402.25210114615,0
f6d80d4a-6e14-48c1-837d-0b768abb9d19,400.410156701691,0
ce77f251-6951-4a37-840e-29744abbed58,400.103339571971,0
8b527b3a-169e-4f98-a382-75640c0a3882,399.611117349472,8
948c4ef9-287c-4102-a0f0-4afa0cd2b6be,399.610631238669,2
89f07136-e859-4b63-a36b-c674d5860e90,399.592818738427,6
00ae41c3-9aba-49dd-9a07-c82e15b75e9a,399.490330312401,1
d76e4861-69fd-4f82-8fe7-2a447682755e,399.348513183184,0
8fb71594-ef79-47a2-ada3-4f7e39ed2ecc,399.346696053166,0
86cef638-affd-4b2f-8b9b-6251585d799d,399.32792290533,0
61dd19c2-aa65-4d1b-8a36-ecca515d8274,399.266152071767,0
4d1c6427-4d3c-4da1-805b-7279ecfae6e1,399.221071053296,0
dba46f32-cff1-4690-b3a8-6f781e1473b0,399.092193738557,3
feaf434b-e428-4445-a86e-6218c40d55ae,398.894034016412,0
088bc725-bfd9-4ba8-b2da-78ff4d0de29f,398.783327997662,0
5ba889b7-2516-438e-b4a4-f8167f8554cb,398.581325682811,7
d1e03947-ee91-479b-99de-4d6c85460eff,398.572865034919,3
f4fbb9b5-104a-4b3d-9844-b9a0716da83a,398.559971516486,0
946aaa09-5b59-4e79-8658-7aae8a616c1d,398.558108090423,0
e8399923-6f47-486c-aa2b-fe8370381b80,398.554543275386,2
3c6b4748-2a98-4747-9f21-d6a30d35323c,398.545619664248,0
11f0bbec-a571-4d1a-8db2-9a7dfbc9155c,398.540793275461,20
ab1f3033-6490-4dd9-aa9f-de47b7867a76,398.535619664472,0
99e114d4-529a-43e6-81e5-cab19988b205,398.527540960815,12
74884f40-4866-42e1-8742-705faf801d14,398.523003923707,1
f6182173-3970-4bcc-8a49-d4fd0951358a,398.494126609061,1
137eefea-cf3a-45b2-b24e-cd6ef2c0ff7a,398.431476145983,42
7a9dbb5c-df13-4493-8d2d-8e22c0d359ea,398.431348830927,0
ef5df810-be4b-4511-af46-094694d07218,398.412008553278,0
665a0a30-6cbc-4602-bbc4-5ef821c0ce22,398.405480775516,0
449ff974-9d34-4e96-ab4a-c16d325e1dc4,398.396024757065,0
678ca050-0013-47c9-a957-9aadf64f05dd,398.328871979378,2
2eb6b570-5d8d-443d-a960-6dbdb4c740a3,398.313443738502,0
495e51ab-2df1-4448-b6d1-5f8bad3a6267,398.282286331058,2
7585bfb9-ee37-4f17-9a53-12f21ccbcd58,398.241418275516,0
492b9952-abb7-451f-b75e-d6c0f5334562,398.233397442382,17
cdb66794-7c06-4bde-996b-797871c48a54,398.181985405274,6
52131243-8430-473c-b07f-de2ef790b61f,398.175642812625,0
ecd5b116-1f37-4ad1-9f36-6b1d8cc54d8d,398.166429849807,0
54b88efd-f7ae-4a16-8595-b355973dc745,398.128142812755,0
e9c18ad5-70a1-4143-b573-c9966d0c2d42,398.122529386543,5
d2a6bf98-03c6-4533-b8d2-a962fc4f89ed,398.119601145852,0
d5c59aa7-b0f7-40c5-b766-b1b9876a215e,398.072378923651,0
201002e3-7380-4e89-86e5-f0ceda670fed,398.056406701449,0
117f335d-dfb5-426d-96ce-6b2b4ddf24f3,398.038779386785,0
3791988b-4c96-4dc6-9104-8f5cc06bda19,398.00402244227,0
17ae125a-6f34-407d-bfc3-41c5c6127e29,397.904693738557,0
14f2c729-2dc7-4f66-b8e2-40cf5c004e83,397.575746979099,10
0b67efa8-a408-4a3e-bc9d-2407b853745b,397.560388182756,0
4cf45eac-8b1e-45a4-83f9-837c7d6b5383,397.528189108707,7
a4b33ee8-1a2d-4995-a2f4-7ca6ce8a2948,397.527425220236,0
18967402-4a26-46bf-ad7b-3991dfecc8da,397.487031701487,0
4e5bdbac-0450-4f90-b80c-8f4bd2d2945f,397.483640498016,0
2b44d91f-62fe-49af-b81b-48a138a1db20,397.448524756823,0
27b21fae-6659-4625-a272-efca26cdbe82,397.350422905292,0
52e08544-b226-4c1c-ac31-627609e386a9,397.248871979304,0
439945be-3093-4634-a5e9-44e71cb87a37,397.234091886785,3
14d5f91d-a339-4ed9-8211-6856d8ff5b06,397.231279386673,3
938eaeb3-fac0-45f2-8616-e02d5e1a922f,397.225214571692,4
7e2b6737-b951-4c19-9709-6541098a1148,397.158432164229,0
c43ab42c-cafc-4f76-81ad-8f67e8a0c82d,397.078189108986,0
a7f3049d-bfb8-4a9b-b0b6-84a455b34cc4,396.971996979322,0
d0fa8c89-4762-48ed-815e-c0cb575b97f2,396.95794605324,0
d49daba5-b1e2-4bbc-91da-3024e49f92ab,396.731140497606,0
2b0aefcd-c8d5-472a-b61b-a42927777d4c,396.504034016281,0
1f72983d-0e7d-452f-b46f-21c942c654c2,396.498536331113,16
b9b044a6-d440-4402-adff-408ccc860a51,396.409149757121,0
9dd5864c-1977-45d4-b1ed-4dd586385c9d,396.379763183184,0
9092794f-26b3-48b1-b3fe-e3eaceffc5b9,396.361753923818,2
dde04f48-d55a-440a-a52e-fc0a84341dbc,396.328709942289,1
26f33c58-4009-40b7-93c0-19b2774fd558,396.296071053483,0
aacabd9d-60e6-4e93-b538-fd2b039196d1,396.232321053278,0
9d7beb6c-e1e9-4c4f-900e-07ebfa91557c,396.228767812718,0
219fe5cf-bebe-46c7-84f9-6d812a7f4bfe,396.180527071934,0
57006641-55ea-472b-8f43-e31179860c95,396.153351145796,1
63e6c6c1-dc4e-428f-aaff-8c33231b9084,396.128119664267,0
f20843bb-52a6-4a17-afec-16531c19591c,396.117367349565,1
2ff011e5-3734-42a7-a44c-185286afdd7d,396.083895127289,0
aa3ef3a8-5bda-480f-8c3f-2c96a5f9e67d,396.074172905181,0
ac303844-be42-49c8-b754-252d88c1e123,396.060411331244,3
a6fe6f33-d7b7-4d67-bf49-98bc548f4008,396.047784016468,34
81d0e16f-cb32-4184-95f4-04767eef6edd,395.92589744227,5
ed939e32-18f7-4a6f-9486-fb975efacd29,395.628420590423,0
ebfa5e1a-98bb-482a-9688-d414a30e7ea3,395.571128923912,1
4f9db589-49ff-44b8-8de2-87e167c1e68d,395.557529386599,66
23b41212-5a2b-4212-aafd-eba641cf6f67,395.458628923632,0
1e32deee-5acd-42db-8a20-476243a89cb4,395.424959942233,0
d4e7dca3-1a43-46d8-adf5-f55d372d90f4,395.410527071916,0
e606bd39-d06b-4851-8bb7-f1953714f159,395.28543447936,0
f3bd6716-de76-486c-8e2e-aa232a0fe77e,395.253513182979,0
acee2df0-44f4-47fb-9a10-33f93e2b3df0,395.237413645722,7
4862874f-0d2e-434f-a86f-66e27699dfb0,394.58001781255,0
d85f3201-5129-4b78-a69d-87e12be60f34,394.575584942009,0
ff8d55dc-64fa-40de-992a-04a4155f5634,394.535642812494,0
96c2f34d-8e4f-46f3-94b3-9ac1e9c0f6c7,394.42456642352,5
2ae57422-d666-443f-b10a-2db2a85b82a2,394.262517812662,0
9feb10fb-eee7-4e47-b131-d2b77115b083,394.176638183184,0
2d387b21-9c5f-4468-a029-f69ca0cbf3c7,393.535816423595,0
a40d2a1e-35bd-4974-a708-cdf87f3671b3,393.501244664658,1
1bdf610d-fce3-44b5-93c6-4cae5cf30882,393.153571053408,0
05f456ed-69a2-428a-932a-8218a56628cc,392.581753923558,1
930f8803-c89f-4cc8-94e7-6f35394d7c16,392.577517812606,12
d7d5c125-6edf-41de-b77f-d1895376e8d1,392.577124293894,1
17148645-40ec-45d6-984e-bc34868f2d2b,392.537043275777,0
09b145b6-db20-4c5b-8b6d-637b8ca8c3c4,392.436279386748,0
6eef9831-6e44-4c07-a9f9-80ce7a5053c1,392.390376608819,10
ef749ecf-db04-4648-a001-661d742839cf,392.371800220106,2
a05b3c7c-89b9-4c81-901b-404af81a2be3,392.183675220236,0
dfe01753-5f94-42d5-9cf5-08a5c70dc992,392.160654386505,0
f9859aca-f63f-41d1-b84a-0d439ba8bc5c,392.05105947936,0
48194e4f-59a7-4e8b-8c3f-db3ad783ef7c,391.830492349807,0
c40c94cd-72e0-401d-91b5-0f30fb902d62,391.796476145741,10
43278d21-69b7-4baa-b227-d76fd32b8c8c,391.606036331039,1
7d3caab4-11be-460b-9797-27229fb42d63,391.558605775703,0
c5e5bba5-ec9e-4c10-a030-cbc9fbf08873,391.546939108986,16
c09221e3-ff3b-4d4d-b448-ddc9585b79b1,391.544439109042,4
112d7e7c-d9ca-414c-933a-a8359b7f2fba,391.534126609098,0
778e717a-70aa-4d8a-9e5c-49d22c2544b7,391.534126609098,0
86536386-9efe-4f94-b0b8-457b1cecd363,391.514902072027,0
41ccf85e-405b-4913-8f77-1f28f5d6d013,391.432691423688,0
6bcb9305-ac81-472a-9fd3-5522f465e8f1,391.395341886673,1
df6af3ba-4b6e-4975-89e2-1ce8b2710160,391.159404386766,43
db0a41ae-ba83-432c-a204-7284b315f88e,391.138478460722,0
bf23fdec-0506-4819-b847-ded8af04c3d8,391.107957627624,0
ad972024-bb49-48ad-81af-55912ded10e3,391.073432164267,0
0950e159-517b-4fdc-b315-fd70a9063f42,391.067448368296,0
0a763836-bfe0-4d4b-a08a-02eb8d10e32a,391.02699697949,0
07aa65c2-e819-4d9c-9245-a1bc5124c505,390.716198367998,0
002970bd-65c2-42bf-a17d-2bc5e95e2f0b,390.711939109024,0
bf18e2bb-6df2-4a9c-9ed5-556575b63ece,390.605897442438,5
cc62e5a0-e663-43ac-807e-e97e30e6105a,390.604068738408,11
33cd31c9-d170-4d7c-9511-210d0f2fbf83,390.601996979211,2
99758c49-505c-45f8-8f8c-be7c191d06c0,390.601973831188,6
a7dc4246-12df-46ee-8be6-23b7ec9a7220,390.601476145908,7
e3dbd1c9-4a7a-4d5d-9623-900ed1915411,390.60119836824,75
e804549e-ee12-4aff-a93b-ee68d8c51da2,390.596302534919,1
2dd6f8c7-efd7-4862-929b-2a88d1cae41a,390.595110405236,3
e0fffe3a-44d8-4099-8a05-da95a313bd6f,390.586811793968,10
eea03c4a-1672-4194-a080-adf38eb3b80a,390.586290960666,1
47203f44-ee9b-4a8c-aa1c-506ca5882481,390.586140497588,4
407d7ac9-147c-4f0d-938d-567e8054af68,390.585990034975,51
531d1943-dbb4-4052-a4f9-0e250b226d3c,390.585723831318,0
694ebde9-d100-4629-b8db-b6c79ab8292d,390.582679849584,17
5c53e99c-50e7-4825-b0aa-db832def29d9,390.581915960647,0
1db39d43-c8d8-49f6-8845-7bfb5b0cb8f7,390.557899756823,3
3c3e27b3-cea0-46c9-8283-7dbf91c1f8c5,390.454867349472,0
d7d1aeee-52f2-47a0-b8df-21cd6127bc3a,390.370839572046,0
7b1cd516-5195-4ec2-b203-42fbf741745d,390.289740034845,6
4c9a5708-6b4f-4ddc-9da1-0a8f20f8a5c9,390.216325683054,1
aec823be-1393-4b69-8570-6aa463c448cc,390.101371979341,0
9a6c7a35-16ad-4f4a-9a09-efd33cd4fd4f,390.090330312494,0
d3f68e79-a986-4cd7-aeca-c546748af356,390.081672905013,2
bb6395d7-8c3a-443c-b763-dc5ab14ada39,389.890978460666,0
28838758-ddf9-44e5-958f-1e295c86a3e9,389.615457627457,0
c8d3c788-7678-4319-9c7e-088ed4d1c3e7,389.595156701282,2
6157fa67-1aff-47e4-9e46-72582d0049b3,389.591742349789,0
3f1c0bd4-2ac0-4f00-bad6-ad5a3085e89c,389.513698368333,0
819d0d48-1706-48a2-9ac3-84c2d168b099,389.488246979192,0
fc05dc5f-a09e-4166-a800-9e4f11493ca7,389.44494836824,0
5f273bbd-3ed3-4929-ae33-8e8ce92e9ce2,389.441603460815,6
d2d97455-cb6e-4f00-9b6c-6f1464ede6a6,389.185573368333,0
8ad7aa7a-3e7e-4532-98a8-647955af37d4,389.164311794098,0
d355e6dd-9e36-4afb-b9a5-4f3f4c64c85f,389.01575855352,0
68e7a859-e27d-4e69-b140-ff49bf895c93,388.999358090572,1
dcb2d997-c7de-437e-b29a-b88f79a0ca69,388.674184479285,0
96334029-2803-4270-b803-c9090b2e346d,388.607633553445,1
e1275ac9-a1b2-4968-9584-2cb7d2e9bf0e,388.598628923763,14
af37ec35-c15e-45cb-b932-a018844edccc,388.551915960852,240
0a7c1189-e844-4d74-952a-ed72496ef5b0,388.520978460554,0
fe15bf62-b55e-4446-bcbd-cd6b59632a20,388.428478460759,0
97c34882-7f19-4299-af90-202b3511c67f,388.394936793949,0
fc848af2-1645-4282-9e98-ba48fd1b56ed,388.297297905199,67
435b601d-dbde-422f-bbc1-a782028cd945,388.247772442177,0
898cc627-4ee8-4ce4-a317-cdc22596c41d,388.178466886748,0
f78c7155-a694-405c-a087-e8f57b160ce9,388.118200683035,0
e029c52e-791d-4008-a23d-8393fc948ebc,387.984462257009,20
a94ad033-0b6c-4836-ad4a-7fa44c6223ca,387.813964571804,0
f53bc5e0-7dbf-4f4d-9bd2-7fb38f9c9b3f,387.633478460833,0
cd67ba9a-fda1-42b9-9d0f-5261243a0266,387.116834942251,0
a7bd1224-34cc-4574-8714-ba1767f2e480,386.704728460871,0
ce4854ab-867c-4511-be98-13b4698dc972,386.52629096061,6
93201d89-38cf-4ef1-ab60-68a26e3644de,386.483617349528,0
855ecc5d-1f3f-48a2-bc7d-5c2953a3dca0,386.45522614615,0
7618d4e9-ed72-45c1-a0d5-a9ee361ad8be,386.303142812569,0
57252964-9548-42bf-a6ac-6d4f8c259381,386.10950855352,0
7d689f87-0e74-43ba-b21c-8d6c8718effc,386.040168275591,0
119b90af-acae-4d54-ae75-9f45e246e34f,385.610689108726,12
8460dd91-8c5e-4d92-a8de-dee05a671663,385.607552534901,8
58d381b9-84ab-4158-ae9c-de3e98d6d466,385.596175219864,2
b9c14d58-4d6b-4276-9024-11700ec78923,385.567772442009,0
2e54d7ea-3c13-4ee7-a3e6-3a21932ddc60,385.543177534826,0
2f0a0c33-f69a-444b-b786-964ab21aee05,385.512610405218,0
5206d4b4-eba7-4ca2-8ddf-950b4e31b2da,385.427830312401,14
879cad6c-c340-4adb-8ddd-1db8e8b71e11,385.408339571673,0
ecb15d91-face-4c66-8f1a-4175177d74d9,385.362390497699,0
b32c7aaa-4607-4c92-b985-8405a51f676b,385.292679849546,0
cd414fdb-f998-4091-a468-65fdeb116f58,385.232922905125,0
f2d643aa-8a1d-43b4-971a-7ea524f69068,385.184230775572,2
08bff46d-4dd0-49c1-ba65-77311b068b13,385.090527072083,0
0269fbcd-ae33-43e9-a6b0-63d8ac4a1a49,385.013976146001,0
061c9dc7-dbdb-42d6-9ef3-307d2f7bfa6e,384.565758553334,0
5c194efd-495d-46db-907e-20f5da8bd854,384.54892984964,0
c828539c-ced8-4df9-aa76-cc3154c0fed4,384.38019142393,0
af4859c9-35fc-4ec2-b6a8-35ebb1624afb,384.23886040505,0
7349e9df-12e4-4d70-9fb6-8190388bbd1d,384.158455312718,0
bad66fee-efb2-4d96-a61d-b54dcc7bc08d,384.144323368091,2
f0c15b29-7107-4d7e-b97d-b397c1848170,384.079855775461,3
4264a357-f34d-4717-ba7f-f907dced3727,383.989682164509,0
383a85ca-cae3-4130-b15d-9fd243c45d59,383.608096516225,5
cdf9480c-5eed-4fdd-824d-21e181ebc31c,383.563952997793,3
5e3cc94c-7fed-41e7-98c8-e7d0c8c26de7,383.522297905292,1
ad57e481-db52-4151-8342-53f89b271bf4,383.509126608726,2
9200aaa5-5087-4e87-ad2c-b16e05a4d453,383.42397614615,0
3d8c8873-0291-4372-a6d4-e669ca7d03df,383.400260868017,0
6cbfcf40-488d-43aa-bc94-1ddec83ce8ec,383.345920590218,0
cf0a87ba-ded7-4575-8f32-05d42352885b,383.048327997793,0
703ddf95-bd5b-49c3-b020-e9dbd0f83916,382.388709942345,0
c34492e2-2d09-4503-9b41-ea945254d0f8,382.339867349714,0
fa9bcda4-2526-463a-9955-0c077e3d590c,382.297691423912,0
35550b05-2b14-440d-bf17-074a5f0514c9,382.235399757046,0
0f461687-8b48-4020-a07f-c83635995c1e,381.632309479173,0
b599ca50-c506-405a-8f4a-cd1166db6cb3,381.542077997699,0
9c70c027-d429-400f-982e-969439ff2fc9,381.516996979248,0
537f85f1-aa0d-48e2-9369-b6405f450ed5,381.462124294136,0
1e00955f-10d8-4a7b-af2a-6d7df2f2d7ae,380.441962257028,0
e7ea2d07-d907-4be4-a638-cf1820f46417,380.122529386543,0
97dacd3a-7576-49bb-9a6b-acc5b6f31022,379.567899757065,0
c9ed23e0-0ecc-402d-b70c-554f50605834,379.252679849509,0
204d0377-8b99-420c-a4ba-02d148f8757e,379.106672905385,0
ae1eb534-2d9b-4cc2-b534-8bf638a4e6af,379.002957627643,4
1706a266-0094-42e7-8f79-207551344c67,378.596186793875,0
f12ba9eb-da15-445b-ad71-62aae904e4ae,378.397564108949,0
15de99b6-aae6-4a82-82c6-497b7add8f7c,378.28932336811,0
f9296cf3-2d84-416a-a1ba-902353ce565d,378.228304849472,0
d357d436-b3ea-4628-aa70-bab111fa805b,378.209925219882,0
3259fa8b-df78-4651-a1a0-e5a01e70c5de,378.181209942326,0
cc797dc3-f534-4d90-bdfc-cddfdc0099be,378.077182164416,0
2b8aefc7-3a43-4f10-a311-ef7bc9a0cfbd,377.994103460573,0
30b0e7a1-1c09-4097-8d50-b986440520cd,377.718478460796,0
bb515284-4bbb-43f9-9623-cc0a40bc142d,377.612702997867,0
19a8341a-0212-4553-a7c2-c8d1a6372c07,377.591499294154,2
cab4d002-72aa-4f8f-a257-7e667cd78845,377.551371979062,368
a3df37a6-2e71-40a4-ac9f-51caaf070a43,377.54438123852,40
4c8c6db1-f9cd-4d52-8e5a-d0549adb3c89,377.507402071729,0
62c6aaf2-e5da-4987-bdf2-a5b66865618b,377.347170590423,0
71300d61-4cac-4e57-941b-01fc89fc3d8a,377.282691423781,0
73c6a3d7-0236-487a-ae1d-e13dc22314ce,377.260642812587,0
3061f05e-d8cf-45f9-9ef2-3dafecaac0af,377.162633553147,0
6f78a8d7-d745-4b25-8af3-c13558970656,377.040249294136,0
323bb985-cbe7-4f43-8278-eeae2d16ff39,376.701476146001,0
27f2c898-a2b4-463c-9df2-1b011d956ec7,376.497911331244,2
03010015-22ad-42f9-a57b-450477eafa3b,376.111094201449,1
b4a15843-ce66-43a8-9460-17d1076f342c,376.04880253505,0
757cf749-2af1-41c1-990d-b58b70049068,375.964450682979,0
997c655b-bfd9-448e-982f-3c0fc80a9df5,375.571105775423,10
215954ab-dc3a-4fc6-82aa-182bbcf4b8dc,375.275932164397,0
58ca2090-25be-4bfc-b4d4-c902a4014ea4,375.104566423688,0
2260a492-823d-4c38-8218-d2332b830900,374.600885868073,6
de3789f3-880e-4093-91a6-d7d63f5e6551,374.501140497625,0
07e359aa-8dfa-4a4b-ae3c-2ae38dc34764,374.27224003477,6
80a3199f-438c-4533-b57d-771e3721dee4,374.148466886487,0
c103affb-60f7-4af9-a57b-84d90f604cba,373.26914975699,0
e9372f7b-509d-42b3-abd4-3fdf8b3b0c2c,372.199415960815,0
58c15356-693a-4ae4-b52b-9a29a2d0a58d,372.058119664434,0
5afd3afe-2292-47d7-b4f9-76287e7f18bf,371.590284016449,11
23290ff9-a67d-4e44-810e-a9f97c46f462,371.586117349565,14
a8a1281a-8c97-429b-adc2-45f1a110dd3b,371.566152072046,0
57bb763b-63c9-463b-8546-6d4f67bda966,371.484288645908,0
57ac83d5-8d0d-49ac-a204-92b9cd664b72,371.435434479266,0
292da23a-61da-4419-948d-375c36c9868e,371.373779386748,0
4d8a23bb-825b-4ba7-82bc-9b64bbfbf6b6,371.356244664639,0
2f12bdfb-d23d-4051-9974-8e072d8cc540,371.300758553203,0
0150aea5-5a40-4c7b-8b2b-de741537cc93,371.270318738651,0
f25097fb-9dbd-4380-b329-0a64069e041b,371.190411331132,0
57df5baf-b02d-446b-b66d-440f187346d3,371.073628923856,3
bc99c3c0-21c8-429d-a11e-84290b4110d0,371.061950683128,0
a47f5607-0539-47d2-9502-fa67e06a276b,370.893871979322,0
6c2fa62e-969f-4175-834f-d11f695c495e,370.573119664565,4
59f7d00c-5725-4649-ac89-7b2600f776ac,370.549774757121,0
8741a89c-0345-468d-b598-29cc21a71ec0,370.544462257065,8
f637125e-9b22-4c16-b1a6-3c5098c2ec06,370.33248309046,0
8c0212c7-9c9b-42ea-ade3-a81bfe8692af,370.311059479136,0
43bc7c95-609f-4746-92f4-5b9bf2ffe2d0,370.276522442233,0
6b14eca8-46fc-4b75-b220-9a16ff8f16ed,370.169068738353,0
a7a7e4f2-acb8-443c-9caf-ecf25a4daf42,370.141383553389,0
2cc2f91c-af7f-43f7-bc3f-eac9edd7f58a,370.078455312643,0
ebd24bc0-dc6f-4d48-b601-4eaea25aec18,369.608698368073,241
c44444c6-9eeb-4b1e-82b1-ea20ef15ddd4,369.489716886543,11
326ba857-48df-4d9d-976d-73caf12b1c1c,369.380584942177,0
4cd34a41-e668-4265-a80d-35d2b9216670,369.3729692013,266
b83d5605-2e55-4cf3-9fc8-e2e40eeda8bf,369.117008553352,0
f3be54b6-8559-4b0b-acb3-c69ab1e4dc8f,369.031429849565,0
4c4b8374-f12a-4030-8466-fee8de13f9e8,368.987969201524,0
0bf26ef8-ead0-4432-a432-c4486697a556,368.521534016356,0
8fd9f537-063f-4ac5-85da-af070ca2bca5,368.272598830983,1
3604d778-ee61-4bca-b275-2feb767b5cda,368.182668275665,0
e2f3f958-13e0-4b02-9ff4-ff5c37fb5861,368.17021457199,1
c32a173f-6f00-460d-bc9e-30bb8f85e141,367.608536330983,93
567f4d00-fc58-40e2-a536-0aa14fd5b5c9,367.608015497681,19
eacdf041-b489-4418-a709-bdc3ad7ff570,367.436198368203,0
0cba5934-23c0-4b67-9792-ec9fd8de4da3,367.367228460964,2
a87f7c20-2731-4025-9e1c-5fb0fa9a8e87,367.355538645759,0
c3c95e45-5ddf-4512-a29c-0bad2dc3c447,367.348165960982,2
67cabb19-d6de-4453-b39f-a770df2718b0,367.263883553445,4
25b8fb21-cd6c-4aa0-9e23-6dcda71c5a3e,366.462760868017,0
c3320ba9-a140-4c17-8932-eec7a196b612,366.30674234964,0
67237908-c0b8-488d-b79d-d49b4ed1a6d9,366.254427534994,0
7506c03b-76d0-4ad7-a5e4-3d38cb27a880,366.184589571785,0
54800ca1-0184-49c8-9072-e7e5d87de868,365.362517812755,1
fb88d1ad-3fe7-4d95-a584-26a9a35f609a,365.175816423725,0
d3cf1327-672c-48c8-9e05-8c379f278f0e,365.133848831058,0
f55b80d0-782e-4938-b3dd-8f75d93be75a,365.130677534733,0
cf1876ff-0935-4951-8f0e-579afd9099f6,365.085376609117,0
6e75dd6b-472b-44ce-9068-429b27bff063,364.590040960815,0
e11e45e6-0b95-4fe1-9144-b2759e117db4,364.544138182886,1
d9319b0d-74b4-4d11-bac5-8788ca2d9b2c,364.526395127643,0
d2229792-6663-47f6-a7ef-b5be0ab4f4fb,364.492841886822,0
53ac9bb5-6236-4fe8-9809-1b2b81d2552c,364.484115034807,0
9296e923-1fbc-4caf-a2f5-80383c00b1b0,364.482390497811,0
64599254-2fc8-44af-accc-0d1520f4f94e,364.428038646001,7
4dd9b4f8-0f6b-4c22-9d4b-cb0b66d7c018,364.370469201356,4
2d43d437-a27b-4330-bed6-ff8b777b7cde,364.205573368352,0
bf41654b-d93c-42c5-acf4-d371881528e8,364.193293275777,0
8284a704-d485-4106-9e5c-db13463c4b22,364.116140497848,0
0e25489a-fff4-4e03-bb14-e7078e1a67a1,364.113883553538,0
21791b7e-6d37-4733-8973-3510c7cebffe,364.05139512755,0
02f0f7e0-26d9-481f-863c-2e1133246599,363.936846516095,0
986fa738-0439-4847-b41f-f531b9f54891,363.619381238706,0
262c8369-e2e5-4afe-a70c-2ddd9db842d5,363.58995994227,2
39eb19e1-1959-4b46-bb44-f4f9e2e486dd,363.584797905292,5
ab42e2b9-70c7-4063-9154-850b26cfaf80,363.574057164602,0
97b32dd3-0835-419f-81b8-5b6020db7cff,363.493050219957,0
6d4acb53-9e4a-4fc3-a769-cb66a0e71309,363.388814108912,0
68c4ca9d-075c-4897-9334-9ddda4bceb2e,363.341927534901,0
c9b33332-b489-4ad6-90ac-38d687d74124,363.307436794043,0
49748372-d5d0-41d0-80d1-df5bb3b6ddd8,363.114427534863,0
c4684fff-50b1-4e9f-a0ec-08d7d5529db3,363.07207799796,0
643827a6-e3e1-4946-b2e0-7f52abb2a958,363.066256238613,0
c35ab41c-ad3f-470e-8c68-27ab7de0ce88,362.594485405367,6
851dc475-8051-4bfc-8c5f-290b70f2e27c,362.380145127419,3
c729edd8-cb6c-47ce-97a3-c332d748ce2c,362.113952997606,0
951771e6-f6ed-46b0-b349-add873234c8e,362.101036331151,0
bc0c08e8-85d2-4117-b573-bc82a21bdbca,361.737737719901,0
b0af2dc2-18f4-4c00-8d41-f214a507a018,361.7323789238,0
4ade1cd7-f4f1-47b5-94a1-a50c13d22f66,361.605503923725,5
1f12d078-7d13-42e7-883a-f6dbc7386505,361.581036331132,0
f20f9642-12a3-436c-85e6-f527601a87ce,361.558061793912,0
f34f077e-61a4-4e9b-ae8c-61a21a25f2cb,361.546811793931,2
1d6a6668-4b84-4dd3-b12b-5da734ea9867,361.307020127308,0
fdfd6f2f-9c11-466a-bde8-c84cbf15151e,361.085341886617,2
cdafb043-9c8c-491b-9e78-72f2e53d8b86,360.660932164639,0
314f032a-d0c4-4401-85af-afb0a7838447,360.602760868147,0
5b88a9a5-32ca-4a7a-ad17-d83801f4f95d,360.525260868017,0
ed7f6a15-b9d6-42f1-8b72-2052470f6da3,360.347228460945,0
7e8e53c9-046e-42d6-8f2d-7bcc72cf1d34,360.196858090349,0
2708cbd0-c87f-4bfa-96be-a1844edd9955,360.173246979248,0
0e8b335a-8fd0-4e8f-813f-4d2d80171e4b,360.10283031268,0
d247e211-d26f-4754-bef6-4577b445662e,359.19168447936,0
fc663e74-8ca1-45b7-b2f8-bec0b633b775,359.175584942102,0
3009c8b7-3129-438a-bd5b-ab5c87165740,358.502077997662,5
5b546125-bcaf-40a9-ac0e-50d5b7e1f7a7,358.47879096074,39
ef9517b5-46cb-4873-b99b-9e072a3e6a29,358.331279386766,0
5eee1164-fe64-4679-b828-7881fb023432,358.174068738706,0
e692e851-c66d-4905-bd77-2d4bf5be4bdd,358.019971516449,2
9fd5cdb2-26b1-4768-b2fd-3635572b823d,357.981788645964,0
a2c3e77e-dc19-4cc1-9daf-a2e9bd256613,357.725550219882,1
f5ab046e-f9b5-4fe1-b4cb-a5c867c0ef0f,357.446950682905,0
9d93abfe-20cb-4788-a542-76fa15320e3f,357.261395127513,4
8a647d47-b722-469f-949d-6b628bdda823,357.24374466436,0
a76c6fec-817c-4c83-956a-6e35f0791aca,357.21755253477,0
0957ed8c-374a-4851-bcac-4e34807e5c64,357.108814109117,1
6252f253-7245-438d-917b-f051c59bf0fc,356.608721516095,90
4d6bd03a-0a2e-4391-b646-529d018741fd,356.600932164583,115
44870c62-37db-42a3-a188-3268837da754,356.600816423539,0
5be9f39f-c1a2-435d-9103-de7713c91682,356.600098831113,6
83a3899d-4fab-4950-a51b-8f0efd55b83c,356.594091886654,1
6e40f766-8566-468d-9cc6-0dddc8697b57,356.548686794005,0
727056b3-a464-4044-967d-a2d3e8412802,356.541383553296,0
b904eef6-39e7-4a22-ba3a-5ba8e3715930,356.493860405404,0
a8c50e9a-8711-4a93-a7e0-25f45b046e6f,356.391869664658,2
9747bc76-037d-40bc-9ec3-d79b4b6025b7,356.379404386505,0
8ff2ee04-61ef-4a0a-9623-70f4d63c13d3,356.312321053352,0
5a9e799d-f8af-4993-8eef-1dd4ead43dd3,356.275712257251,0
7859bc78-34c6-4b7e-af3b-a8bd55cd18fe,356.225284016225,0
d3e67e0c-803b-4b8a-a72d-79d1ad9d8d35,356.172957627568,0
aafb7ea2-76bb-4bae-b895-9ba77937a9a8,356.120932164602,6
d11ebefa-9504-4986-acc8-d2e30c947a9e,356.070179849863,0
61795041-2c15-49ab-8c09-c2ff4db7da95,355.590226145927,13
c434cf59-c14c-4deb-99ae-cd81b29bd67f,355.582471516449,6
1c2d8e76-a623-469c-ae49-e60fbda44b35,355.569971516263,13
262fdd9d-9d8c-4895-ad8c-0b5d9e22f431,355.399300219957,0
8a948e7d-94e5-4f30-9e14-b3e2c064cf44,355.397448368371,0
4458111a-6537-443d-b14a-69eead775102,355.385341886897,0
f8e53a7f-2787-46bc-8b11-18b3d77af4f3,355.195527072065,0
e2ae75a2-f27a-4148-b7fc-bb59137aedbc,354.616383553483,0
5b49dc98-494a-4428-96e8-9c9d5f5ccb48,354.534057164565,0
6ba34d13-34f6-41d9-8bdb-09e4a8fc60f2,354.523952997755,1
24435661-e150-48e9-bdaa-08d8f7e480df,354.509115034714,0
c16b5ce4-60a4-4db2-8289-8a11e814b618,354.454531701282,0
e2c9d86d-5c6a-40a5-9c0f-f06e6de08d2c,354.353999293875,0
34b5b3db-7cdf-48ff-ad33-e6362ac16ebf,354.333640497644,0
d6599cd0-af70-4ff0-9f42-6ce578511db4,353.833409016486,0
58626d92-16f2-4ce9-8524-6f6e325086d3,353.630897442345,0
73d2db88-d669-4938-9edb-5a69f52a9041,353.579774756916,4
a4ebd56e-0aa5-475a-9f7b-dd4a19d6ad1a,353.573802534956,0
3d291706-eee1-4a7c-b8bb-6e6dd6787236,353.500515497755,0
36ca9b93-a5bd-4002-9a50-eda963858727,353.436383553315,0
aa53fc96-a6b2-4af7-b20d-b2162f01a1bf,353.406661331188,0
447beb89-bccb-43c1-8dd8-0348c7132d2f,353.238096516114,0
338f2025-8822-4270-9d5d-cbe884f79f30,353.029427534901,0
745989b5-8603-40f5-92c4-dce73ecf09ed,352.560862720013,0
a4453fb3-7440-4843-800c-ed116186e3a3,352.51133725699,0
29d5f9c9-9652-4b68-b531-11142ebea252,352.466638182756,0
24365fbc-c350-4187-a305-148e73af400c,352.332633553538,0
74fdd778-0e98-4bf0-a853-949fdf11a709,352.3026914238,0
4a36754d-d539-4e9d-890a-9d545eb3caea,352.205677534919,1
771acaec-d870-4559-a974-d5f56871d8cc,352.097888182849,13
029582ed-b0ec-4b76-9be8-a93f6b288619,352.060411331244,0
6aa2d767-0ebe-48a4-9405-c087b82e3987,351.467367349658,0
13114de7-15fa-4b31-bb11-7d32e63d800e,351.431441423483,0
184f7116-f824-4b60-b1b4-6c709356f541,351.163594201673,0
73217671-f98c-4585-bc07-c8072e43529b,351.122309479397,0
49095bb3-5b6a-42a3-8659-a8fcbbd5df1c,350.618767812382,138
0d975489-198c-42fb-9a6c-69aba41d5231,350.616788645741,21
d6254700-3a85-44a2-a81d-237eee905f3c,350.616649757139,15
2a5a4a90-fe7a-4b92-b5ed-3f30ee12c9f9,350.615885868203,71
7936b59e-550a-45ef-b02c-f1877bf055d9,350.615480775479,5
d04bdc82-d7a8-4ac6-8e2c-3c0c55a7b0bb,350.615365034901,65
15b7bd64-c2ff-4170-ba0d-cbda28c8568a,350.6151914238,21
7720a4db-fa27-4151-b354-7b2c8d2eff3f,350.614392812829,1
62559893-3611-4bbe-9423-ebbfb45e7c65,350.614242349751,4
3f535d2f-6260-4319-8ba0-f61e532d933e,350.61373309046,8
debffc68-840c-4faa-aaed-5344b0065b1b,350.613698367961,4
11f66874-82d3-4472-8f28-594a56a2501a,350.613478460815,165
a1188eb1-6d43-4518-831c-48965dbbd220,350.613119664602,19
439ee40f-f719-451c-a786-861788dbf2d6,350.612980775535,34
4bd2fed0-e9e1-4e61-92dc-61974366acd2,350.612876608968,160
4bedd9f2-cdf6-4e2e-b7d8-5c8feed92efa,350.612517812755,3
dc509df9-0dc6-4e73-86e9-8eac0079e63e,350.612413645722,101
13a5289b-262f-4ffd-9345-7840c766d7ba,350.61210114602,114
31ec8a06-d986-4a7f-adb7-5cf79e3ca10c,350.611684479285,151
00d8af70-17fb-422e-8675-37c8c47c36fd,350.611510868184,9
a734e5f2-9883-416f-8db2-0b5f138ed1a0,350.610781701282,320
7b27a545-6c2c-4218-b8b6-7413fe24bd17,350.610723831225,2
3775a8b0-b4bd-44f2-9fd3-f27f965dc1b8,350.610619664658,5
aea2bc93-f14c-42ff-a69b-cde9b75c2988,350.610515497625,27
1e93423d-3387-4da5-af27-168a09e3a4ec,350.610121979378,4
ebd4ae22-566f-495a-ae03-9ef10a768fb5,350.6099715163,3
5267681b-188f-46d0-a38b-6135db542143,350.609867349733,3
75d1cc36-65d8-4f3c-b0cc-f5b293e481ac,350.609566423576,4
bc0953c5-c23f-4cb5-bd25-68c03871ac0d,350.609531701542,1
4d0f7787-408b-4e3d-b348-844ad440d3c8,350.608142812736,0
fe3fe40d-0ced-4909-96b9-c69b4cd6b7a9,350.60805022018,183
e0390067-8c74-4503-a462-28a8f36604db,350.60654559033,6
ab8862c6-feee-4e55-8cf9-bd2e99ad6c6c,350.60558494227,2
2fc8cb01-d7ad-48cb-85ce-02b29dd69174,350.605573368259,1
c8bb8c90-4d11-421a-881c-99370e964c54,350.605538645759,80
2517b52b-122d-487f-b727-780ecccbf42c,350.604149756953,2
093f1091-fa89-4c3c-bcd8-d64c389045b8,350.603814108763,1
7b44dc1c-09b3-4bc0-949a-986d372e0130,350.603189108893,9
60ef7749-042d-48f6-8b64-e659f5dd89ac,350.601788646076,6
a70d7380-fad1-4ad8-88cc-a79182e96999,350.601753923576,0
66b2ec90-f3a1-4fa8-9326-b5029ef7b36f,350.60153401643,8
9a073594-bbac-4c18-8d1c-9333e137ba4f,350.601510867942,145
f04c017f-4d0f-410b-b747-553f50caee6f,350.601429849863,42
31627fe8-813a-40cf-9e12-8b728cefc97d,350.601383553352,13
d8e5f5e7-1fb3-4a58-a4c0-44c18ecef424,350.600723830983,26
9c1ab353-7f81-43f5-8f96-bb8fcfa319b2,350.60070068296,4
b20313a1-663a-4cd8-b535-2d311dd7aa31,350.600503923837,4
4d0cbf1c-5f11-4c36-b935-30694515e3b8,350.600434479304,100
74e504d5-95fa-43c5-a70d-7b4b8d40afc6,350.600318738725,27
98cdeffc-ad39-4e04-a136-d4eb11f1678d,350.600318738725,20
a20821b5-019a-41c7-a9c3-b9bc58ed69b7,350.600318738725,27
4bebf30c-47df-4fc9-af38-a55702ea1d58,350.600075683091,22
a61b82bc-cecc-4d8c-9cee-36d8665631e0,350.60002938658,46
b7b801fc-dd6e-42c4-ac12-413d01ef23a8,350.599948368035,2
bcce6ebb-c355-486d-ae55-203948c0d82a,350.599948368035,9
8dd6d27a-9351-4ce4-ad7a-59fac09846a1,350.599520127289,699
61899195-700c-4b38-b206-2539af23e4aa,350.599427534733,30
86216a38-3978-4a7f-a85c-5ca4379e828a,350.598976145964,15
046ce80c-65e2-40bb-864b-8790592a2793,350.598952997942,2
11093064-4a59-461d-b25a-1259eafb857a,350.598871979397,55
32145fbc-9972-4787-a7d5-a42558fc0e1e,350.59857105324,4
8660bb1b-75d7-4559-b601-7be20175ac8d,350.598547905218,113
370667ab-f3c1-4c72-be96-227e9f20389f,350.59823540505,1
325e197f-c5dd-423a-9aec-e9b8be5daa9c,350.598003923893,1
d5ea73eb-9828-4786-a843-e1a516ffbf0d,350.597575683147,143
5435650c-871b-4f8a-b75a-df52ed85b832,350.597483090591,19
9e2cc858-6906-4285-a1b0-622aa295eb3e,350.597321053501,2
3707db64-08e3-4ab4-806e-8f4df1e3d948,350.597124293912,3
f524c272-4c9b-47ee-bda6-086bb25d942d,350.597020127345,34
db667afe-1780-45a8-9171-742e60c5d8d1,350.596858090255,13
4e56e457-6dc8-4b1a-a114-f76fbe7fb0f1,350.596834942233,114
77ad42fa-e828-4cea-a9cf-cfc8c75e4dad,350.596753923688,18
a33fbc2d-897f-4e51-a0eb-8faf2ef07dcb,350.596707627643,2
451766e5-10d1-41f9-b176-ac3aa34e5a59,350.596580312587,2818
8c55d9c0-f45b-4df2-9c2c-752eec6b334a,350.596395127475,1
c1ebdf9a-a1f1-459f-9239-8772c1b111a7,350.596395127475,36
7d9e2c7a-4cbd-4142-a4da-0483c60c5f33,350.596360404976,282
bcaa017a-d204-4015-9317-24f0bce0efe7,350.59626781242,1
40c71acf-5f47-4fa8-a706-0d18721b9ac3,350.596186793875,65
15455e46-0090-4607-8d98-cb659aea805f,350.596175219864,71
53db2c9b-e438-4239-8fdc-755f250ed37c,350.596163645852,26
752cb933-ce81-40e5-88eb-49916bce80af,350.596163645852,2
d50a354b-bac9-4eb8-b139-7e1f51f95d1b,350.596163645852,972
a6ec77c1-bc9d-4e56-8496-754d1a7b31b0,350.596152071841,2
2fd390e4-632d-4ba4-b848-f44dbfce7aeb,350.59614049783,452
5097012c-1b56-4e9b-93e1-34ceb0913b9c,350.596128923818,3
16da3115-d4c6-4ff8-898b-b18f5fff6bf2,350.596117349807,1
d70ada71-0be1-4485-bc23-eb1ef9278659,350.596094201319,4
24a89405-3f61-417a-ab77-127128cae21d,350.596071053296,1
0ac926ef-5ca1-460f-a261-a672cb3e02ad,350.596047905274,142
dffec636-72c2-4d2b-9e58-fe30e59f8ba6,350.596047905274,34
fb26ba7e-05b3-48c0-9c4e-9ec5d30ea6bd,350.596047905274,1
8c5dd872-4611-47dc-bb54-37302bcfe125,350.596013182774,37
a529f176-f4ce-4c44-92ea-42c4965f2958,350.596013182774,5
b8aff830-252e-4094-a39e-818536aeaae0,350.596001608763,20
151faab4-dbae-4858-a93a-f0d9b6bcce58,350.595990034752,5
32f47b8f-7370-4312-b41e-109675b9c81a,350.595990034752,10
785506ab-0e35-4f54-8fab-67be77c73d28,350.595990034752,337
77e1da12-9763-4dd6-9dcf-d050a0afcc01,350.59597846074,97
8b1bc38d-0789-4ea0-adda-74e32d56e114,350.59597846074,0
9ae5ec6e-2f4a-4101-9108-1e636de43fd4,350.595966886729,249
c9f96acd-9fac-42eb-8f8c-762fa7013085,350.595966886729,153
25e94758-1d7d-4868-8950-1a63a662a994,350.595955312718,4
2d2d5668-75bb-4f3e-aa67-f9665fa17da4,350.595955312718,0
3f0cc642-a4b3-4a0b-a855-06c87218cc0f,350.595955312718,3
c544f7f7-a7f2-4c21-8395-ffda8058cbaf,350.595955312718,3
f41dbb89-f839-4fb3-bef2-dd6001bfa92d,350.595955312718,14
04922c03-c42f-4591-92b5-cfb33375fde4,350.595943738706,27
3283e0bb-8fb7-449d-a421-e9e0ae6d434c,350.595943738706,1
4fe323ae-6b22-4ddf-84f4-a66733d4332c,350.595943738706,1
8aa31310-f419-4680-a3c7-15639ab63ef0,350.595943738706,102
5591001c-2b7c-4655-94d5-b0d29a6d90c9,350.595932164229,24
b393b233-9d51-44f4-80cc-f4a97bb9fbd3,350.595932164229,41
49b54882-f61a-4f81-a4cb-2be683b3601e,350.595909016207,15
c609fb20-e579-4e83-a4b1-c38a66632d60,350.595897442196,1258
263d0c84-a0b1-4e4b-bac3-1c600fdd5a18,350.595885868184,1
2edca360-a1e0-4033-bbd8-9c8f63db38ef,350.595885868184,18
972278d7-1d99-4455-a652-39dbb88c5ad5,350.595874294173,5
9d2afbd2-44a3-47c2-b6bd-8fdeda8254b3,350.595874294173,11
132da13d-378a-4217-ac38-2cc268c5aeb9,350.59585114615,1
9f382ac2-aa0a-488b-b049-dafffab7cb9b,350.595839571673,10
d687eb95-9735-46e1-b600-6f71cc0b60fe,350.595839571673,13
06ae0c96-70f2-4a52-b952-9fb92689dc81,350.595827997662,29
7a7ec9cb-56c0-4f0f-b894-c64ddf407829,350.595827997662,7
b4a80f2c-5883-4f1e-b1b4-728ce6107e9f,350.595827997662,240
a9be2cbd-a804-4177-8599-24af3b573003,350.595793275628,0
cc0b3d59-426d-4dd4-ba36-dd127120d1a2,350.595793275628,1
040f3c5d-26db-479d-a871-3d5ba2cd3ad8,350.595781701617,0
416e3c35-990d-4605-90a2-3893af7f4628,350.595781701617,1864
d58e3fb3-b131-44ba-9cb4-d391d4947b56,350.595781701617,1
74895d46-c052-4d0d-b206-ceba9e11592e,350.595770127606,2
afbc5d6d-ad88-464e-9b2b-235e4996c3e1,350.595770127606,4
eba5390f-bc46-4ffe-9229-b558ff43cdfc,350.595770127606,0
d8280519-16fa-49e3-84cf-dc0eaa72d112,350.595735405106,1
651a35e0-5b58-4deb-8f66-5e44ffd51527,350.595712257084,7
86840d9a-7691-44a0-9458-354cd36784d3,350.595712257084,18
f4d1ad19-d18e-4fe7-86b5-3077556bf46e,350.595700683072,1
73b80506-7189-4120-8f24-3405cf604ffd,350.59567753505,141
57f6c378-8def-408a-bfdf-966bf3395bce,350.595665960573,32
ee149bb9-eaa6-4bbb-b046-54e321a4656d,350.595665960573,4
8e055261-647e-4dba-87b2-2de4a76ac0c7,350.59564281255,14
20fc6c3e-fc9e-44ff-ae2f-3c1c8fda6599,350.595631238539,1
309bd4ad-7281-473d-a18d-23120abc1ca9,350.595608090516,26
930cecf2-417d-44c9-9114-e869ca63c688,350.595608090516,27
9643ae6d-7d84-4219-acd1-9483b3ed1f0d,350.595596516505,1
19fe8a19-1e81-404d-b860-e28b3b297824,350.595573368017,37
4dd78a5a-5d5c-4737-94e5-bc762db31810,350.595550219994,2
c748c564-6d0e-49b9-892b-09d64b99339b,350.59551549796,18
5d69a93f-9ccb-41ca-a978-b984454054f5,350.595422905404,519
82cbd201-c4d3-44d0-87b1-df37b2888720,350.595376608893,53
759c4cab-e176-4413-bab6-0fd808c8e028,350.594797905069,78
7c9356e2-f045-451f-986f-9a2d7f3e97d9,350.59468216449,22
0d97bccf-d81b-410d-86d7-23bb78876764,350.594601145945,23
62fd22d4-2a93-4d97-9ca6-45965c6065e3,350.594589571934,192
6199e861-71ac-498a-8323-3fd347c410be,350.594485405367,11
a65657ad-68ea-4cb8-bb7f-8ad20d69f54a,350.594439108856,4
df903189-8dbd-4bcd-8091-32f491d5087e,350.594404386822,6
e5f0f0bd-55fa-4cc6-ba35-365da176344f,350.594300219789,2
f5977141-dddf-4b15-aca5-caa7868e9cba,350.594300219789,19
bdfb2303-b883-49e6-828a-224218fbecc8,350.594045590609,10
a6a20a16-e8f5-4dfb-8428-807d211869d3,350.593952997588,2
03a53a4f-86d3-483d-92c2-5c68ed9b7ea4,350.593860405032,1
11a50b0e-0c30-441b-b5fc-2a9d34990809,350.59384883102,3
6fb89a3e-a246-4848-bfdd-cea87d45b3b4,350.593825682998,19
b3e4d039-7de2-4984-9309-5aa053789916,350.59372151643,4
9da36474-7377-46ce-9d64-bf6a9c102524,350.593524756841,5
c5db0a6c-fcaf-42c9-be2b-0e545bab740a,350.593397442251,257
48174b7a-3f12-4744-a0dc-822c358ffb34,350.593223831151,7
b98b4d7e-c002-4382-9f2b-dda70ab9b109,350.593027072027,24
6e36687a-3238-4337-9510-11d08bc779df,350.592934479471,3
5ee6b23e-7d0e-4068-b33b-ddd8557c1afd,350.592795590404,8
01cde407-359c-44a9-9979-96e07ac43e53,350.592726145871,19
e777e439-d5fb-4875-9b93-c2eeb61d702c,350.592679849826,22
6b7f4e79-e668-439f-9501-d3d2e30577b2,350.592668275349,15
85ca5791-37f6-41a4-b85d-6c0f174778c1,350.592274757102,31
8ad4f6e9-723a-4217-b880-848fbb28ed3e,350.592228460591,1
c72ffaf4-fccf-484d-aa83-4ba4246c5562,350.592159016524,33
541e90d6-54dd-457e-b257-663366977aff,350.591962256934,19
cf5e61e0-ce88-4137-b4bc-09707d9bdd27,350.590932164341,54
79e83d8b-7d9f-4f8f-99fb-edc8346f066a,350.590781701263,2
6e54ca8c-41a6-401a-8a0d-57a1da37745a,350.590735405218,1
e0d9b906-d9c0-4392-9309-b04db59dec0a,350.590677534696,153
6668f338-bf25-45ca-958c-94440f5e078e,350.590330312494,743
3be0c990-d569-4858-948d-4d0902d8bf39,350.590145127382,21
322b5d47-589b-4839-bd85-85fa46726cc1,350.589612720069,4
fedd5aae-87e1-4b5b-82bf-3c15585acec8,350.589520127513,15
443b91b0-0fc6-4dd0-b297-7255e24f5b93,350.589358090423,5
551b1369-731e-4d29-9465-86ace4cf28cd,350.589277071878,1
04101b81-6ec5-445f-8a11-7539ecad2261,350.589265497867,5
3b389abe-9f0f-46c4-b734-f1b8b96e981b,350.589138182811,13
c0e7530c-a5fc-44d7-8a9a-653bddadfb41,350.58899929421,7
3b7f7d90-148c-4730-a265-8d2396f8688c,350.588871979155,8
c78a113a-da66-4146-92b4-d816d877ac2c,350.588443738408,0
fe035f20-c513-40a8-bd50-ff642a3551ba,350.588339571841,133
07b5982b-6c19-4fa3-8131-9ddc3106e1f3,350.587818738539,5
153333a9-6897-482e-ae8f-dc14ff06bef3,350.587691423483,10
c8f920d7-9d5a-4923-9b6a-61c275b488de,350.586927535012,0
230b74c9-5bcd-45b2-a616-0ff84e98e5bb,350.586800219957,43
eb10cc58-b6f1-40f1-8743-db7aeddaee89,350.586800219957,186
f1304081-580f-4549-a481-96ea7612a0de,350.586753923912,128
e3df5a4d-4586-46ac-97fc-3a172f99f2a3,350.586140497588,3
4af605dc-ea27-46de-9818-57a330859677,350.585665960796,10
e546ad43-470e-489a-93b1-e7461467ecf1,350.585619664285,220
98b376fa-7378-4034-9b94-dcfce4c1f0d6,350.585179849528,6
8942fa1b-72a0-4928-9ece-4eb78aabab03,350.585052534938,43
53f179d1-b7a5-48f1-a780-1b32bacab3c7,350.584624294192,17
cd607e8f-4130-4503-86e4-a563c4d80b99,350.583918275777,18
14cbc401-8f27-4d96-bbfe-76653334fc35,350.5837330902,19
d76a45dd-1d9b-4e41-a608-ed91fac0f9ea,350.583721516188,1
e6b10dec-098a-47f6-99cd-15088fc8ec11,350.583466886543,16
8baf356b-327f-49fd-8dda-f56d374dc18d,350.58344373852,19
f60a29e0-01c9-4167-836d-7d325c03b463,350.582332627382,28
68781b46-e19f-483f-b78c-cd6d20f39eb3,350.582159016281,1
2d48d1a3-dc2f-4645-9fd9-3342a32f22f0,350.581452997867,8
423b3b6d-7208-407d-98e3-8c8d939d0053,350.578605775721,7
4ea30ee8-88c4-4a28-8774-b7db248327cf,350.578513183165,18
ba7e64de-6a44-41a2-9fcb-633252c0bee0,350.57825855352,2
1b71253a-61fe-4267-aab1-413d5b5a20fd,350.577946053352,7
6b5a0344-35f3-46fe-9796-a1f0df9985dc,350.576904386748,0
1ecf3740-1e42-47a7-a1e7-465ffebaadc6,350.575723831076,35
4ed7d014-52bd-495c-a313-b0d5cf6d8ebb,350.575029386673,127
2df3fa63-a588-4ef7-a0a4-e2011bca479e,350.574936794117,1
52bfa997-9411-47b2-abb3-44c442e2c1c3,350.574705312494,2
3a400704-5e3c-46a6-9f2c-29a202720ad5,350.574566423893,1
93dc85bb-35de-4c16-8532-2700547eeeba,350.574277071748,1
2d384219-19e2-4d77-92c0-ae0f99d44b6a,350.573952997569,1
63250b4f-45a3-486b-8d5c-0aa678f6e742,350.57236734964,24
592048ed-0a86-4dec-8818-67d9a162d87d,350.57224003505,76
e6ad7df3-0a2a-4c4d-9a03-8a088cfd5dad,350.57207799796,5
75daba1d-8fd7-4b3c-bd54-a4821cb69038,350.570712257177,22
604099b3-61ca-4c69-98a6-0de95f728f88,350.569381238427,37
ddd7c0f1-b5c6-498a-b5f0-26fce822592d,350.568409016356,1
12150e63-0370-431e-90a2-aec1df7d5a5c,350.566753923893,102
30db139f-0182-49a4-a16a-0189864ef395,350.566036331002,0
fa9fe054-b25d-4e4f-945b-f9452e4b1786,350.565411331132,22
c70b02fe-7ff6-4613-8939-dcf3fe139b4d,350.564589571673,2
151d59d8-ba31-4ce1-96bf-ce8b9acef7de,350.564415960573,6
ff5d2399-6b53-49f0-b41e-fdaaa0da172a,350.564404386561,385
a28b345d-df41-4ae4-a45b-5476bfc8c3ea,350.56439281255,1
9b9ffb1a-cf04-4a03-aacc-bfcaf29bd94a,350.564369664527,3
441ac25a-defd-40af-ac28-4ca65307dfa3,350.564358090516,3
13d0b3da-f39e-4d3f-9946-dcde73ad9919,350.564346516505,1
77965e7b-16cd-4d6b-a556-17817c764266,350.564346516505,22
83a59d65-35e1-4ec6-9266-c6d131158542,350.564346516505,16
ed9c0409-6a2c-4adc-aee5-739bff9d2dd4,350.564346516505,135
c371535a-1046-47d1-9037-5c78442f14dc,350.564311794005,2
4a41a2d6-fe8c-468a-81b1-362accfbb746,350.564300219994,48
fccb13ea-ea98-4fba-afc2-b87f1ab7375b,350.564288645983,2
531547fb-bfea-4bde-b84f-765f6b32c0a3,350.564242349472,10
9557f6b9-7773-40cb-94f7-d804b9d25e15,350.564230775461,57
24010071-9319-4845-89e3-bdccd4f85fba,350.564196053427,5
79699977-63e5-4c05-bc5e-d580cd5b5e92,350.564196053427,3
a84288c2-8e1f-4275-bd23-490b795f42e5,350.564184479415,13
d3a67a0f-ccd5-4453-9d5c-3292259d024a,350.564115034882,54
19c5caa4-0bfa-4e92-a9d2-1835ec3eb6cb,350.56405716436,2
748d4b6b-3661-464b-a894-0608a4275001,350.564045590349,11
a04a0c12-968c-4599-a07c-01785b692f38,350.563906701282,10
b83eea61-add6-4db1-a179-fbd18e5ab94e,350.563779386692,2
0669e202-3be1-4bf5-8d06-df3839de88f2,350.563362719957,2
8ccb0d68-3199-412f-be40-e6285c105ed0,350.56296920171,0
cc715c34-029b-40e0-9a28-64cd1b9d36ed,350.555527071934,1
e14c4e90-f470-41d6-a4d2-5b5a95eb91ed,350.555052534677,11
1276b8a3-4a72-4297-9aec-3439ec4d663a,350.554172905162,41
92a6a959-de88-42f5-a4cb-8409dd51510e,350.553929849528,30
ea802818-9f06-4ef4-bffb-11322a2a7aa4,350.553837256972,16
461ba88e-af99-4668-bfbf-5f024af728dd,350.553744664416,20
cd0ed484-12db-46c4-88e9-53081fc0dcf8,350.553547905292,489
5dd7b1fb-00ac-4a40-b3a8-7800f8bfca24,350.552980775479,1
edac6a5d-ea4f-4149-9bd8-ebfd3e6b93b6,350.552946053445,10
0dc61e8c-2a4c-4b2e-bd70-fa6d1f68d9f8,350.550110405311,2
bddd7020-9f8e-4940-95ef-a433617e0f85,350.549647442065,2
81a26bc9-6213-4b6b-bd32-01428fec52a2,350.548466886859,2
1a805522-2e7d-4ee4-bdb0-276f2e8f9fff,350.548015497625,3
64f2a671-4028-4331-b1bb-db18c753cfd0,350.546580312774,13
9ef2059a-258b-4b54-a48a-84aa70ee7176,350.54630253464,5
8c78b41b-6957-412b-a21b-d91ef32c71f8,350.546233090572,3
8c87b3b4-eeb9-49a4-91e6-c4d429d40d4c,350.546233090572,11
8731e781-a63d-4a26-8f9f-c191a943090a,350.545770127326,2
fddd852e-b236-4f90-a691-5cdd413427a9,350.544149756897,1
d0ef090a-a975-4751-aac7-ef590a5b1518,350.544010868296,0
feaf5924-810e-48d0-85c7-b4d0ce77b15d,350.543733090162,27
29d27b3d-1a14-4c37-92a0-cea28c10bf29,350.534577997867,6
db1cfd5c-c9f2-4ae6-a25b-80383e248cff,350.532483090181,34
3260279b-6a9b-4a53-8ad3-045a1763fe8d,350.531834942289,24
806965a7-880b-41cc-a2f5-dcae04c345c9,350.528848831076,31
c7565e37-2b66-43bd-a6c7-11515bc0229b,350.52829327574,6
bb9e8c5c-1a84-44cf-a469-0d7c31422b1b,350.528061794117,3
f32a1cda-a38a-4d7a-bb41-b9b2aa2b08cb,350.527598831337,12
21ff9333-85a1-4ca5-8aeb-c1a8d5d132f1,350.512610405218,2
ec9d43e0-dbc2-4c93-b0f3-78849f8d5450,350.510133553296,177
9d1d85b0-e680-405b-bbb8-66269e2efdf4,350.509728460573,3
588217fa-cf1e-45e9-ab94-3172d94ac41b,350.509693738539,0
9c34ec37-eabd-4693-ad28-250bd18cf612,350.509612719994,4
384608d9-ec36-4c67-9bed-64782e72bf4c,350.509601145983,26
6985f412-d762-496e-9ab1-15716e652466,350.509415960871,2
2791e19e-4985-46af-b827-c448225639ac,350.508640497923,3
3f4a357d-1d61-4805-a0d9-a235dc6e29f9,350.507807164453,1
de9805d3-9c05-4f95-9176-8232bb97453a,350.385284016374,0
665ae699-5dbb-415c-a94e-be9bfa33c87c,350.364705312531,0
63e590b7-1bbb-4369-a09a-e96634fa559a,350.335561794229,0
92feef76-9fbf-4786-9612-caf7bd3b61c5,350.310318738688,0
0f855a75-2777-4865-aab7-8cc492013b1e,350.310052535031,0
4f12e33c-4151-47ec-8ad2-52e9d96fc6f4,350.252309479285,0
66ce0b0b-0887-48a9-a5a0-857c9126be8b,350.158443738706,0
2db19657-ce62-4faf-9a9c-d97e4710c330,350.105006238446,0
70f8b850-2c28-432c-8385-642f17a085cd,349.620561793912,2
c69aed10-7c1d-4808-88d0-23f2b7e05f26,349.619612719864,38
c1d5c085-3ba5-4629-b108-dca522b4b05b,349.619300220162,3
2cb7ceae-b332-428f-9d80-51ccc564b3fa,349.618686794303,1
a5b05605-ea1b-4e8d-aae6-0a0aae4146ec,349.618594201282,9
6a361f51-2030-44e5-a5b5-45f93e97a507,349.618316423614,22
fde09947-3b55-4659-a0a6-5757bbf38b76,349.616510868073,408
2a322f6c-d7fc-4dd5-81a8-ea34aed52ccf,349.613652071916,74
bb0d3fcd-4890-45e2-a6e7-007342de1f60,349.613270127214,8
6616759b-d563-41af-ad84-c75bd16620d7,349.612459942233,4
e3828641-02e8-4ff4-8293-78876e0417c8,349.612459942233,450
2f02005d-d736-467e-90e4-45056022ab73,349.612425220199,68
d68b5448-512b-4749-86c8-52b8e31b332d,349.612344201654,13
b5964f8a-30b0-48d8-a19f-89509a96b006,349.612182164565,3
efb1257e-52de-47fc-8b00-f104027ad7ef,349.610260867979,29
0cac5e84-7a72-40cc-a453-da32a463c92c,349.608779386617,16
6f7e4222-46db-44ed-8ac8-2cb59d0573d2,349.607540960889,28
aedc06d0-93d7-46b7-a353-248df95f98be,349.60654559033,1
0bf582b4-6ec8-49b7-b767-e8472eaaf20c,349.60592059046,9
6a862aa9-858f-41d0-a2b5-c383bcfe1b1b,349.602378923912,31
27950127-1909-4a5e-bc71-0cd6de705295,349.599959942047,1
c08a31c2-be40-4a58-8c20-4728671157d4,349.598652071785,1
0772ceff-f217-43c5-a4d2-26084455acb1,349.598501608707,4
ca3c3d0e-56ae-4214-b8a0-d3acc3f09eec,349.598478460684,0
be5e0c96-0a18-4d28-a70d-026d518667f8,349.598038645927,3
c167f852-9cb0-4533-9ff3-866322f54d9e,349.597378923558,74
7bf435df-be95-44f4-832d-8fb370794e55,349.597124293912,59
d318c886-aa16-46d4-ad6e-1ebf27474139,349.594763183035,86
9ab91cad-2386-4856-8e1e-51f40ea278a7,349.594751609024,21
37564c64-396b-49bf-be3f-b726944839af,349.591985405423,4
5e0e739b-5d5d-4830-a456-12d33d01f691,349.591672905255,2
c8d60af4-3823-4742-a35b-6c857c0589d0,349.584855775349,2
ad977fb5-5f90-481a-b14b-f789baf35ba7,349.579277071636,5
165a690f-50fe-4882-bee7-b65a5a138ff7,349.569219201338,221
9512d57e-ea7a-43b6-8903-59703ea56da4,349.567587256897,2
a99676b9-00c4-4ecc-8a03-23cf23bc2ba3,349.56698540505,3
cf28bf3b-60a2-4a98-bed4-31a31e4d1d5f,349.566823367961,4
1dc81cb4-aa09-49f4-8992-6060c149af05,349.5500988313,0
f399d869-cdfd-4a86-93c6-aea710d56aa9,349.546927534975,6
4ae5ea33-9301-403d-a8b8-d396fff1a66d,349.546337257139,1
2133a0df-d586-420f-a052-eee5c928fa82,349.546094201505,20
01493e20-37b4-4b18-84bd-3d1e7acf1870,349.545943738427,41
1dd4b8bc-f909-42bf-9748-88decb919c94,349.538582627196,229
5754989b-9c52-480b-80ae-af69b795f730,349.530654386617,0
f2a56851-41ef-4016-8903-430ff0ab4c05,349.40212429408,0
376ef93b-5ebd-4ade-9952-734eda38be94,349.363871979062,100
3ae37f43-02e4-478b-8784-5983bb5ac338,349.336047905032,0
9d71b614-62d3-4853-b8db-d7f338b246fc,349.261765497737,0
a6e4050d-a9e0-4fcc-9022-b1d4d849f16f,349.167517812457,1145
a8bb0238-e5fa-46b4-8cab-b066747dc86a,349.104983090423,0
7111f7ec-3f5e-4eab-bad9-f096d61a1e1f,348.756441423669,0
46242821-ccaa-4b1a-b4bc-422e4ea56f74,348.623246979434,1
50af7aa2-2221-4ea0-adb2-1ea77056ea41,348.621071053203,11
8ca7f8ec-4bf0-43ad-ab09-5af92eb9326c,348.617506238632,2
e0508c05-961a-4347-b952-74a247bb7c2d,348.61744836811,27
3c7a7587-ea30-4dca-a45a-7d4061230bfd,348.617390497588,10
7fa8366b-a07a-47e0-8b6a-48f476dde356,348.617367349565,2
2cb4a03d-1fbc-4fba-b67f-6e904a0a655b,348.616777071729,12
cc6d1a8d-710f-4c1f-8fa4-76df265423cb,348.615307164378,2
d0140604-261b-4d5d-8dec-651859d9eb99,348.610064108856,43
468476d8-728e-4324-a139-943af4d3896f,348.607483090367,7
64f3ab7f-1c5b-4925-90b9-bc0ac73bc140,348.604138182942,1
e2c1d224-6065-4b49-9450-de76ae4dd3cb,348.601707627531,3
a1c3a9db-782c-44a0-9f27-631cf314635c,348.593409016263,2
4317dbbe-89d6-4370-9c96-9fe8b31b9206,348.576013182756,3
535ea6df-dac5-4743-8241-596a04495c37,348.515746979043,0
1a1d04bb-3ca8-413d-b5fe-97fa05398dee,348.472182164434,0
9392e3c3-647f-48ba-a14c-bc5fdab03d55,348.341904386878,0
ae5df935-e143-4952-837c-9a185aa2e98f,348.337621979415,0
0a4eb062-1cd2-44fe-809e-922eaa4e8fac,348.330469201319,0
7527555f-12f0-41a0-ab95-89df9aee3c29,348.050665960647,0
949525eb-cb4c-46a7-8cda-523693c59992,347.96166133089,0
72c244b6-7dc8-4646-8cd8-b8d2f5198ef2,347.616638183128,0
dd28e94f-8671-44d3-8c3e-d5557fa01e28,347.614797905087,2
7dab18aa-0a26-4337-8da5-e5d7a65cacbd,347.613223831169,39
f76f8818-7898-49da-91d0-9b4353de7205,347.606973831076,27
ba6c3a4c-de3e-4e57-9899-147d990084e8,347.604057164397,1
881dc810-6899-4b0f-9251-6f72def4041b,347.587471516337,64
fe624c9d-506e-40e3-a4b3-3ab2572803fa,347.567077997606,2
6bffb98b-6a59-4c7f-be54-d12a6c35def5,347.551684479229,7
f8c17587-f4cd-4108-950a-551216a69727,347.536094201263,3
6faefccd-2f65-4b24-b7e4-4a3aa26a8b8d,347.531128923874,4
15068660-8f66-4c3b-bf4d-a3ae8599438c,347.355527071748,0
4a6c5f35-a1d2-4c27-94e6-275f0794c560,347.343860405032,0
4363fea7-4663-4f33-92e1-5af06a1c2327,347.296024756972,0
8d85fea0-bda8-4636-9bb7-1c0cad050d87,347.273281701375,0
6bccd707-2fd3-46d8-8df4-191481426da5,347.265584942419,0
39e5e3e7-367a-4072-ac67-161ab3a58785,347.236881238408,0
9c4a8083-d9e7-4a95-90b0-fe517411690d,347.086580312811,0
699c0394-69d2-4d5d-8b1e-82c919dfcb70,346.616811794229,237
1973914a-64cf-4830-94df-bd1d72b770f5,346.616557164583,51
1c77e0f5-5589-46db-bd0e-3920191d5c2c,346.613050220069,1
e87f1e7d-7bba-410d-8c4b-c8a8cd542098,346.611233090516,4
c325a962-d4d0-49d4-9a0d-6a463a351d85,346.609022442251,10
cd0163be-9681-4537-a408-a54b9c84fb43,346.607159016188,2
8a4cd9da-9640-4049-b003-2241cbc91d38,346.606927535031,1
f517ed30-4a95-416e-ab98-695447e7e0b7,346.60345531255,6
cd40a407-5c94-463d-b9d7-9053bb7c016e,346.603258553427,1
2f249108-f667-49dd-b435-95ed2c218be3,346.60278401617,1
3dd14a5c-fb03-43af-a15e-ecc44ec46e91,346.602147442289,3
c2b9fc2a-1bb1-4b55-bf90-a9037510cebc,346.602101145778,64
2c5fa774-88b6-4c9a-a8e2-574f9ee95e68,346.601464571897,1
b7975147-dc8f-4164-a306-ba18d8d7e1e6,346.599878923502,4
24acf444-5841-4de8-a874-9c8866398b59,346.593802534975,1
42b84d0b-4277-4e53-bb31-ef9adee9689d,346.587888183072,1
cdf6f443-bbf1-4928-939b-0c62bc0f0213,346.57905716449,4
dd54869b-831e-4f14-bcf3-9e4999b99b85,346.535098831169,1
8885a351-8831-448e-b7e0-5c6e264fdbb3,346.526892812457,7
47bfd03f-9704-4a78-bec4-db0989c1d772,346.508490034845,32
18f311d1-45a2-4270-a510-d57a3d21d809,346.508374294266,16
7b42e6fa-1eb1-4431-8c40-f732b01f9b8b,346.507714571897,1
354892b6-34a1-4d5b-b53c-4c9a055ba717,346.463339571841,0
cf5742a2-b416-462b-b6d8-8e79c867d620,346.388339571655,0
9bd51cb5-47b0-4757-a784-b20b9eea6e11,346.271198368166,0
c1d15548-0725-41b0-ab8a-5d993344f0f3,346.129867349751,0
bc873964-4121-4639-86de-77a3fca85f15,345.584172905423,0
a31c8969-4c25-411e-837f-b9aba850ef14,345.548825683072,0
ea552524-ffd2-420e-9e39-e02dc3efa419,345.546499294229,8
cc10338f-4128-4385-af0d-ea63aac09362,345.530932164285,0
e329ea92-389c-4545-8d88-a2ac6e8cd742,345.302621979266,18
6ba52247-2fd0-4188-bdc0-2f7a74abeb23,345.287506238557,1
c0af6970-7687-4ee5-9796-4dacba904939,345.280527072027,0
6257929c-3771-419c-81c3-c8638ea0a314,345.117471516132,0
96484c41-8e67-43fe-be12-9021023b1149,344.969034016132,0
dd1d0fff-c9fc-4eb2-b32e-bdae813238d5,344.80720531242,0
4c3ecb87-12c4-4347-8f25-e29a0b2902c0,344.609925219789,0
029e8e05-08e9-4d06-9b3d-076dcc1f3765,344.191152072046,0
55dfeec5-2319-4aa5-af19-47e001bb0746,344.165515497793,0
333193c6-8571-4cce-a9c0-d565840f5759,343.611128923483,3
cc5e7b24-219c-4235-9627-834913f76aa7,343.587564108893,269
92662570-34a1-4baf-913c-0e66d03bf35b,343.583455312531,40
8f899620-36e3-474c-bb17-a939026345a1,343.575689109042,0
62158a69-7ef1-4f04-a196-2046f1ffdf36,343.573825682979,56
a007b7c7-db41-4667-abed-300cb6592e9e,343.560538645834,14
d66b6be0-6eb6-412a-91dd-bc40b54260a7,343.53138355352,2
868d1d71-71c6-4822-947b-66fe999055f2,343.528409016319,5
6c019841-14a7-4ce2-86ed-86069525c72b,343.525515497662,0
c1e0f979-3c90-4cb6-afc7-a8289252c816,343.386105775367,0
5964c688-8822-4c7d-bea7-00c8340209c5,343.385411330964,0
c7d69c3e-6969-4094-933c-dbcc5399f5d7,343.292702997569,0
135165cb-34fb-4280-944e-cf9e72e69a79,343.276939108968,0
018e57fb-0471-4669-ba3b-f70719025748,343.272749294061,0
0cbf89d1-89ea-46ab-8f97-54f66802d1c3,343.25155716436,0
4d3f90e5-ba08-4e8f-9b54-2e67c2a32f60,343.134404386859,41
bd14142d-0444-44d6-a324-67bed424f36d,343.093293275684,1
3f59d816-58d0-462d-a5f6-201921820771,342.601441423874,2
c5c91d87-c08c-497d-8418-278c5455e004,342.599797905423,1
4ee7ee28-b761-4a31-9dc3-52f523280ce6,342.537390497979,11
635f3c6f-40ef-4a74-9143-dfadf45ddbb3,342.490480775479,0
b7abe55b-e1c7-48a1-938d-8db64c7dfe02,342.402552534826,0
abce9400-c6bb-4cc5-a959-c9e2bdefa257,342.136892812792,0
63bedf52-2b32-4f33-9fa2-065e80853e87,341.618698368315,0
a4106a1c-6ef2-4010-8d7a-2dc1cbdf498f,341.61389512755,1
464da1dd-7b14-45f4-ab5a-815d2d2ab993,341.608744664583,2
7420f47f-3a7d-4e62-a70b-17b2d53054f2,341.557714571711,3
7b484554-8dc0-48aa-90c7-7d749ca99c05,341.458177534863,0
0ba90a7f-c3af-48d8-9a7e-6deb574b8f4d,341.407297905069,0
e20dd622-22cf-42aa-8462-a70e4a2be0ff,341.132807164453,0
5388c188-527f-44b9-a20e-b8bcab0f727b,340.647066423669,1
98a1cc7c-6398-4514-bc32-cc99e514e20e,340.589554849546,0
c9cf4571-aa34-4d81-9776-0a8da89ba9e8,340.585179849528,1
aa2b205d-65a7-4c42-bf6e-3ddfe517aaa1,340.57968216436,1
accd9350-c19a-4737-b6fb-2371b9601766,340.559705312829,1
2b1fd9f0-a427-49c4-a1c8-a041349d271c,340.555457627401,2
77480fac-decb-46b5-9589-c16104026fd3,340.533733090386,1
aeda7162-d37a-4d9e-9a8d-9297ce579a66,340.4901914238,0
1cacecaa-11d8-47de-a2b2-4903bf593ac5,340.43095531268,0
d80b9731-a908-4151-a4a7-16d35ed02580,340.322853460908,0
51af9e0b-93e7-4b29-837f-872c3480d27d,340.166221516207,0
20f15ff9-0d68-41fe-aa04-fedfa95e310d,339.59827012755,0
3a7b35f7-69d4-47dc-ad43-4f2f9173a280,339.578397442121,151
ba1ee377-b165-450d-888c-26227b836db3,339.558385868091,0
de31d5fb-89dd-436d-b0e8-67504df2f73b,339.547147442121,2
2fcf1893-8ae6-4a3d-a413-f08f175b184c,339.432899756823,0
2c9a879d-9a06-46d9-8484-7f40530c9843,339.226094201673,1
d94d46eb-afc7-465b-9cb2-e10ea3695bb0,339.197483090218,0
042be482-0ccf-4715-94fd-da64286d9be3,339.104462257121,0
735e1e6a-927b-46bb-bcde-e7b394920440,339.047112720087,0
4332a65a-b981-4156-93a4-251185ca27de,338.89314281242,0
aaf92334-0fcf-4f85-8b4d-63ae2791e6fe,338.734381238464,0
40d71038-f915-4f92-8e7c-9e554478090b,338.499161330983,0
228e7646-8b17-4b40-8994-29b35551203c,338.491418275516,1
e47fcd31-4211-48cd-9908-fb8983e3b9b6,338.201649757102,0
ef3d1aa1-c4c7-4ede-93fc-521b9339a882,337.669624294154,0
5b035b51-4760-406f-b333-7250e70936c8,337.288165960927,0
d7b77c91-5dbc-4e79-b0a9-94f85661d57e,337.105446053203,0
0c0db744-6eb6-495a-b02d-4621bb8bd7a5,337.103571053129,0
e171ed13-c0f8-487e-814c-d6f8f2eb82b4,337.005723831244,0
070b473a-8707-4c34-bb84-0425266b09ad,336.604774756823,1
85434fef-3968-4851-9926-540336c00308,336.568733090535,6
b4976079-a886-4178-bea8-c98389baf60c,336.561360405292,2
50f93e2c-d0a3-4b07-b233-2d36ebec8f52,336.420133553445,0
8c769d2c-e758-421c-8401-0b0d9ec3ec99,336.412216886878,0
df8324b8-c643-4408-9021-66076f920034,336.156082627364,0
49ace919-5701-409d-a629-cc88e48d2506,336.070064108819,0
58aaadf0-fea8-40d7-916a-09d3005c129d,335.60608262755,37
d947eb0e-aff6-4541-bc3b-9bc0776d89ef,335.593652071897,13
a0ff7415-2ef4-4ae2-86a6-2a8dbaacbba1,335.381858090404,0
8812c33a-df17-4bbe-8ba0-d1a216cd6d4b,335.329439108726,3
41bf803f-cfce-4d26-94c3-ee5205db72c1,334.352054849733,0
ece589f6-9237-493d-8874-982b07776797,334.095689109061,0
adb8dacc-32b8-434d-85aa-5be969b97713,333.622876608744,1
09ae8e28-fcb8-4f97-811a-b9a925618fb8,333.597737720236,3
36655f6c-d222-46be-b36e-3d0e8f747dc7,333.572448368184,0
a2c8207c-3906-44a8-8e55-7d1f648dfb83,333.571892812382,1
a9fd6a82-8b5b-46e5-bc4c-0c5e724a4add,333.563709942158,60
b69b5a0c-5e77-40c7-8ce7-f3ff4888be3c,333.360226145945,0
2171f0f9-a7a5-40cd-99ff-80609fe99130,333.270584942307,8
dde3dd6a-0cb8-49b5-b138-3a546d62ead9,333.016059479211,0
81f2f4c8-307e-478e-a08c-308dc9f03c66,332.608501608949,222
d245fe11-43da-4637-b558-c10135efe720,332.592668275349,11
19893458-c416-4657-b117-8e4205ce3615,332.592494664248,6
04064119-52a4-414f-a939-e09506b8cf84,332.592170590535,0
e3f80fbb-eae0-4729-aef3-6125babec3d6,332.589577997569,20
e8290b8b-7a57-4e6f-8a1e-f0f5c6d134da,332.578929849435,220
302d10dd-c00d-49af-9962-ad16d1a633a7,332.554577997886,12
2e16a6e7-128d-464c-a2f1-fe7b2e6c6f5a,332.123756238725,0
1a49ed7d-1d4b-4a59-b569-a8ba6595eb8e,331.608316423837,0
90f07402-ff46-43c2-8a22-1b91a34792ed,331.231603460852,0
86cbd9bd-346e-4d37-b2f4-68d6f230da95,330.311128923669,0
945abeec-6568-4500-b61e-f9b81a83e1aa,330.146348831244,0
3ea4eff9-6c90-4a42-9e4d-15c25659126c,330.030145127326,0
e4a58816-2b70-477d-993b-791396b5da05,330.028316423763,0
a3a17cf7-746f-4ccd-a2c1-c22350a1addb,329.911198368296,0
88520a32-bd9a-4e69-a5c8-706d54776b0b,329.780758553185,0
030496ce-9cb6-42a9-aa5a-5389dd4a2500,329.635654386599,513
47d6dd33-ca1a-4049-b413-cb56845ba37a,329.609103460796,7
6ef3ed1a-521e-4238-8ea1-b6aa3f9f476a,329.60379096074,27
d37efb10-8e01-4300-b78a-510a4a700f90,329.591626608744,0
c61b06ed-091d-4861-9ccc-90462dcd3e43,329.580411331262,6
9efe888b-ae39-4831-9ea8-a550eb66cbe0,329.557922905311,1
9249e8ec-d024-4cb5-826f-f4e5d682bafa,329.516395127401,25
9d4a21cb-4a0a-4d2a-aa08-954ae28104b0,329.382540960796,0
c37096e8-8d21-46bf-aba5-35bc8619c374,329.377205312718,0
496d971b-e300-4d53-a8e1-c161bdd9f775,329.134670590516,0
062a18af-4ee0-41c0-9dde-b56da8f7272d,328.609659016132,59
9154669b-3725-411a-bffd-a833bbd60dc1,328.608999294229,437
1d78624b-5ae3-4225-aa02-7ba2746bc8f5,328.607471516356,2
811fb8a5-9644-4055-8201-b3f86068c904,328.596163645852,63
15e9f9a7-49c3-48d1-bc77-5ab99f4d8b02,328.578582627233,14
a8a48240-cfce-4ae5-8522-96cd67dfaa6b,328.573409016244,2
847e6df1-721e-4e09-ab05-d0a30e46d020,328.55821225699,28
a8023af2-5264-46df-8d06-73231de75f7d,328.554902072065,20
b05bab72-040f-430d-8cde-ffbaffe6e04a,328.554369664285,152
91fe2cf0-0dcd-49d5-85b9-4992ca466516,328.406152071897,0
d10d2750-74ce-4deb-adb9-d33369676d5b,328.390446053352,0
0246afca-433a-4f1c-bb74-161eccdba155,328.304265497718,0
b5371829-175f-4ea7-b4e9-435891646a1f,328.273212256841,0
e890b48d-bff1-4056-bf34-92f75db367c9,328.258327997755,0
1378980d-0fdc-4ef7-8be5-5d6c5ea48e93,328.20535346074,0
6782d4b2-eb47-4166-902b-84c764984cdb,327.729172904976,0
822b22f6-c7f6-488b-aef8-a3b65d2ca599,327.611071053427,16
4896299a-e005-412c-88c1-c0ebba9c3531,327.363652071916,0
711e99d6-5f86-414e-b2be-094008ecee1d,327.033003923483,0
50d10d94-9903-4e22-b154-101387b7934a,326.724311794154,0
0811e3d8-cd31-4c6c-bc01-833ac04e16b8,326.609311793931,13
9739ff6d-e5b4-4ff2-bc28-350fe24d3259,326.575260868296,4
a5d31c2f-ffb8-4f80-8937-40e034b30d39,326.484022442251,0
b54e3b5d-38d5-48da-b5e2-182632729d2c,326.462564108893,0
8b0eabc3-b707-4e03-bb1e-da56a4f0d760,326.311383553315,28
e845d14c-a234-4e52-864f-b21c6012e98e,326.231638182886,3
d17a008a-b883-4d40-b875-12ffe3c2a2a1,326.055654386524,0
1397f777-3c0e-4997-b1cc-287327d9015f,325.595770127606,54
d8add818-f811-47e3-9e6e-f36bc53f41ab,325.595527071971,2
8d58681b-eb32-451b-b03f-f14ef0834c3b,325.576337256934,117
8b0ac3b6-b4da-4198-8d1d-9fd4c34564a8,325.565503923688,0
37533d9e-7746-433a-a09b-7ae534035be8,325.560885868035,6
b05bc35e-d5c2-4ffa-bd68-49197dc598dc,325.55169605324,10
490dc933-3e39-4617-b0d3-7565a8dafaad,325.549925220199,2
2e07b67f-4267-4297-b577-89efe7ca21b0,325.541186794173,3
9d4a300b-dcb8-40a8-a754-8cc7e4cd9be9,325.47879096074,2
615a4c78-f852-499c-a9c4-ff2c1fe8cc9a,325.150110405404,0
0272683c-cc20-4fe5-a536-d28449581d89,324.281418275554,1
a72e0d75-d6cc-469a-8eba-ceefcedee318,324.213061794173,0
db43399e-6509-4863-acc1-a04b2baafdee,323.976846516132,0
34d626eb-d0a0-4fc1-b4bf-a1f75da41048,323.645365034696,1
e469d34b-febd-490f-aac6-42bd08be59eb,323.515110405162,0
a45aa398-1ddd-4d4c-a9c6-4c9c27157451,323.28916133102,0
1ad23c4a-5b47-40be-9459-343d94a70e6e,323.140284016263,0
f3c2056c-521c-471d-b78d-a1a42b9eadb7,323.140284016263,0
e6a6d761-cbfa-413f-b4df-95c0609eb7bc,322.666730775498,0
e8caabd1-2f5f-4cd5-92a0-d07c6dc98c43,322.574867349584,15
57586348-ccf8-4320-86fb-05f07ccc5df9,322.540249294136,0
10804477-9c95-4143-83a4-bb302f4527b8,322.527274757158,3
c21cb227-bf31-41d7-a7b6-9e71abbf4307,322.468501608819,69
f687a55b-d144-40b2-b5f0-1103ddcd87f2,322.417321053334,1
842ab390-cc24-4dbb-b17b-e32275ef59e1,322.210827997886,0
292a9213-3464-4d72-8728-39395d9b90e1,321.60132568283,190
4c96cc85-2841-41fe-8b35-a6bb96118e44,321.509948368184,12
dd0a799e-b1e1-4287-9e2a-f348ad2598f7,321.293327997904,0
c69d620d-1427-4d25-8935-9a3bf4d6df9c,321.159705312457,4
2f48509d-06bb-4c3e-95f7-7e5839b0abcd,321.114601145964,0
c76e1782-e43b-4596-a649-a6348d369f36,320.872390497942,1
96331b4d-654c-4e9e-8d4b-b2444430d585,320.552899756934,1
0f88e708-03ff-4e9f-91c8-e02f3490e331,320.552668275777,2
6d1028a2-c7f8-452e-a09b-d8e6ee7817de,320.537459942047,21
34098a5a-0708-436e-8bdc-52a4723a9737,320.37626781268,1
b7e4b39a-663a-4628-b09e-a9787a041b96,320.358281701338,3
bb2b683a-5f00-438a-be63-c0b3e890df68,320.150584942196,0
a63a80c1-d3d2-4e63-8ef0-152d92bb8072,320.012159016449,22
aaaebbf7-5bd0-470d-bd71-f9553723b440,319.628478460945,0
1112d288-289a-47d8-9256-abacf670bd24,319.590006238315,0
b467d565-baef-4db4-9b82-6991fafc520c,319.587135868147,476
fdf01701-1d7e-4e82-92c6-6f3a8f68e8f9,319.585191423539,2
20b0921a-c3b1-4b5b-a520-286da94d00e1,319.551279386505,1
d7dd6c3b-117b-4699-9105-d3cc47710b89,319.532784016337,0
386e2a42-9216-4b1b-99ed-65f90f08985a,319.473061793949,0
6250171f-efd4-4438-8893-40a42c7e4bc1,319.469358090311,0
7c389727-de8c-413d-8b45-26cf0d879cb4,319.440816423856,0
4867ed72-140b-4a48-8ced-5fc8bbf70c71,319.327899756841,0
585cb320-1157-44d0-8065-a56630f9e9d1,319.294392812531,0
216c192a-f099-469c-8d7a-136204f2ebe0,319.186881238595,0
3e10f40a-e8e0-4184-9f3d-2e0dcc08c88b,318.597008553334,7
75bc6451-dee4-4fce-abd9-1f7c4b7b5e14,317.442135868128,35
0d449315-1f18-4590-8b14-aaae53cabd1e,317.148883553222,0
6418a8b4-4cf3-4104-871c-67546802416e,316.239427534863,0
708b3700-1236-472a-bba0-821f3b2f91db,316.21316596074,0
835add57-ddd3-4122-89d5-208f5e93aa20,315.622459942009,2
ec5db4bb-61ce-4d3b-92d6-4136f4043727,315.613698367961,330
f29d533d-d384-4200-98b4-7a5274599611,315.613339571748,9
a89e66ca-1f92-419e-bf42-c9138056b143,315.612841886468,3
0373a76d-8e0b-4666-8064-fa9330fddbb2,315.611985404976,1
980c78cd-4fb8-4f31-8b19-e92bedd4d7a7,315.610874294303,18
ef3c8319-d47c-4479-ae89-bac1eea1697d,315.610388183035,2
5d216e10-cb37-4772-99b4-454a85b7515d,315.609948368277,27
fa00b329-0365-4073-8216-9826bebeb185,315.604022442363,29
df3ce8a2-0555-40b2-ae87-52789ec91e83,315.60153401643,1
15c3daf4-89e7-47fb-9c93-f05923814b9b,315.599589571822,9
63d9981c-7857-4f8b-abee-20aad5e22054,315.599265497644,38
31ba3d3e-20e7-4b59-9f54-3ad767a7a48e,315.598987719975,1
dac2b80c-866a-4422-8b9d-e1f64b8afc30,315.598790960852,778
11605bfd-ac98-4956-9090-389675837a2f,315.591452997644,1
20462018-fb70-4d5e-9085-a16b649a7275,315.591233090498,7
36f88769-bac1-44fd-935e-3c718908947c,315.590874294285,11
038e87d1-edd0-40ef-966b-d924f7b3bdfb,315.590735405218,145
66733c64-9602-46c2-8341-ad4006df3d29,315.589531701524,1
c37b6790-963d-47cd-a383-160dcf001bb4,315.588073368184,1
40a737dc-475e-45be-a354-a8c55611428f,315.587263183203,10
09e7aee4-3d40-4af7-984c-0108b66bda5a,315.582656701561,1
84d6f6f2-34a1-4276-be0c-2d3b2ee32a19,315.581082627643,0
7c8398e1-b085-4953-8b5a-548e6edd8b61,315.565920590423,17
587bec71-5d26-42a1-a639-36432a5009a9,315.558351146057,1
4d9bf849-83ac-48a5-af6d-d900a3ba8cc5,315.555851146113,156
9c5c2332-b387-46d1-a03c-acf14ff715c3,315.555723831058,20
621917c3-4d1d-4542-a68a-e2e6636bba9b,315.555226145778,14
fa1166d6-6123-4c50-814b-cc93a67339bf,315.555214571767,28
3fcea54c-c7cf-4a9f-87bd-bf8c0a152399,315.555191423744,4
af4c41e0-17a8-4d0c-b981-b7141d0dede4,315.555075683165,20
1974c3bc-161d-42aa-9632-5f0503fc35dc,315.555029386654,10
1f1fa71a-b611-43b2-af93-5905bf91c278,315.555006238632,1
3a41afd1-9598-476a-bca3-412a62031b72,315.554959942121,25
237beafd-0220-4eee-80b2-f30891e34a1b,315.554878923576,68
ba1341bd-f71d-48e5-b583-8cff036a0bae,315.554878923576,21
188b3d9b-1e40-40cd-88eb-8dadb13c181e,315.554867349565,9
d7a4c0b6-c23c-43e0-9e8f-40963cdf1020,315.55482105352,4
3f341e89-2b48-42f3-bfa5-01e597359863,315.554589571897,12
ab214bbb-2967-4f6f-8521-1a217336874b,315.554207627196,1
e9829dce-589e-476c-b12e-204afcb987c7,315.554068738595,13
fdfea89c-1b12-420d-83cd-a28e2b67baef,315.554034016095,371
8db8b871-3001-47fb-80f1-673f26974538,315.553698368371,2
08a2d748-cfdf-4a88-ab5b-19a20e08b41a,315.551939108875,34
0068860b-c7eb-4312-830d-4ab9273c9b15,315.551117349416,5
ac7f94c9-026b-4bbb-9101-d226fc3baf06,315.55105947936,5
7d8bd08e-bb77-44b5-ba7a-1804acf3c62f,315.548281701282,166
0940799f-29b9-4a07-8d43-c8f1daea0110,315.548212257214,1
0ad3ed18-1fdf-4d52-83d7-9b0141066079,315.548027071636,1
cd3ef18e-f2af-4b34-a5e0-4d68fea7f287,315.547691423912,0
68bddb2b-0d3b-459b-a630-25030f7884c0,315.547043275554,56
0e32ff60-4999-4931-8114-809bd373534d,315.544334942009,140
cabece31-2a49-4767-9448-a5c6ad795862,315.53903401643,2
6d01142d-0ccb-471f-8e3e-f2d98bd9bc4e,315.537182164378,7
2724575e-2e44-449a-ace1-0bfbcbf0d260,315.527818738483,1
77019549-c7bd-4489-ba09-58f92ace1f1a,315.507077998016,16
109e77ae-fd59-4130-8434-118aff665d01,315.321985405404,0
f7c61402-6c92-4b4e-b530-48b343a03d39,315.180087257177,0
70fe944f-a807-40a4-9bff-b0e753a80eac,314.865098831244,0
4e1d1d02-cbad-451b-9d7d-db9c31015441,314.664647442289,0
6f9646bc-802f-4fb5-a5d0-ed351f1d5dfb,314.61565438658,7
8a9bc069-6723-4ad4-bc92-5467781eb984,314.615226145834,0
e1617e99-ed42-479d-bdc8-c93e229c9b12,314.605700682849,33
c0218c62-4e6e-4b35-bc37-e51f77dbd5ce,314.5969391088,67
c7ff940f-685b-40c2-be16-540dd896801b,314.591962256934,8
f52870f2-f271-42dd-8f73-c6947aa3537a,314.515665960964,0
a43a8b85-fd1c-495d-a451-95a16cc04955,314.451869664248,6
c5305e4d-e947-4efe-bece-f02af443d9c8,314.42815438658,1
f831464d-4f60-44fc-a296-9f5a7e543cc5,314.3469738313,2
d8306c5d-9218-4625-ad54-79360facdde0,314.329323368147,4
91c9c40b-383a-451a-a2a3-185d95d98c1d,314.248767812736,0
14250078-438b-4133-a8b7-057fa4ab9331,314.091314109042,0
d8aeb0d5-a4ab-4510-bf46-39bcc48c5cdd,314.080341886729,2
df492f5c-32a2-4c38-ba3f-48986c115e04,314.006371979136,0
f26a1952-3f68-4868-9e95-8409bb734ce8,313.60425392352,6
71cd9c43-b531-495a-85d9-826b400de54e,313.604184479453,19
7764c812-9c7a-4be5-bc45-07736e4f726b,313.602332627401,1
85820e6d-352e-4bda-8f82-2e0dbf0759c7,313.599103460554,14
3f6e6ff8-496f-429a-a809-81614148aec8,313.594172905199,31
db583fa8-1f4a-460a-a77d-4d8f75592b3d,313.586939109024,3
fef56fd8-747a-4793-8fb4-13bc90aade9a,313.58490207186,3
8210a824-14fe-4674-8be4-7274b06aa319,313.581001609098,1
39905de9-8462-443f-bb03-2f06032dccc1,313.510098831262,0
12594a95-d738-4cdb-8fb8-36224f40333a,313.291047905106,0
9b6b24e3-9d66-4564-8c6a-1b14f85b531d,313.280827997718,26
7297d421-8a5e-42da-859c-1e8f7fd09de9,313.052853460889,0
05d4733d-237f-450a-b868-73559ee81956,312.606649756897,1
d2f440cf-324d-4271-ab44-adae3aca5a27,312.58227475686,5
580455a6-4144-43f0-96c3-cbb6ab80341a,312.582101145759,31
97b2503e-95c7-4d96-b71d-72de7e0cc810,312.545029386878,0
0cf04742-ce68-45ac-8487-1bbb0c207989,312.529902071692,10
7fcd1825-b399-4002-93ee-f9358131c02c,312.375920590479,0
63dfb71e-22cd-4dc8-ae9c-26b30ffb9270,312.319242349826,0
33330a1f-4ff8-4d10-a270-08959c40728a,312.27520299796,5
edac2585-a3f9-4fd7-a123-c9eda550ed29,312.216684479266,1
2d791e11-8721-41cd-90ed-043d11f9d42a,312.153617349453,0
dc2a877e-00b4-41bb-9faa-ccc8535983ed,312.10462429421,3
fc9ea38a-e5fc-4a05-a3e9-09e0a96e7f45,311.61568910908,8
7b6cc0bc-b163-469b-b284-868a178d4af0,311.609115034807,411
d4ce2a45-8c31-426e-9220-6684f206d004,311.569878923707,61
e2f5662b-739f-4de1-801b-f5be854d2e58,311.563663646113,2
92aba63e-d371-4efe-a363-a690988a768f,311.563177534845,9
80a58269-459b-4f24-838b-64da75fc0157,311.538304849528,1
28cb0da0-ef61-4c00-9174-978d7251595d,311.308270127513,0
1d96ea65-533f-4e7b-af4c-589c89b7a62d,311.294115034863,0
7d92b033-6bec-40b2-b04b-b0c76754aa3f,311.211186794098,0
a6c4b4d0-f64f-44d9-8cf3-733c37eef478,311.18467059033,0
dad72975-6c57-4259-ab50-2b1956620619,311.123733090237,0
68714d28-122b-4e5d-99d2-2d431c7b4a2f,310.094450682867,0
00ca8667-d69d-4814-b452-88a54164173f,309.532205312513,0
65b931d8-8390-46bd-923d-5ca07126e3c0,309.473964571953,0
986b13ab-f6b8-4013-b1e0-888ab8373439,309.28267984977,0
0cf29076-7b8b-45db-a057-7feb50b6e30b,308.620179849677,80
55f0d22d-72eb-412a-9763-50d4374cf4d9,308.603848831262,2
a0958c40-8f84-43bb-87c4-26e2fcc3f553,308.599415960722,0
31eeb469-0f98-4dd6-aa52-d912f71b5f6d,308.568547905423,1
78fb20a8-cc1b-4932-91c7-f3f03a298c1c,308.566140497569,0
c01d89f0-2453-467d-bafe-4418f67cc8bb,308.545723831281,2
a04edcd9-06f8-4df4-898e-9ce9d1abf7da,308.526302534621,1232
3bcd3d63-7b19-4983-8753-e208da48ecfe,308.497459942009,0
636be765-68e0-4994-b744-2508693e595a,308.455573368352,4
2f7b1fcb-c1ba-43f6-bc5d-26ad930d85b4,308.438686794136,0
d18bb77e-e2b2-47e2-ac05-5c27f8a0e98d,308.406441423576,1
660b80f5-1dd3-4e87-923f-a736dc0fb284,308.232621979434,1
2c6d3b24-5926-40c4-9eca-bbe98376b06e,308.09923077561,0
ad4fc3c7-9097-4bab-a08a-ee53390cd294,308.070307164453,8
82d6a4ac-cc1c-4dd2-b75f-012ff9830aaa,308.068860405125,0
27e08ccc-901d-48be-af1e-a089e032dd52,308.012436794117,0
84445774-54d4-46bb-b86d-2b6f50e1d23c,307.594624293968,3
064bf980-b252-4328-bf6a-87f239fe3e85,307.490665960591,0
b88cc45d-fe9c-40a5-a54c-e3e2afe13f95,307.317193738651,0
0d316a4b-9558-466e-8fa5-dda473cc2b09,307.196105775423,0
d955f1d4-14de-4ebc-a032-c961eda561af,307.191464571748,0
45581ff9-d878-4419-ac7c-ef04ceae6c1c,307.163582627196,0
e008e393-b656-4e02-99c3-054c6cb94224,307.047043275554,0
b633307a-6a90-4d0d-9ee4-593712c2a735,307.009277071804,0
746cf990-454c-4e45-a701-c1b6378bdfe1,306.683987719938,0
c129cfba-bd24-4e6b-b54f-ed1bf4ba8368,306.591696053278,1
9c7dc09f-8198-4cfb-8f4c-9f3f46c2c249,306.591441423632,0
97b8029a-5b30-490a-b534-4edaf75bcf5c,306.588536330964,1
513cb68f-09df-49f4-a093-a6c26f28271d,306.588189108763,11
b0fad860-3511-4d67-910d-1316c54b49d7,306.566927534994,0
5ae29dd6-68ea-4315-a173-722dfb26ad72,306.220087257214,0
c13cd453-09d0-4215-8ea6-58631fc0a664,306.063339571934,0
2ca8789a-6475-4153-a40c-1253dcf127f9,306.032598831225,0
c66c0506-7ac5-4ca7-9642-0cc2f0421fec,305.654161331244,0
7c7dc14f-cfb6-44f4-bd00-c6c8e250af21,305.606765497942,1
1b04978c-b55e-4c01-809b-7c1b727d9303,305.604543275665,4
81755fd6-f207-48d5-9800-66c70314bdfd,305.597598831169,2
f053573a-9b8b-4554-8794-0d480cbbb799,305.591487720143,7
087cb51c-5d11-4f86-b809-cc8a9b127300,305.571302535012,1
fe7b50a9-3cd6-4b34-a6ca-21116415530e,305.52011040505,0
63b2be32-0c37-4a92-ae37-9c5650e1b040,305.44653401617,0
60b39099-769a-4b20-b395-a75d54925507,305.38294605352,0
c72e1691-0bb3-4f2a-9255-0bacdeed510b,305.313628923614,0
a51d8f9b-fa43-4d98-b849-886da8ca6feb,305.260654386599,0
956efb07-5145-4efc-b934-e8587bb848ab,305.224832627457,0
df6d850f-f522-4553-a3cf-3d2e7632616a,305.199288645759,0
8d55899f-e3b7-460a-90dd-84ce528e7cf3,305.175075682811,1
2324dc4c-0a3e-4fdc-96ca-20c7f1e15c12,305.002159016207,0
67f8e3fb-a134-44dd-82b7-1708b9fd327e,304.681719201617,0
8e7a0855-bc1a-48af-aa1d-da7e4b64a8e3,304.624277072027,0
fbb14b7b-1517-45c6-a386-9e35a0b7b3cd,304.620365034789,0
bdaf6c57-1ecf-4bb9-b68d-90abf8d31512,304.617193738464,6
3f9b821e-c5b9-4898-8c07-d29e4107c724,304.562483090442,0
35f364db-bbf4-43a6-99e9-180be08723cf,304.558131238446,16
40f05f12-1117-4461-a131-2db5a86a28ed,304.530943738297,2
58885134-4694-4648-aa49-3d547ae93cf3,304.230226146057,0
6703808f-7f64-446e-a8e5-9089e9b88879,303.997228460852,0
1a5c51d6-bfc6-4dc7-8f80-91c771524b03,303.556290960871,0
9e57d9d7-b226-4edb-8699-be64c224b7e4,303.203432164621,0
901e038b-9f2e-4e21-b6b2-9daed70ec44b,303.195202997886,0
f02e2729-b964-4e86-b43f-15b5aef75c93,302.392286330927,0
c5d89ebc-a43b-48af-b0ed-fa79815dfcef,302.29342059046,0
0e11e9bf-3d3c-4d45-96f2-540d835ca647,302.043513183016,0
871e73c4-82a1-4ea4-aa72-a967c63eb642,301.605330312625,150
8df350ac-c6c8-494d-a042-d67198792a3b,301.559415960684,0
372d96b5-d8e9-4d5a-9ffc-9bcc28bc96d9,301.516140497755,0
f273d4ef-d693-4fea-a7fd-14662d6a452a,301.513027071953,0
cee4499d-a0ce-4b80-92e0-f35a3d8baaf8,301.496580312494,0
a6c73f4f-0624-44ab-9fbc-b970729d6d82,301.368698368315,0
294c8fd2-4dde-48cc-b55f-5a2629680e0b,301.31940438645,1
15002284-a105-4f39-bad6-f9105415b4c0,301.303397442214,0
1211df37-9850-44e0-a2c6-18f893999fa5,301.29438123852,0
7edfd9c9-5887-4f49-a392-d26a7352325b,301.2480039238,0
919d4760-622a-44ce-b30c-77f644fcd736,301.099867349491,0
9765610e-6846-4680-a6df-e1e50090dd20,301.079577997793,0
99231d40-5628-48f9-89ff-f5b45ba2171c,301.067830312531,0
80ac5eb3-d138-46ec-b5d6-c008543c7fe6,301.039797905367,0
014f9fac-d88c-4e95-9f9d-9eb86c9f87db,300.977436793968,1
65a7d680-57c1-492e-915c-6fd13956e117,300.866534016095,0
3ee1ad75-ef60-4be4-8290-411605cd68db,300.611522442196,40
7bf7aadc-1f0f-433a-ab1f-6c173a18f146,300.603316423483,5
cc53876c-d51f-4514-a37b-8db49d62ad23,300.43889512727,0
a6cef1d8-a97a-48cd-8777-ad768a0bf79a,300.393061793875,0
a18e9978-70f6-46ef-87d0-c33be19f0006,300.354300220031,0
32c3f8cb-857b-495f-ad33-26caaa0afbe6,300.302830312401,1
af335fc6-065e-4c86-953a-ed77430a144d,300.281591886654,0
f8c1916d-874b-4037-b637-93e1c601ff73,300.199635867961,2
4d950b8d-2674-43c7-ad2e-720f479ca192,300.1542192013,0
d6b7be2e-4b50-40e0-8d30-143421ef91a1,300.106626608875,0
740fb387-b12b-4df7-8e5e-ff24463ce26a,299.930827997625,0
b3bdbdc5-d1f4-49d0-b4c8-8bd65b6c5f1b,299.310561793856,0
6f25ebac-7978-4120-9727-e09abe38c292,299.142112719826,0
acf49e07-1723-42ed-b3c4-d472e4f3ceb0,299.088536330964,0
9c43a297-0bb8-4e4e-bb03-0a3e3c708d84,299.038108090404,0
b062bfee-fdcc-49a6-b7e4-1d3319451b54,299.029659016524,0
b3a47ee7-a0fa-4526-970d-c01d54d97cda,298.92130253464,0
e4e2a1ec-23d3-4c00-85d4-a196a9ae1d10,298.604115034919,0
57edf80c-7baa-4b61-8815-d21d38c1f057,298.571337257046,0
cae83b66-d711-457d-bfa3-97408a023590,298.513767812401,0
0bd631a3-4bbb-4432-b823-392662821b3d,298.512251609005,79
f8ec2186-6486-45a0-a908-d6dc3976b9d9,298.352946053259,0
1999a262-b6e3-4f05-b428-8b535abe4905,298.156314108986,0
4bbce12f-2240-40c6-8883-d866f9570711,297.980642812792,0
bc7fa6a6-c0a1-438e-b94e-56cb83c2de4b,297.61456642393,9
a8af0598-1c00-496f-8401-88d62724fed7,297.59225160908,102
69a0e6e9-15f1-4b2f-8207-9c7335eebada,297.5602955902,1
1f1881c0-fd31-42c9-915f-63cd3d38081f,297.469913646113,0
8bc356ab-e766-4f24-a452-0df38cb770f2,297.465515497606,0
cda68465-e22c-46c3-b572-4ae4757683d1,297.394242349546,0
6b6270ec-755f-4c4e-b866-cb0dea43ba39,297.330064109061,0
18948cd3-98df-42c9-8478-460697db9120,297.304311794229,0
8999fa6d-2f60-4eab-adce-5f71d9f666e8,297.296244664583,0
b9b79ede-441e-431a-aee6-74ff96809290,297.128698368091,0
dd6d383a-a0e8-4253-abd1-16258598a38c,297.123154386878,0
56c0dc58-fe72-4b3b-be59-c657754fcbff,297.0915455902,0
b66dff08-4621-4661-9d6e-8916f7e8438c,297.039207627531,0
33f3e7e3-3c4b-4980-ad1c-d7e963852a72,296.947807164397,0
4c4ffb72-395f-4a55-a6a4-8e37dd6becb2,296.633200683165,0
096d3c69-2991-4330-affd-6f1ede6c08f2,296.556661331095,0
7081ba5f-8feb-4f39-b240-9abbda67065a,296.540515497793,0
077540bf-8b24-4a93-90ed-4d3787285951,296.437367349863,0
9d4d41eb-6f19-4b84-adc5-55626b0f1964,296.420804849826,0
fa395c22-0ef7-48c4-bd95-302787756e78,296.369682164397,0
dc00904f-971e-40c4-8ea1-e70466b46721,296.195827997755,0
764d6442-7fb1-4381-ab61-4a6ae7ae53ea,296.181950682774,16
89ca3bce-df10-4794-85c2-fce0afc2ddea,296.173061794136,0
70125e5d-77b7-4494-aa8c-2d4c3a4a1784,296.108571053483,2
c42914ed-04f4-4790-848b-24acfdf9f5dc,295.52227475727,0
f407a35c-63c5-4f7f-b228-2610aa609e30,295.185237720143,0
274dba93-004d-4cda-9d77-dd61282f201a,295.163177534938,228
a2c18ea1-97be-4339-9c8f-af4cc002ebc5,295.090376609005,0
7ce37807-4d9b-4b12-b781-89a99f3ca705,295.064242349472,0
cd74c00e-925e-4cdb-9f4b-cc00d9172cb2,294.626684479415,1
f969231b-dd4a-450c-a8d8-fb8a6f4edf5c,294.614415960852,5
c10436cf-b757-45bb-8d5a-7b76e64db42a,294.606858090498,10
8f0f4483-a20f-4565-b2aa-c87748cd77f0,294.585712256841,17
0815b218-715a-4616-a75b-5b6c910df6e3,294.557784016244,0
06b409f2-33b4-40e8-9852-48a6da5edc3c,294.556510868017,88
dbac95f1-7782-4599-9fbf-7502445f3296,294.553420590237,36
a6907d39-f53e-4130-893c-f2378cf5de31,294.528895127587,0
a327611d-a675-4f90-bce8-5aef803458a8,294.523547905032,3674
57f78ad7-7b45-475c-abd2-fc00d7bcc26a,294.520318738651,309
5232bce0-106a-4bd4-8344-5b5d431edc96,294.519057164434,1
7293758a-70b3-4438-b267-782fe6e25760,294.516742349602,23
d263cbde-d6bf-4c0b-88db-9b0167d01e6b,294.495017812587,0
56ed05ec-53f7-4cc5-863b-0dc2ab01b75d,294.389740034938,0
4c6e3c2c-ce55-4aa6-8f09-2c7c7ce80298,294.332066423725,0
00942a67-2ffd-4afe-a10e-3caf6e950e0f,294.184323368128,0
fdf6975d-d468-4777-a9de-715848d2153d,294.171684479341,0
9760c9e2-4bf7-48c4-b417-0d7c95412a39,293.90066596074,0
d2edb1f8-67df-41cd-af1c-419ad6d7dcc2,293.853015497793,2
19753ce2-33b8-4512-9632-8d825853bb6b,293.599439108744,3
ad0345d4-61b4-4152-aeed-01cbafa24e38,293.493050219957,0
1e02b641-1663-4ce0-8722-8492db2d862c,293.491360404994,0
7ce41ccd-8c5c-458c-a9c4-c5f4460c3ac5,293.4329113313,0
cb00492d-0320-4460-b959-5d0223448f26,293.395457627252,0
f837f1ac-f640-4d70-a66c-c36b944b8777,293.388246979099,0
8319f117-0956-4596-b6ea-2a23f13e3052,293.322483090218,0
ccde5822-07af-4891-bf8f-fdae18916556,293.24737892393,0
bcecfa33-d217-4884-8831-98bacf15fe0d,293.182425220031,0
9a5f3140-3d78-45ad-bab2-58d5e00abca4,293.171024756972,0
b852fa02-80e9-4e38-a5b3-c28a6addd9c4,293.089682164602,0
73282d00-7462-42d6-baab-0c2791ff18a5,293.052170590498,0
dff7ccd9-3143-4c8a-90c1-3cba298b6515,293.010145127308,0
e00b3236-38a9-461f-8039-4a63c258974a,292.860133553389,0
f0e676c8-6615-44dd-ae06-b467d208e0bb,292.609520127531,48
65eb06ea-3350-4534-9297-e81290c8b2fe,292.592679849826,5
dbca5e1d-6cfb-4a7a-b9da-42d15646bb74,292.498617349658,0
5f6f5b68-f628-4eb7-aee3-3b41738f9777,292.407066423912,0
9efa29f0-b9a2-41a7-8f0b-e2bc81239a96,291.619751608931,1
6eea8237-bce3-4845-ba04-c12c6f80ef21,291.618316423614,4
155213e9-aa46-490b-bd69-6738fc3833ef,291.613652071916,6
288fb483-bc1e-49ad-9aa6-754826837c35,291.608779386617,430
301f5426-b824-4460-aab3-1ae245309d7c,291.587378923781,0
5410a7c3-f9bd-495f-a8a2-13f702ae33bc,291.58536503464,1
f23b8d00-15e2-4e2f-98b0-aa994fa4e3f9,291.517124294303,3
ca444e3b-1393-4fa6-b142-8ec44f29c207,291.501962257084,171
8252ae3f-b064-48c6-b64a-d4261d0e9f1d,291.34644142352,0
a5a10c35-6aa6-4899-85eb-78ce59b8867a,290.639948368073,0
cb6803e6-4296-4742-b202-093a015d0da4,290.4745317013,0
fe830a3f-5dcb-4273-ad43-465aeeb3a460,290.391244664323,0
59193a2a-5d59-4c4a-b002-477a5237c4bc,290.326672905125,0
b5ada711-8037-4f77-9e85-423b564f6739,290.297621979378,2
0d250985-1afd-43e3-b49f-91d6e56f40f4,290.064080312382,0
47e7ef9f-259c-4115-a015-eb103b46918a,289.891441423912,1
1db40c6d-6a20-4d1d-bf1e-d51cc7418836,289.492170590442,0
5b649d3f-46ca-4afc-9fdc-554e85631b1a,289.194358090404,0
e580a140-a987-4214-873c-382868710da2,288.832089571748,0
8685040f-81a3-434f-9286-960ad7b46a9c,288.387367349584,0
8e441868-82c3-4444-ac86-8e994250b26b,288.239751609042,0
2efc4cbd-def1-4b9b-9894-5e8e2709a58c,288.059774756897,2
135ab597-0f45-42e9-bd14-05e4f40fe17e,287.826730775647,0
5974eda7-d3a6-4a4f-af19-66f5fde49657,287.609751608688,1
774523be-393c-4c4d-833c-fbfc9d0004a7,287.591244664509,2
9b7ee885-1f39-4509-af9c-f7cbc6ab3200,287.589913645759,1
ee87c11e-bbb4-4136-9f94-a6a2af201b5e,287.589705312625,41
6606055a-5c18-4ba3-8344-ee2d77191a88,287.537807164248,0
5a3aee62-cfd9-4ac5-8042-7d6b1d25e910,287.510619664565,3
5cbd0371-f4d8-4c80-9ed9-dfd0808f3a02,287.386418275535,0
fb6ecd98-4a07-4eac-87df-cc8844a7b0d2,287.06100160908,0
1dc954ac-46ab-4aab-99d9-d374a6c5d2e6,287.022772442084,2
fa666089-5b13-43c1-9540-1aae9c84173d,286.664855775423,2
e2747c2b-0979-459a-8a86-9057bf0ec4d7,286.610527071636,1
4a54f730-d5ec-41ed-b37e-ad4333e4c547,286.609612720087,0
2015d18a-86d6-457f-87f0-f1c0c0f5d454,286.608108090237,20
cf927a8b-056a-4520-9622-a00af344166b,286.594369664323,11
64f54224-110f-4416-a8fb-e2cd3a4d307c,286.351290960796,0
51bc1558-e12c-4ddf-801b-2b57692fb272,286.077645127196,0
306aec3d-728c-4cc2-aedd-4224b156dcbd,286.06247151643,0
0028dda2-334f-40bb-9582-475fb6719471,286.02336271992,4
5a3b79b4-3620-454b-8b74-b2bc38037cd9,285.607957627624,2
96518d91-11ba-4797-9e89-5712816097ce,285.561418275349,26
1b8bd71d-6f1a-4a6c-94dd-f76a3ce67d11,285.55837429408,0
7cda6668-9970-4baa-850b-b53d550f4135,285.345110405236,0
874f72cf-571d-4193-aee2-bd572e61378b,284.611788645852,1
82198539-eaca-4ed9-9275-08be84b2f71e,284.609983090311,12
d6f5b6e7-5e5d-415b-bf2f-0fad1029691a,284.598119664472,0
c6d414d3-ff3b-40f4-b180-372eaa94278d,284.194358090404,0
79ac2dbc-1e33-4fc9-8b4d-05046f8bf36b,283.617876608856,1
fea95103-cef1-4bf4-9b72-3af3191e8705,283.597552534658,0
688113b8-5e0f-42b0-9b61-82af5bb5e926,283.553084942047,0
e9dc4799-5846-425b-91e3-fdc17268b245,283.506939108949,0
a1f220be-c380-4179-a887-55de59204047,283.37313123839,0
d702d0d9-06e9-4450-8a2d-e31dc7d7c6f0,283.199878923595,1
2b7c29dd-3fd9-4509-99cd-dd90087062c5,282.405376608949,0
04e93e73-72e0-4a62-bc5a-6a5514236523,281.322772442363,0
5644a6e6-0108-4b37-9b8d-4b88f94fab6f,281.239010868128,0
34556e36-3392-41c6-b664-447067b96070,280.61711271992,2
d40045aa-99f3-47fa-8606-9b9febd18ee5,280.616603460629,18
011dc22f-5864-4d88-964d-01a11a90e0b4,280.602946053259,0
08e2d146-ef3e-46b3-9cdf-8faae7a4baf6,280.598767812829,16
36386098-6bda-46be-a170-09e33ec1f621,280.466244664509,0
4e4a01e8-39b9-4daf-8638-49c109fc5937,280.193304849789,2
12ac6b11-ee1f-466b-b1ba-d11f1bb2ba85,280.170202997979,0
1a887635-a05e-4a48-8ab4-08713d5b3b08,280.135689109098,0
4b09c26e-2bf0-4aba-bf0a-4cb2c899c4bd,279.353964571841,0
9f260231-7898-4984-837e-d592f88c6b88,279.23902244214,0
98d14e70-194d-48e6-8b54-82ef71549d30,279.202228460927,0
02b3d0fe-4404-4401-b1f6-1e4df1af1cab,279.033756238408,1
b987f554-81a8-4b8a-bec4-077dcc2fef88,278.656209942419,0
f13aabfc-4431-413e-be36-ba5cf9e58987,278.595573368017,63
5efb69f0-30c0-46ee-a5e6-fd5b9abd0b50,278.549277071841,0
170ee434-3b4c-470e-aee2-de391c9eb04f,278.534149757121,13
2b35dc90-40b1-4f55-ae17-91e6e9dc28c0,278.460561794229,0
3200a211-dedb-4f49-ab15-16906d32a801,278.309751608875,0
5edfc99c-4e80-4e45-b7bb-967553d19b4f,278.265608090442,0
c15f04ee-d2f3-49e9-9a03-2e3165dac26b,278.264809479471,0
6b5585da-1dee-4316-a1f4-59b50648e981,278.224392812699,0
b42da9d1-8b37-4314-9d05-4f0594c15db5,277.936834942084,0
d363ae0c-1787-4cb1-b28b-40b8ea7b74af,277.467077997979,0
8289fea7-edb8-4cd2-9d85-b0e32cde51f8,277.21023772005,0
8225e173-39e2-40b1-a5ed-fba20d4ceb52,277.142425219994,0
3fe1491c-4487-4109-9345-574551c578e3,277.019230775535,0
9e7453e7-bb08-4d59-ab0c-532fa234ebda,276.597413646057,3
bc38c584-f8ab-4031-a1d2-1b423534e7e1,276.361672905274,0
5b682c9b-e398-410f-803e-9db97b704d89,276.074230775703,0
67ade5e8-2f79-4f05-8a12-3369b8cf420f,274.452621979173,0
584186d7-f412-4500-8150-3c41379aea3b,274.22373309033,0
00417bdf-844f-40bf-92e1-d663373cbbd2,273.977633553557,0
8a15d698-8e1f-460e-925a-e28cbad7eb81,273.356950683054,0
f8a35963-a6e5-4210-9f21-8644a72c46f2,273.325584942009,0
af3d7b4c-d6c2-4f29-8057-f39bae8ea75f,273.18417290505,0
f3d3cb53-06e9-44dc-85a4-65d9bd0a23a5,273.154520127457,0
6ca48bbe-0a87-4928-b41c-642f13e51e41,273.075156701263,0
37ab9a8d-3949-47a9-a7f6-097b36bb8630,272.600272442214,0
1d12ed0a-6328-4049-8aed-c37c7e770d91,272.235712257214,7
f667c115-2822-485b-9534-fafa7dd8f4d0,272.193883553147,0
fbfd1952-c306-4feb-8311-e0b9dc162e94,272.151383553166,0
06033a3f-6bf9-4fb0-bfd2-da27da240c4a,272.143883553334,0
fff7862d-4b2c-4140-a4c5-509b48ed31b4,272.069427534938,1
96f85da2-041c-4c77-a10f-c5d87175c457,271.67439281242,0
8bbc2be5-33ae-4ddc-904f-1af964c7a280,271.590897442307,0
8922f14f-b6ae-4897-8fe6-bed96f74f475,271.584022442345,0
1493a97f-5116-435d-b557-2897f4a572d7,271.452170590404,0
29b9e230-e682-42f3-bcbf-0c9c6621e305,271.383941423614,0
e56805b4-a8c2-48a3-8e09-b031d44582b3,271.327124293894,0
a06b5d41-aa85-40fd-807d-0708533ecd66,271.122552535031,0
000dc0f6-e4f2-4a42-b8cd-b586ed1c709a,270.609728460666,2
77194031-36b0-4a36-8b90-0cd0af37e21d,270.557587257121,20
93fcaa05-a766-4a10-adf9-747bb520dda3,270.537506238557,0
d2fdcce8-1889-4b58-ac45-9f12782b5774,270.522448368371,16
6875c75e-16d2-4e82-b269-6fb35413b2ea,270.2243580902,0
5ec5e047-ea74-4ed2-b108-ada482163f42,270.221765497699,9
bb2f2ecd-fee9-4ba8-bfcd-35be4de5f8f2,269.608964571729,18
b454dce3-2a54-466b-a538-e2b4c9e477e0,269.602332627401,39
7f311c9d-69e8-4e01-9337-5095f6655692,269.569219201338,67
b4045776-e700-4f02-b380-cda27ce6e88a,269.420932164416,0
aa5d3568-1956-47dc-b503-214f5f12d266,269.295121979434,1
ef1a73fa-54ef-42a8-9033-9d8a1ac711cf,268.511418275535,0
318a3f56-05dc-4630-8862-18deac28d9df,268.300191423856,0
0ffd8830-b035-412b-84b2-3bb7839bbb3e,268.202702997718,0
b2c840a3-acdc-4ef9-aa42-67d726a509cb,268.19001781242,0
fdc9bc3a-597a-4b79-8e8c-2cb3eb697157,267.557263182942,0
53c8fa97-4664-429f-bef3-efbdf954e3e6,267.414230775554,0
35fe4f20-c995-45d5-87cf-33316729c29b,267.360631238669,0
78e4b1f7-9be3-4a57-8ad9-e33064342f4e,267.283617349807,0
11689728-f6b9-46c6-b2d6-049d80a1bb43,267.25773771992,0
ca97690a-03e3-4352-81f5-35cadc4d9579,267.125515497755,0
4e46c164-fa96-4d3b-b510-249aad6709c1,267.009115034714,0
a5391af6-80bc-4031-9083-0ef17109d812,266.645260868128,64
425a495a-c683-428a-8e78-2f5113e733d9,266.606256238651,34
1ddcd354-fe38-46d4-be3d-f70486fc435a,266.58017984964,1
f9cec83d-02a7-4935-af7f-0616d8e3603f,266.512321053538,0
05ab13d0-9852-48e1-b203-1807f1c32351,266.383524756879,0
6a9dc794-c944-42de-b4df-cf389fe00c23,266.371152071748,0
072aba85-cb25-41af-b11e-7b483d97b6e7,266.268675220199,319
6c01337d-a5b7-43cf-a012-ff1dd509aa4f,266.143547905143,0
d2668776-990a-40de-9598-b6e40efd60de,266.120978460647,0
28b8d638-3169-4d4d-8c67-66084cb05a56,265.657077997923,0
5802f8c5-83b5-4c0e-ba30-1f2ec23ff284,265.605365034658,8
323b0c71-9fe5-4f0c-ab4e-c45b644ebd1f,265.602899757214,2
aa0c1c12-4c89-4448-aea0-d060f2951a09,265.527448368259,12
d901cfba-bf40-4423-a825-7d405647be11,265.468698367942,0
dc72fedb-384d-491a-b47a-80607101b54f,265.350121979136,0
b6963af6-a53f-4f69-928f-7e32055a3df9,265.225723830983,0
89951aa1-4e5b-4062-bc83-e26903345869,265.081059479155,0
32426872-a742-4882-9415-08c354a81df2,264.599126609042,1
52827d5c-d72d-40ce-9c4d-875172be676c,264.546452997718,0
1c9900d0-994c-4f9d-b16d-bf866b4e1e5b,264.530017812736,30
bcbfda04-6e67-4dbb-a071-1c93c67cf880,263.591534016188,9
89ac19ab-790f-446e-9b3a-699dab9b2b41,263.353316423483,0
88751866-71bb-45d2-96ab-723a7c5654c7,263.086325683165,2
e3af9b0d-d7b2-45da-afa7-3c154b0462cc,262.902216886636,0
60ea1bf7-e4cf-4996-8035-f505e7d96a8f,262.606290960684,14
bbead0c6-f733-4094-a4d3-ba3b6e8c18f5,262.580133553129,9
f8ceb4ca-ad29-4834-9ac7-241bd36b0bec,262.551557164639,0
2d48f19b-d2f4-4867-b238-1a3241c723b2,262.438675220124,1
afff8caa-78d4-456d-8695-cfea06851c41,262.402749293949,0
121becb9-e140-4a81-bd62-798e1540154b,262.3521590163,0
82d80266-dea0-46c2-bc90-32f2462f9a22,262.332911331207,0
78b3571d-9c1a-4566-bd12-ac4f2ac4ca50,262.31732105324,0
37deac96-1e16-4be4-8e69-9d63b51e689d,262.256881238427,0
b5a42d6f-722a-4ccb-856e-d798f5c300d5,262.059277072083,0
58da5d04-1d23-42d5-b2e2-a21e325ca754,261.853848831262,0
7fe13342-9631-486e-8954-4cd7c4497f15,261.711152072065,4
cb24272c-1c1d-40a6-bdea-65014b44500f,261.429705312476,0
d58844c3-35dc-4fe0-9c54-91ce95903e5a,261.40262197936,1
44851351-0c90-470d-ac8a-274227124a2c,260.548084942158,0
20474679-7945-4de0-892e-985c2994e156,260.192274757195,0
f7f2ad6e-aa2a-47de-b710-c7d888ad8668,260.163640497718,0
a523461e-a634-4aa8-94f3-6d30b193a9aa,259.516418275423,0
c7d26d74-fed1-4b0f-aac1-cb34eb3fa786,259.510515497997,0
1f1b72ec-f310-41a9-b310-4cafcbabfa82,259.499358090572,0
5ebc2c23-6160-4d2e-a720-095c6a050389,259.451209942345,9
232046aa-d3e9-4de5-9635-dc52aa48f699,259.425804849714,0
14e3a196-f040-4d0b-aa12-44fac090b913,259.418478460982,0
f7602795-0f85-4a02-8f86-5695dfc9f34b,259.400689108763,0
83965150-3e14-4fd5-9bee-15c879e0948b,259.079462257214,0
65f5f166-4587-4af2-a1c8-579f6cb29f95,259.027899757028,0
0fa92ad9-9c5e-4c03-af96-14aa62734bb7,258.686348831281,0
4965da43-3639-4502-8499-4bd6f4878d32,258.600202997681,33
6cdf2eb7-69a4-404b-9662-652e72e087c8,258.543686794117,7
4ae477e9-6438-4ae6-8b32-d5293a16da65,258.387760868296,0
0fccf47b-0e6f-427b-a51d-4cd0cfed2055,258.378038645722,0
5f077ba7-8c9c-482f-ac58-ad65ed4bd24e,258.354948368389,3
6f2e5d30-6101-4560-8c50-c8050be7d819,258.295330312569,0
8fcbea51-cdc9-4168-88c0-e0a12c37f26a,258.176476146095,0
b3e08c3f-3962-4ace-94cd-086b50f67a2d,258.116395127494,3
a5aed5a7-e17c-4e33-a70f-82534554096a,258.076441423502,0
e0d9e6c1-d21c-4296-9914-62b7870710ed,258.051915960852,0
3025df19-a937-497d-81aa-ac4207c90e49,258.013385868166,0
2d92faae-917f-4b4e-b0e8-a2401969f073,257.901302534621,0
f1e77444-3799-455c-b69a-3b7a04f0ffc1,257.648385867942,0
8f8120e4-32b0-4449-979f-205bf30e9022,257.601464571897,3
b3d68150-caec-4dff-ab20-1c7f60162460,257.525006238371,126
c84d991a-2bc7-4404-8b4b-5cb73fc5b801,257.31961272005,0
ee793873-1b50-4ee4-be29-fac4dea25d66,257.248362720013,0
21759983-179f-49f5-b8f3-3d2256dd9d61,257.237355775665,0
19d64df4-6f27-4a9f-bf61-63c4740f4a8f,257.191811793949,0
ac3d1d9e-c531-4bca-a557-ec8be6c24c55,257.138675219845,0
3afd3a57-e2b1-4206-909c-34f15b46ee20,256.94883725699,0
bf6e1cd5-c86a-401b-9ee8-b98663f39501,256.60332799796,3
b4f078c0-f568-4f66-905e-fb26fc6814ee,256.523339571897,0
9766f19f-7979-4583-9d29-744aa8e0a2ed,256.460839571897,4
2a8e2087-4482-4764-b4d3-3530dde7f0ce,256.268999293912,0
776e2b0b-c1ae-46cc-bf0c-b6e430a42ef8,256.250781701412,8
9c4ac37d-d398-4155-82df-093df26956ba,256.2505965163,0
91fa2187-9a6a-49e9-8120-53312a5a5e45,256.209531701636,0
6af6c667-441f-4180-9d3f-9c39b3a2d60c,256.198860405013,0
4c3ed60c-2eaf-4f23-933c-21d2b4b15a04,256.189682164229,0
d54b89f3-9b9d-42b5-ab1b-e3ebbe3ac050,256.185272442177,0
7a78ad0a-1e6b-41dc-9afe-e216d07a3a13,256.160191423725,0
f7a72f63-6797-4942-a3fa-8be6e5db5ae9,256.1412215163,0
ad319c39-8e56-4795-a55d-c40bafe08ce1,256.135561794043,0
260665d5-4f83-49d1-9981-04b1194a3e6b,256.052969201468,2
64f70691-684e-4c06-b4bd-173f49eb5911,255.617367349565,4
e9d592e3-e8bb-45c4-87c6-6bc83a093c84,255.576418275479,525
242bcad2-ae28-442d-90b1-4fc366dc9bf4,255.572089571971,1
1558dfc5-134d-4554-a201-c20a3db586c8,255.24587429408,0
95c81f78-48d8-47ff-a6a4-3d1dce922fb7,254.270619664341,0
91eb4a02-2a0c-41aa-932d-aad51e1f13d4,254.234902071767,29
4fb9328e-5a75-484b-b69a-cf60bf16f342,254.152020127513,0
6ec2a840-4b33-4ea5-aed9-02bcace8545a,253.48706642352,0
37dafbb1-67f8-409b-9549-b53002e39df6,253.462216886692,0
d3c8d0bd-b1b6-416f-bbd1-08b64e1e019f,253.329728460871,0
a0866447-8067-4a04-b05c-1c895ffa0047,253.270098831039,0
8e1a886c-59a3-4c8d-bf52-4e42805e818a,253.269913645927,0
c969d00b-792d-4a24-ae56-33288d3cf725,253.188293275423,1
c62259b1-ace3-43ea-ae9b-9be03cb1f403,252.979485405143,0
1b864658-b757-4651-a553-75c0e258d687,252.621024757158,0
f18d052e-0c5e-4008-afca-80767b534db3,252.596152071841,3
d86d70b1-ce2e-487f-b531-80b35a292021,252.587147442158,0
2d7ae8a2-d3c3-4528-834f-d412c69a4580,252.566881238483,635
943c52d2-7c0f-4b56-ba27-4c1f25579e8c,252.566591886804,5
daf3b805-3ac1-4d5d-8447-b48bc296d804,252.536985405255,0
5d2cb055-531a-4b8c-b09c-d97a512c14d8,252.523385867942,4
249fb59c-0fd6-488e-8130-dce9d97a87fa,252.520029386505,1
ae82da7c-a050-418d-a61b-a2576978c67a,252.514566423837,1
d47a1d96-4369-492b-b38b-65a7b7d0008f,252.374161330983,0
1b8b5294-b299-40b5-b734-07f8163bd88d,252.12710114615,0
9bd01796-866e-46be-a635-2e9488de964e,252.116904386785,1
7dd1d9f2-867c-41e9-ba77-4090124e33fb,251.916834942065,1
94197fc8-4872-457d-b28e-70f3d67c7ed3,251.572795590386,2
5131914f-55dd-4f08-8903-9ebfd6381f37,251.482598830946,0
14ad4c11-2a49-4f23-bc99-50dc57478e28,251.474253923632,0
2e6493db-ebbd-4eb0-ac9f-55f6c327738c,251.429392812774,0
4939bec3-4b87-425e-8be3-2d2bfd4d2969,251.340932164341,0
1b2d10ad-b4de-4bfe-ab64-b00e0f3a4ec8,251.163061793894,2
e2d8e611-b4b7-4cb0-8f60-34a02c1b841a,251.067471516319,0
21f25d68-446f-43a9-ace4-9fecc68e3c32,250.587240034714,5
e299b424-93cd-45a8-a5c0-0a3d53cd6bdd,250.368709942326,1
1d6264eb-7911-43cc-ad11-1dba67e3158d,250.017332627438,9
9010683a-9c72-4846-8ffe-bb2a1209a525,250.017228460871,0
d2187423-89e8-4134-ac8d-d345f58261eb,249.719439108856,0
aa8b1169-69ba-4981-a1b4-7537e3e25423,249.560029386543,0
befbbc75-de89-4d91-bc6c-1d8773015527,249.551429849584,3
dff9b296-dcc7-467f-9ac1-df8a2d07e0f4,249.542332627345,37
97a5014b-6c1e-417e-95d9-eabfc7d84ba3,249.536418275442,0
dbad7291-283a-4fbe-9d0b-4de9799e5c66,249.531198367942,0
96fe866c-f8d5-488b-b311-d005a41448c4,249.507459942251,3
addd5476-9c56-4de7-875e-0362bc61ca37,249.453675219789,0
2409c64e-a01e-4d83-ac49-94565c66081f,249.403490034863,0
888f8b79-bdd9-4f8b-8c1a-74609fef732d,249.397355775349,0
308f0c45-ef6c-4e95-8a08-7f6b4a8367c3,249.37982105324,0
c7c63f28-0ae8-48ca-8a81-d850232e65f0,249.256939108949,0
ca53122f-67bf-4ff6-9f28-dbfad263ca01,249.063825683203,0
9539bcbb-e16b-4af8-9f8d-c24a20981320,248.622830312699,0
3b245f61-002c-474e-9f01-567752f47912,248.537946053315,0
903e90a9-00b1-43cb-9f22-7035218882d3,248.526371979155,13
af1149d4-7a9c-4dda-be6f-95579ad32277,248.032957627438,5
16106e2b-7e63-4fd5-a587-1e13437edfd9,247.538941423874,0
283cea81-5e22-494d-a2ba-c37a0bd547cb,247.371950683184,0
1947d67f-bd25-487c-8787-16bb19f7faf9,247.284844201524,0
56f98e6c-f4d3-4ac2-939b-1067ae98ecd3,247.166244664229,0
fe7cba1d-c594-4776-9f7f-c32aebf2404f,246.428327997681,0
b736a414-1688-4aee-b0dd-32f3ca3e9494,246.293096516281,0
cf56aaea-da68-486b-b983-dfdfa8f4cd99,246.171626608819,51
d62edf28-c6cd-4361-8275-06af81dcc8db,245.861649757251,0
8a0c074c-45c6-4515-a3aa-cbe9baa26e6b,245.553976146039,67
1dc8f293-a88e-4cb9-b43b-4cdd4aad6d5d,245.154022442177,0
9e67c539-a625-46d7-a549-896dbd51ea50,245.053119664546,0
7f5ea46d-a946-4ef5-811c-e82f9c57eb1d,245.028987720143,3
e5099f9b-d9a4-47b7-9d17-cc70c9084490,244.944196053315,0
09b9f072-a54d-4ea2-846e-f75e8d361051,244.66039975686,0
41858871-78e0-4c80-85f3-1db61e23f244,244.592390497681,0
49c82f07-5960-44a7-a676-0fa7a98553d5,244.591510868166,0
b8ead58f-14b2-4042-aa61-f2e68c5f9180,244.566233090591,2
31ad16b8-231e-4779-9acf-3cd9c4065bb2,244.53932336811,0
358c5197-4f7a-4f19-81bf-eb07d297a8ef,244.30478633102,0
ad75e1aa-fcfc-4f56-99df-c4361656f900,244.303964572027,0
1f35ae3b-6fbd-48b3-8521-64398051049e,244.132031701505,0
5e192f58-80e5-4e60-bb0a-fd143c5242c4,244.09923077561,0
5282a2ba-ff8c-409d-b697-a4dc4d5688ad,244.05043447949,0
9bad1dfc-3255-46c8-a6c4-8209afc119c5,243.574913646095,1
bf2efcb9-2da9-4a71-8b10-b9cf8289b934,243.56664975686,20
8ca5dfa6-5365-4f81-a2cf-839531fb0b02,243.162355775479,0
a40d8171-2660-4078-9912-a45353895935,243.098594201263,0
9a326994-118a-45c9-9412-e0c4312993d8,242.95727475686,0
2876494a-44e6-4d80-8a17-214d2d1d3170,242.609531701542,10
741f5fcc-3368-4432-893b-d52ab4640f37,242.601834942121,0
c67b54b0-762a-4551-b3d5-f3be62559329,242.54555022018,3
fd8c806b-37b1-4f4e-8e2f-ec557607ce9f,242.500619664323,0
7cdf112c-8172-46fa-a4a1-58f26911e1ac,242.375515497755,0
4479756d-68e1-47b2-b9e3-197822a6ba5e,242.346915960778,0
ec439e7f-9c2a-41d5-8d41-2d7254ae2771,242.197795590386,2
f20e0d37-291c-4312-8fed-35b8d27cfc09,241.992170590442,0
0590df61-86cf-4c20-a786-fbd3fafdbdb4,241.717205312569,0
caf9e660-df7e-4d96-9b15-926749206781,241.558848831337,92
d0b352de-7d41-4b18-b98d-d237833ec95b,241.548165960703,0
5510ea79-5f6e-4a45-ab50-670649e4b959,241.526383553166,1
ee7c7bbb-418b-4459-afb2-84b518088cbb,241.526348831132,1
63ba94f6-feb2-4bd9-b5d4-bbd3cf89fddc,241.512205312494,0
f068a569-1032-4c9e-8911-a693082e684d,241.505874293856,0
67c06ade-fbd8-485c-a7a8-fc79a9c42fef,241.476117349695,0
a470dcfc-fb59-4007-b68d-f71df3a57b0a,241.152286331169,1
8660b695-8ef0-40de-b339-cf9eda1de62e,240.522378923837,0
d4eddb83-9fc3-46ed-a301-c46e672e370d,240.210168275516,0
938023fd-6225-46f3-9952-e3fbb9bdb76e,239.908084942028,1
d995f788-59c8-471d-8935-67c15ab6247a,238.607853460591,50
cc5b5b62-87a4-4063-a795-b5590bb59e8d,238.51458957186,27
c5ecafb7-25c1-4b6d-b953-f12928314d97,238.397784016095,0
fdff3841-4509-4447-a5e3-9ff1454787a5,238.289462257177,0
551c16c7-574f-4a27-8120-a69c52164bb3,238.209566423669,0
dd28fe64-e1ab-4115-b801-42a10f0b9f76,238.145885867998,0
065cee67-a79e-4da0-badb-b28465f935c7,238.128258553334,0
9a4695b5-d565-4617-8c16-b7d425337cfd,238.12605947908,2
8f7051cc-fd43-4d5a-8fb0-58fc2a580e38,238.014670590404,0
9c05326a-c478-4c74-908a-1097c9a3db8e,237.956615034956,0
f40eb3b0-9a04-4d82-a332-fc5c1bb1dbd1,237.902598831337,0
9a4cb7b5-b36f-4f79-a316-12855ecbcffc,237.571279386524,1
39fbd091-4a93-4de0-9182-4e47d610deba,237.52595531242,0
f82b8f97-0e5d-4432-ba52-6ccd08866561,237.115249293856,0
ca28fdeb-235d-4c42-a1cb-b0773d19b07d,237.076221516356,0
db14fb6b-27bb-43a4-a9b8-7c6de9c70fd3,237.021290960722,0
e0e37b96-f299-4abf-a6f0-d897f709a37b,236.614844201598,1
ea7a18d5-9892-4f24-8d49-6d6e0300046b,236.611371979117,95
8eb868e3-a6ce-47d5-892f-6aa5509800d5,236.372679849621,1
55991ecd-b1a0-4ca0-8a98-7c16b6c2134a,236.300006238744,0
68734510-b8cc-4354-9900-19d1e4a9f716,236.249774756841,0
dbec683b-341f-40e9-baff-8872b21729a8,236.247714571655,0
4aa62508-b53b-41ba-bd39-9c8b50069fb0,236.220550219994,176
bc4afa5a-4e23-47b6-a050-4be0f4a60678,236.206279386766,0
9b407c0f-ddd2-4d69-a258-591d8b110653,236.189797905274,0
8a57cbe6-39c0-4bd5-8b83-b05d8b3aa53f,236.172043275554,0
c12f2003-9b25-4c2b-bf68-ad540a5b0e08,236.163061793894,0
6a075ec5-53e6-4da8-b62d-b30fae8adfef,236.123814108782,0
3b914680-86aa-41f0-9cfc-e13499641154,236.120365034789,0
1a3e0881-d1a3-4699-9694-1ad77f2479a3,236.09743679408,0
5eea7df1-8c5f-4ebc-82a2-c117748cc55c,236.071348831058,0
a0cec29b-11a9-4290-a6c8-97bd473dd028,235.983154386748,0
cc7d473d-37ff-4007-ac54-a811a5799cdc,235.611001608893,1
f4d24ad6-4830-44fb-8375-84c426c05937,235.510909016244,0
b8cd7d33-5ee7-4ef7-9659-9c5cdfe18f2f,235.493976145983,0
ded08e57-dcb7-428e-bf82-8e130e7109b7,235.348559479229,0
82e6c8e3-0512-438f-9da0-bda58e1730fa,235.333212256897,0
ef2e9944-5793-4896-98f1-e779dfafb58e,235.295804849826,0
6124a7f1-11c6-4779-9fd1-af9f9083d9f4,235.211186794098,0
b91cc561-6fc7-426a-af23-d823a2706fac,235.181765497662,0
46d5f155-c595-4316-a422-3548e861e428,235.161939108744,32
c2ead5e5-3ff3-4c76-8e17-b53f19bfadb7,235.085608090274,0
e9a04649-c03a-43d4-b67f-a14469da8056,235.040851145983,0
332cca97-30d7-4bca-a575-4f2efb42cf0d,234.982124294154,46
928c1489-b345-4ff8-96d8-3965615cee9b,234.559566423763,0
d557afaa-6158-4ea2-ad0a-9b03b700c69c,234.530978460796,0
cfd9ab19-2c15-4686-ac14-62ce058c6f35,234.520156701561,0
6ebd3117-d609-4cd8-9634-85d0e8749a4a,234.374149756972,0
141ac7e4-e497-4171-8653-fd5c6b47f1aa,234.356452997774,0
2f09bcd1-cc48-4e61-b4e5-e28ba8ae3950,234.184358090162,2
253ab3af-5c26-4bec-94a3-6ffdd19f974a,234.037726146169,0
3e5d8412-98cd-454b-be99-6b55ed80440f,233.991418275516,3
5a9cb3a1-c03e-4867-a992-40b504312fba,233.906071053352,0
d69dfe8e-b9d3-40cb-bac9-d17db8ece251,233.58975160867,0
c59ca3a6-0c79-44d6-8784-9a932f52682e,233.482679849491,0
8a556b44-ac42-4d62-9394-f976769ab0f4,233.375295590609,0
1ed68256-b165-4eee-bcaf-7dc9db22a1b6,233.337668275461,0
8596c304-c2a0-4a1c-a49d-4e156875880c,232.409149757121,0
4cd2358e-ecc5-42c8-bee3-3273b75cf0ce,232.385341886897,44
6290f0d0-98bf-45cf-b4d8-95a179644e7e,231.486522442196,0
33aaf021-85f5-4249-9329-c2a4a684cb7e,231.479022442363,0
c8c37499-f32d-4db5-967c-afb911946ea1,231.301094201393,0
d453f0e3-aa81-49c5-9c23-a6fb31a89776,231.010249293875,0
e21987a0-9c6c-4a3a-a571-c4ef0386640a,230.973304849584,0
ecfb9974-35a6-464f-830f-4a51bbf7be43,230.650469201617,0
b99a0b9c-44de-46ac-a178-32db9bd16b59,230.51442753477,0
34fba5a8-4dff-4fd3-8ab0-895cbc767ed4,230.393952997867,1
627c7fad-f319-4d18-9d16-9c3869e513ef,230.311094201636,0
71089088-e19e-48fb-a579-b88355d9f5a0,229.668281701393,0
a224b5ba-1baa-4f12-b5b0-e7686f6667e2,229.581869664602,0
dabb4faa-72a9-4a3a-9025-e9c074540d77,229.455665960908,0
f94a795e-81a6-400f-a93d-26de652f89e8,229.154149757233,0
d261c828-4274-4201-ada5-088cb587946d,228.554508553352,0
3173beae-0555-4427-bbf6-a908e476c24a,228.48221688671,0
63b6674d-7bf9-4513-8711-34b1d0d96cdb,228.438675220124,0
0ea32d8f-bc9b-432e-8817-2cbd86241a7c,228.399219201412,0
6c339a4b-0f64-4b44-af37-96a1fe8d5498,228.273316423874,0
d52f664b-680f-4ec3-a2e4-eda1fdeb259b,228.226395127364,0
df55b0ed-841b-407e-a367-a7950b4b04e4,228.070955312811,0
6cff3aa1-c61f-42f3-8123-e170da60db7c,227.539149757009,0
032ba89d-3818-494a-b426-5c67cb18c94e,227.368050219957,0
74844383-46e4-4208-8654-37427008b0b7,227.290689108893,2
8739b198-aeb6-4c55-8a57-2d6b8a4c0104,227.261591886636,0
07ab98e7-33ca-4833-93eb-a7d8a113d614,227.009728460573,0
cd7915bf-6cbb-452c-8df5-c6466917abb1,226.544763182756,0
8c6e9a08-0c84-40eb-a712-f42079282f71,226.363443738315,0
a92784d0-a8b4-4cb2-88b3-2005fbd58e6a,226.317621979397,0
103b719d-225e-40fd-9788-15669cd9d7ff,225.123663646169,0
abd75e1e-7c41-44c7-96f4-3311bcc11626,225.101904386654,0
f737c481-c687-415c-8ed3-c0567dd2a6f8,224.305399756879,0
4711b6f2-2569-46f6-996a-e3a16b5df1e5,224.15279559046,1
460f48e1-5d2f-46a3-bf8d-ce20cf5edfdb,224.008605775423,1
59d6d2c8-282d-45b9-967b-c5586d4833fd,223.98530716449,0
bc027356-4343-40d0-934f-b8697a6e848e,223.651858090423,1
917b9de5-264c-4372-b058-bd47d94147c1,223.61874466436,0
1fa85cdb-c359-4983-8e3d-7d1bb864844c,223.416985405143,0
c3aacb9a-90fa-4170-8d57-25cce224c64e,222.602274756879,0
a11b27d7-44d6-479e-af90-b0579dcf882c,222.587112720124,0
380d99f1-0170-400a-ba11-ef5bf8b204d4,222.558756238315,0
05066613-69f0-4ee1-bdb5-95b6c08b7842,221.136302534956,0
205d21d0-9946-4a8d-bb3e-c14e07816dca,221.136175219901,0
cc30a4f8-840c-41a8-a7d0-21578d902e70,220.996267812792,0
3eca31ca-d210-400a-91f0-7176bc71d237,220.378108090255,0
fa5e7a9f-5f6d-4b23-89cd-8be87059fac5,220.275075682905,0
8a10191b-9385-48ba-acbf-469504ec3ec7,220.033675219864,3
e15a5fbf-1aae-417e-8b80-498d2f2acf72,219.977587257046,0
8aad53d0-24e7-412c-a1aa-65d7e6b776cb,219.926777071785,0
4446189f-fa63-4186-a08c-47a9329ef207,219.604034016374,0
3bd43507-b617-41e1-8447-9c02079daebf,219.182309479453,0
081708eb-5a29-45b5-a5e7-5a3bd06b5cff,219.165469201282,0
d0fc54d9-b784-4f99-b0b2-470e38943733,219.101927534677,0
9338153f-1ed6-481c-ace1-576b80bdc2ff,218.498050219845,0
3b9c5227-ca06-44aa-9ddd-d98e2a99f1e4,218.158756238408,0
3f7480c9-ce40-49ce-b349-6a6712c87507,218.06911503477,0
bea8fc8e-1f6b-4bc5-bed7-0580bcff92f4,218.05349003477,0
106f2354-6e05-437a-b215-3d887c72890e,217.616591886617,24
30198458-efc2-413d-8a4e-c8860526fc89,217.604612720199,1
09aef4e8-6921-45d8-9baf-5002fca61e84,217.598663645796,4
137011ed-2ea9-40fa-8386-4c48350507b4,217.597448368091,31
951c7922-deda-4312-9584-b6a3c4e545d8,217.596082627308,25
8b8088a9-cdd7-4bbc-8587-dd10f2245402,217.576360405423,8
e633689e-9186-49cc-a1b5-7bc02a59a2e5,217.576360405423,65
9e7ffba1-495b-40d4-a191-9effb913de8b,217.572922904976,180
4c9293bf-da0a-4be1-a630-2b295c4eafed,217.406094201375,0
dbfd8d2c-5f1f-499f-befb-0e57bfd5170f,217.307772442233,0
1c508a57-9dc0-4c4d-aec2-1f7a3e172d43,217.193790960591,0
ee5310f3-1348-4594-a145-6c108a503177,217.168015497737,0
9076694c-1179-47cd-acda-ca278b0fb172,217.165446053259,0
6201dc1d-c458-480e-89e2-e2b1e38b2ca5,216.496684479062,0
21987a19-83eb-4c91-971c-482296f0e1a7,216.459659016225,0
335ffb31-c8c3-40fc-9a06-2d2a02dabc0c,216.402645127382,0
336033d3-bf54-422c-8792-32a5dff30489,216.182448368054,0
b02672b8-129b-4582-9785-1152e2cc66d0,215.61615207186,0
07639d34-ee64-4ed6-b33c-9bb5f793dde8,215.594855775591,0
30f53f68-d9ba-4fd8-8fcd-f27690477797,215.587147442158,0
e80534b9-6432-4e36-860b-bd47457ef7d0,215.569358090404,0
ec9292ec-83ed-4231-9981-bfd8c40f5f15,215.554346516263,0
2f49d043-4406-41ea-8ed6-6c4f2f88995e,215.535851146095,0
199fce63-05dd-4c59-8ee5-92a493afd09d,215.534369664267,0
2b554cae-63c8-4578-8875-67097f8a6af9,215.517969201319,0
722f2ccf-bcf6-475d-b2b9-eb50a99315e8,215.502679849509,0
76b12800-2c5b-4dbf-b835-d4d48120f8b1,215.40225160867,6
8005a409-199c-473b-b30b-80cffd4b77cd,215.301152071916,2
f74836b1-a1d8-4d3e-8e28-9ca220993dd0,215.299531701487,0
e43a6f05-d02a-4b54-9d35-888262ae0dde,215.242702997755,0
69ea9b31-6faf-4304-935e-473e52edcd96,215.139959942084,0
72f706d9-ac9c-4608-b64b-a3fc5fc6d748,215.135052534752,0
e58f0141-6290-4835-b551-8a38dbb5066c,214.925446053501,1
d233083c-a1d8-4ea5-9b6a-2372a02e35b6,214.921186794061,5
c6ba4404-a0a9-49ba-8519-c2773580678c,214.806152071804,0
0ae45f07-be92-43d6-a01b-20b846b97ffc,214.66043447936,0
f727c9b1-fe83-4d1f-af81-9a4b2b5f9c8b,214.621811794117,3
a94d98df-4069-4681-b5eb-1eef4ce51790,214.619936794043,0
d383da53-a1f0-404c-8de6-9e227f680ee0,214.605839571916,1
557f1008-4fd8-4486-92ac-c79351894bcb,214.535619664472,0
d11c41fa-031f-41f8-99e0-302ccac31763,214.346742349677,0
2e60100b-41c9-47f8-b5fd-42881556a7cd,214.343154386617,0
529e6883-a5b1-4b2f-84c9-a98ad6f26ebb,214.317841886543,0
75bbed3f-319e-4a80-9d5f-eda4a90903e0,214.152598831337,0
4400ee41-d22c-476e-b90d-ecbfcb004e57,214.129138182849,0
42dc6ce0-8eb0-4dac-ab88-1545f8940f7d,213.691163646057,4
33069f61-9f76-4671-8d96-0ee59d7a4fc5,213.636777071748,0
ea732275-fe0e-460b-9bfb-05e57f3970f3,213.591661331244,157
bfee73fa-2678-44a2-91ec-6ccc84ba8943,213.591568738688,27
7282e2f0-38fe-4139-9d0d-c486b31520b0,213.589080312755,67
888d4f22-d073-47bf-a3d5-b63256f1ffc6,213.553895127494,0
cd233c83-b321-4776-aa0f-5f39d5db785e,213.337043275591,0
3ef28c21-70ab-4b3a-b68a-4aa9b1e1f129,213.322263183072,0
4f03a52c-a6cf-4505-b6e7-07960b405288,213.285804849584,0
b68f1d82-372e-4318-b50c-2a5ea87c106b,213.262969201431,0
c21ba720-d597-409d-bbd3-9ea674da6a75,213.227540960535,0
6cab8638-be7f-4db1-aabc-370c09413b64,213.225538645871,0
deb26b59-fd36-4231-989e-ca468c5fb6b2,212.339323368389,0
7956a5d7-25fa-4cf6-892d-2d6e65c3ed29,212.179635867942,1
62469333-e153-4b7c-bbb8-e775585227a9,211.108582627494,1
f433869e-8a78-4c71-aea0-e860d576fb46,210.985318738502,0
310b6dca-f383-4bea-bba3-a112032d2016,210.686418275349,0
16cd68dd-a7da-4288-afcf-37701ec885d0,210.609439108986,0
814a0d93-bb84-471c-9f12-cb53def0b09f,210.589693738613,0
7a31a4e5-ee83-4d67-9a29-e46d547b2896,210.48818910867,0
f183e8bf-8f92-44c4-ab6c-f7dab4264896,210.474300220143,0
91695c4a-f4be-4276-ab1a-7af697014430,210.426591886673,1
bf41c324-c88b-492a-8003-15006c196071,210.074138183147,0
c1954c20-06e4-4717-968f-8b6f64117313,210.070330312476,0
20087b7b-c2eb-443b-82f7-4390febc6afc,209.901811793912,0
d0acfa94-4c68-4987-990e-f59c1aa0f026,209.587286331225,0
602c9e1e-f36c-4ea8-88bd-752e77203f0e,209.565249294043,45
6fc1e842-8ac9-4184-ad24-c22a8d6fb8a0,209.55336272018,0
cb10bfa3-882f-465b-abb9-378fce5d7fc4,209.290642812382,0
8d0a15cd-1675-41e1-886a-92dc5e3ad47b,209.153351145796,0
81175a87-8f0c-459e-b7bf-bea5bb562092,209.091834942345,0
aa76104d-8409-4b32-ae78-a824b044da0b,208.579404386692,2
a4e1a940-75b9-487f-8a33-ca80744d7bca,208.516024757177,0
838e1b1a-3578-46f9-bb4f-fc2c4b856c8b,208.451777071692,0
f08e9336-bf0c-4267-a1a3-7be0b78e9621,208.399809479248,0
5cab08a6-ca08-455d-a6dc-bca20b129c19,208.277853460982,3
d44155b2-49c9-4c77-8451-73d2b8e2152d,208.252552534919,2
8364b241-9853-4c1b-a9a0-e174f8a18b54,208.176927534863,0
c9140bfd-03ef-48cf-b517-55a86b23676a,208.093825682998,0
86546815-bbb3-419c-a31f-75adab61a946,208.091464571655,0
ce941a28-d85a-42b9-b80e-dcad93658683,208.047077997588,0
9ce3eeb8-ef3c-42ae-8425-b1f68480a261,208.014172905125,0
1b4d8435-7f73-473e-8555-b44cad96be1c,207.585145127494,16
738a2dab-715d-4a0f-aabd-96002a8bba1e,207.583536331076,84
74aaa601-2a6b-43f8-afad-b83d16ba53bf,207.56117522018,0
e11ca5b7-b6b4-4492-8d12-5b39112d1f07,207.5500641088,0
5ed88495-70b5-43da-9d0c-6c65ea6e950a,207.50519142393,0
2c0857b9-346c-4904-ada6-a9caf873a51b,207.382552534807,0
bc014ba0-dae6-4be2-9010-79a42bf37301,207.284149757121,0
8b91f031-787c-4055-9ead-4fbc9d97c641,207.26668447908,22
21283355-8412-41d7-99af-ef39e273243b,207.141036331188,0
55f8b827-cd27-462b-841f-eea917ce76e6,207.051881238353,0
0c0944a0-5761-460d-8fa5-e6539e0deadc,206.581395127345,0
3c96df34-c0fa-4702-9706-3b24849e2c2b,206.336672905367,0
62db9f1e-0d1a-4fae-8a0a-b4e92ecc988c,206.287784016225,0
3d7897cd-5957-4738-801c-2d24dad6e2df,206.278316423763,0
312346e2-d135-4927-9156-09617cd259e2,206.168964571785,0
cf36778a-34bc-4aa8-abd2-4b220d8b48bb,206.167552534956,0
383cc8ff-7d86-4350-91e0-29682e00f67d,206.11732105352,0
df053f6a-64e4-4176-92bd-69a919813d9b,205.592517812736,1
2a06a65a-8508-4aaa-a50b-b5d3f8d015ea,205.422564108856,0
b55847ef-6bb1-4e66-adef-e0d135ac4e11,205.416418275796,0
f3497f3b-3151-4bf9-87ac-7e570aa60d31,205.318131238688,0
9ecf240c-2fe7-4b7f-9175-57ec05e34934,205.263802534901,0
a5a152c9-1041-4a32-baa0-fe9b3ed955c2,205.136939108837,0
197267f9-3570-4098-beab-ace7eea21a1f,205.103466886561,0
064f53de-f06f-4e74-a4d3-4efa72092ed8,205.077193738427,0
5e9920f3-7f51-4874-8db6-bd3b93562a1b,205.061487719882,0
ab08b6b1-c2f1-4517-96c8-29c85d310b82,204.892077997793,0
58734ed3-af70-4b19-9ae5-4a9dd1e88315,204.382332627196,0
881e408b-e72d-4d6f-8029-4e8443e1e4f0,204.333015497774,0
fd19d482-f148-4436-bdd4-816a512a4d42,204.29500623839,0
6477a19e-f1e8-4f51-949a-9d16a34c073e,204.286719201598,0
6a83f687-6d73-4cc1-b6e7-4b473f6cae2d,204.267934479285,1
db137cf5-b90a-48df-89c2-2f7cc50a20f9,204.238073368091,0
1a99196a-d4a2-4b82-b636-af9a4aa6f789,204.144786331337,0
b60bb79c-71fd-4916-8b14-afbc855f5863,203.736406701617,0
68bdc83b-984e-4e31-8811-30494ad7c161,203.52369836811,0
28942b93-2b3d-4194-80e5-e1f90df7dca8,203.517610405106,0
eaca9d10-0b2a-4c99-bb3f-616427740cf8,203.427135867998,0
b793af5f-dc70-4149-a202-fbe94d6ce747,203.383258553222,0
01ea1883-2981-4fbe-8fa5-63036c4aeef2,203.352633553557,0
b298fb5e-f2d8-410f-aeee-c1b0fac26946,203.325353460852,0
3b289b2d-5321-426c-a064-04292d58be48,203.251707627438,9
607ecf23-0079-4e0d-a6fe-f7c1e89ba35b,203.196603460703,0
c0344265-f12e-4a89-91e7-f4ce681bcaaa,203.138929849491,0
63885714-f44a-45ec-8b36-80fdb1877cf2,203.125527071767,1
0d748bc0-c664-42cb-98a2-0019d1122258,203.102008553222,0
dd3d1a94-97bf-4bed-865b-3173819b9749,203.101591886487,0
4efbe944-9cd0-4801-b4f0-8ed70e9c9db9,203.003293275367,0
ee785d9e-1b1c-46b7-aa07-a04e7e36fd14,202.516476145945,0
50b862c4-342e-4357-a4c1-129440e184df,202.452274756972,0
6c50c171-919d-4083-9f59-f8d241df8241,202.431545590516,0
19566308-7599-49ef-a7d2-22b76b8f07cb,202.408189109061,0
59c5e774-37b3-42ce-9f72-71e159dec9e7,202.194358090404,0
54d719c5-1b25-40bf-a453-51c4707a68bb,201.913108090404,0
cb2063ef-998a-4b80-894b-a3c135066a47,201.86147614615,0
a84cfc69-cfe9-4e81-b5a8-979bac02b364,201.556348830927,0
ab8d46e5-70a3-4e4e-b771-4a0adcab1d15,201.345168275759,0
c75af8e9-c382-4c58-a12e-d04c1fe1aaee,201.24002938671,0
dbf17352-e5bc-4918-9296-0e086ec22444,201.232564108912,0
3539b9bd-359e-4c08-a50e-f2060da60740,201.208652071655,0
3a7af6a5-0ca3-4f54-bfcf-e7ccca7c068f,200.62463586824,0
e60e9f6a-fd21-4ab8-b9c3-751f79f2d494,200.543432164472,5
93dfc475-e970-4480-b744-4c2cb0c133d8,200.539983090479,0
517c4070-64fa-409c-ae27-b959c403e1bc,200.404369664378,0
10a6bd9c-013d-4054-a776-419204fd3dee,200.117564108688,0
ed9d75e1-0209-4ef3-b370-5bd35a5fe362,200.049230775796,0
52562d9b-037d-4c27-b6e4-c269b9a62dc2,200.041441423818,0
58845287-0778-4483-8c4e-a33dfe180bf6,199.560874294024,0
4d551c37-7014-4eb7-a7a3-c19528056d57,199.368339571636,0
1575d23e-3259-4703-a679-22151a38764a,199.347066423856,0
1154be9a-7e97-4f63-adbe-897d65194fd0,199.219670590479,1
0385869d-f3c0-4d01-9968-468509cabb83,199.173200683203,0
53ff6a77-a630-460f-bda5-25befd443f85,199.165793275461,0
07728b79-bdc3-4756-bc39-209f45f57c3d,199.001510868315,0
4e6367e7-7c09-4f69-9d96-30a7443db6ab,198.546429849695,0
02b8358f-802f-40b3-9e2e-21fd0699216e,198.456105775665,44
2fb957ba-6484-4940-8be4-80f8a9b1c7c7,198.405399756972,0
f6be9f4b-7eab-462a-8634-a0ae7b0fd903,198.270515497774,1
b9be6cd5-0dc1-4735-ad13-f6f3c2cfefc9,198.270330312662,0
50135679-5f7c-440a-b689-813cde58a8c9,198.238154386636,0
2b0e4af4-4af7-4583-95bf-4a9ba378f9e4,197.634149757214,0
c32d0fe4-c2f7-4743-836d-bf7e191685eb,197.576858090237,0
0dcce5eb-5c50-41b4-b289-3ae6228b478b,197.208547905087,3
0d18fbe7-f007-43d3-8fd9-882ab6a72091,196.576834942214,0
a4566d07-6e60-454f-893d-35c150fb16c7,196.50548077561,0
1a590339-6514-4d43-84b1-ec3888dd9947,196.421557164285,0
54646254-8c87-46d1-85a5-bf7605d6a0f5,196.35491364589,0
4b3ff99c-9f70-4e54-adfa-e387057ff63a,196.329925219994,0
da72aa08-6f4b-481c-84a7-311885f637f8,196.220874294173,0
d30cfe61-3e34-4802-8163-47556f4b9a3e,196.141244664323,0
809ed01f-f561-48b1-b616-793aea23a02c,196.125538645778,4
5703c6a2-5d3e-4344-9aa4-78d9d170e95f,196.097841886804,0
9bb939a2-8ca5-4e72-9994-7f4ff3092e01,196.096707627643,1
1b5e66a5-ea3a-4fdb-b848-44f9c8ebdd62,196.07884883089,0
3d78cd44-556f-4110-8791-ffbe53bf5f15,196.007031701505,0
9efc9e33-7fff-4e07-9b92-0af9d4465b5f,195.518432164565,12
2ca2cab2-1e62-4f4f-904a-57959bb6393d,195.502934479155,0
19c701c6-7c27-4be3-a51c-3aadce7921d2,195.492714571767,0
6d62978c-180f-40d1-917b-3cf374d55ca9,195.48447383102,2
ad30b294-f99b-4a62-ae38-f9755ca4ccab,195.463617349509,0
5608355d-ccf1-405e-84aa-7ca63e19b74e,195.371684479062,1
5efe48d4-2372-46e8-9e74-fef4726d97a9,195.351753923576,0
1771a8d3-8b64-407f-9b65-c630bd35ecb2,195.340527072083,0
5e689043-adca-42a5-b842-c68d12c51c9e,195.236904386897,0
8f22b136-bba0-478a-9bc1-3188827f3b9c,194.401580312755,0
337fc89a-7c03-4e1c-a1c3-37693d99ad8c,194.38553864602,0
502a4de4-809e-419e-b073-31ef57c399dd,194.319520127494,0
a36c3b39-cb9e-4d2e-b269-64436e5ba994,194.294149756897,0
17e08b38-9f4a-4371-8ac2-e5a1190e95f9,194.28376781242,0
40d74c02-7aa3-491b-b0df-94388bb8327b,194.279496979434,0
85b1134a-ba0f-4320-82c2-2c693b32987c,194.247818738688,0
39694673-8c70-4010-936e-9784e4ceca8c,194.051186793949,1
1a18cded-4af4-4e9e-85cd-e534154373cf,194.044103460852,0
35f8274c-c6ea-4bfb-86e0-dbc0524ce074,193.619138183072,8
d718795e-64a2-43b5-9c58-9f3dad0e7d2e,193.603432164527,483
cdb0ef2c-7456-4f63-91ff-9511f3f67bfa,193.562679849565,0
9e7fe3ca-ab89-4da0-be89-b9108faeb3bc,193.299716886599,1
2a680193-f6b6-449c-8da9-95a4e2ea895a,193.28314281255,0
b3f07538-fa37-44da-8d98-5dd45b070cdd,193.12463586824,0
e710a681-232a-4ac6-ad49-dfb9e600ac8b,193.04780716449,0
6f9ad871-e072-4757-8809-831b222d758b,192.607587256934,1
f0f668f1-0eb1-467d-89b3-ad954ba53039,192.591707627289,1
7aac41c6-b991-4b61-adc6-629056ac6cf1,192.544682164676,1
25e15c3f-66f5-414e-a25f-e87824a384fd,192.361499294173,0
323c4b95-b2b4-4ce3-a2f5-d84468f46e69,192.336939109024,0
8028d091-5953-4300-8ecb-4f2b01535a3f,192.289242349565,0
3634e001-b4ca-44ce-af25-7e76803f2504,192.277691423893,0
140b6226-a39a-47b9-ae6c-c19b8b674f26,192.274068738334,0
a266e6e5-434a-40b6-aa5f-63d84d5f8af1,192.020133553538,0
f4a1bb20-a686-4c0d-8e8b-eae785f6dec9,191.667494664434,0
8cc82893-a145-4b3d-9d16-f7b6b317558a,191.137413646095,0
197d4519-b217-4880-95fe-b36b4c9dda95,191.13261040533,0
d6e67284-49d1-484a-a561-8df55b140639,190.439994664397,0
c0d41b3d-6c07-4de5-a565-36f538fee4de,190.28480947949,0
0ef321bf-c951-4abd-9284-611c6135f789,189.623698368203,0
23cbc520-2c34-4119-a7e1-9e5a0e47228e,189.616117349826,6
f385248b-bf16-4668-bcd0-fa6f041f0a57,189.613432164304,13
054366e2-a4bb-44ec-8abe-dbcecc3fbdbe,189.602980775759,7
57383924-91e2-47c7-ae33-79157d0e6a47,189.585897442419,1
02c66de3-1e24-4cd6-b7d5-d7c6c0a36e9d,189.569786331151,0
2a64874d-b2d6-4586-b8a3-e9986a36541b,189.56605947949,345
4301d8b7-7750-45ac-aa5f-f9ca87bc1f11,189.548709942028,1
c0cd3217-d608-424c-91f8-faa1a9c63627,189.532749294303,4
173d8b21-c643-41e1-b9de-44ca4b54dbfb,189.528663645964,0
839d1e22-ea48-4741-87a2-dcad36e97ad2,189.495272442233,0
595b89f8-8a19-4957-8df2-1c7dd6894fd0,189.458200682886,0
442669a3-8aa2-4162-8d51-e4e57f6ea640,189.376348831225,0
cb22717e-5fb5-4ad7-aadd-e3c2a9c17b68,189.351175220218,0
20b2641f-55f0-4117-90f1-c68439a73733,189.029878923669,0
7a5ac93b-d852-4319-92fb-621ffdb06eb1,189.026869664434,2
d379cd03-a665-46b3-820d-2b89d6eacab2,188.606360405218,1
b5b433f2-0b16-4d6d-968a-e3fd05f4cc70,188.605758553371,1
dabb23c0-d797-4f18-a52b-d1e9f43c3504,188.60006410908,14
06e8f211-89ba-42b0-b008-dd930c5f992c,188.404057164676,0
94c30235-61c4-4382-9890-c21635fa6324,188.161059479229,1
50235c17-de78-46d2-9814-0319b43d7b97,188.120469201356,0
36e76b42-903e-4ef5-ac89-06c6cdba5b26,187.993235405069,0
a99d5414-721f-41be-bd9d-8fbe1373c76f,187.823131238576,0
f1326c78-09f0-4c73-a105-de83b80f12c5,187.604531701654,0
661d8934-207e-4026-8c97-c8ccfee76b2d,187.457598831039,0
d807ffd2-d74b-4c8b-9bca-7b16396ba4e6,187.408663645852,0
e14ce9fc-b36a-40ff-969b-fb6adf821dc2,187.382020127494,0
c226f9e6-cb52-475f-ac6a-2fa4961a7d72,187.353108090349,0
d76493ce-1ca4-4393-8992-d411aafb5da1,187.184149757028,0
1e39f220-629b-4fec-97cb-b39af1aeafb3,187.089855775703,0
549cd57d-2372-46cb-8c28-8634c6e4538b,186.632031701505,4
8bd2014c-5014-4a35-9889-8abca781d236,186.60654559033,2
88e95b42-9309-4b6c-82e9-ffc1f265828b,186.603362719994,1
9a0e3374-fe0e-459a-b6fc-fcaed28048ea,186.602841886692,187
e3071a56-4ec1-4d23-8f8e-846f1bb88913,186.596904386766,22
a3ea41b7-5add-4fbf-9ca7-9520ca419e09,186.543929849751,6
47a4be24-578c-4b8f-8326-95fb138be54f,186.478802534752,0
4206769b-8821-415f-9836-fd184fa12760,186.470064108726,0
26577b75-3650-4f03-a8ed-2f3d3e350eb0,186.458061794285,0
4b3e2cb6-0934-4a67-a384-c5a5086aa64c,186.251626608893,0
f2aab958-5125-4aa6-a557-58c7b4dbcf24,186.134728460573,0
8a3789f2-30c4-42ba-99f7-3ddfff9b9886,186.033802534919,0
979b5039-6515-4c0f-8ebb-c80d04e2a2ff,185.607598830946,0
76799a88-eda6-470b-b90e-0b0945f1fc32,185.535677534994,0
0eb47292-0562-4566-8feb-2973113e628c,185.481557164341,0
7943f961-5e79-432a-95a0-031248545e79,185.331580312457,0
57f41f1a-fe24-45be-892c-a50d2c8f382f,185.303304849658,0
ac3eef67-df49-4136-b3eb-2549ecdfedb0,185.297957627568,0
9e1e8bb3-12b4-41fa-baa7-03c57079c365,185.152888183016,0
f7163fa4-431d-47f4-86a4-19dca8209c82,185.0891613313,0
ce665236-2f04-4dea-a3ec-69348914634c,185.087436794303,0
5b18df5c-2c5a-4341-aba1-d111f4917ae2,184.58507568296,0
2d9fefdd-e979-4c5c-80c4-e7212f610a38,184.301638183184,0
90516fcb-5059-456d-854c-20a49ed4b0eb,184.26446225727,2
0f2427d1-656c-4173-b0aa-bbebc406223d,184.236418275628,2
5dd9c1ba-b57f-4e52-823c-c11762608152,184.204994664527,0
6b579bcb-2783-4674-8a72-5295e7ff70db,183.541996979155,0
960f8b42-26cf-4dbd-8e15-160d4b0e64ba,183.524797905236,0
129c6692-a779-4191-8897-95826f414320,183.516973831225,0
afc9f85c-3b1b-46f9-b98c-68e5a713a0b8,183.408883553464,0
418ee62e-a58d-481f-bd2a-53bd935e6c18,183.402471516281,0
666735b4-e223-4694-8300-a56ae256c11c,183.384682164527,0
bed3227a-d8bd-46b6-8d6b-9a10491fbd78,183.369554849807,0
5eb19402-4a1c-4b4a-999b-303422edc71e,183.343351145741,1
02115c22-bbe9-4d0e-8c48-c0f0c2782bae,183.306198368315,0
ddee4ad4-45d1-41f1-9cf0-4d0987d2b972,183.183779386804,0
07390799-b90e-4d36-9368-09a4ab4697ac,183.132193738595,0
93eaada3-9120-41ee-9b87-52a722dc035f,182.583084942307,0
e8b79340-2d06-4a7e-91a5-e7e682895de2,182.581545590423,0
b160ba9c-cdfd-4f64-981b-fe205d997958,182.574381238315,2
a83fadd1-9ad0-40f4-88ff-f4886da04d13,182.514415960759,0
922376b9-c577-4944-8c08-7a7e58c7ded7,182.490712257102,0
77c28934-9cea-4db8-af46-54bcb2251bf3,182.477367349435,2644
bb5e008d-74de-4546-b8f4-6068878ad067,182.335781701375,0
dea942c4-e25f-4ea3-9ff4-25dbfb49a747,182.162853460759,0
2f389424-995d-4332-8c32-2bac2139c475,182.161418275442,0
e9e72ca6-1f08-424e-b15e-71ee8bb8f8dc,182.150145127438,1
2e821110-9009-4f46-b26c-246ece0937e0,182.043223831337,0
87f1cc6e-3d94-4608-b39d-3189343b1d65,182.01767984964,0
847369a8-674f-4dca-adef-48b21940fb58,181.952378923539,0
9c6126a8-7653-4c4e-866d-699c285a51d9,181.584369664546,1
dc0f534d-364b-427b-9959-03c93d11fb21,181.582251608837,1
1151b497-fad3-4eef-9367-9fe72de7a96c,181.564520127606,0
9ebfa1f4-dd7f-471a-abf5-d5eebcb129d0,181.38094373839,0
f6b0564e-fda8-4de3-838a-56f1358d1907,181.328663645778,0
dc0858b7-d393-4613-ad84-402eec4df3a1,181.310411331244,0
84fd140c-0867-42bc-b572-052853125cc8,181.283964572009,0
681d81e7-7011-4ec0-9372-cfba7d9e91e4,181.25176549796,0
d01a4b62-525e-4974-8b76-e7955fb3eec3,181.239774757065,0
649c70ca-a6f9-4afc-93cd-1bdc8fa329b5,181.146730775479,0
81fc9a3c-1b98-4107-b970-b690049281d2,181.145260868128,1
67491973-6377-432b-aa7e-482b82fa6490,181.062309479341,0
65f646a5-ca57-4858-83fa-5d743f677d73,181.061823368073,0
3733667a-ea35-4997-8745-08a6f31d8162,180.968374294229,0
d213afc0-9ee1-46fd-adbd-ae11741f4161,180.86485577561,0
49bad48a-910a-413f-8552-6a4457deece8,180.628443738446,0
f65fd9aa-2388-4f44-adda-d9fec0e83e7d,180.582807164639,4
f4a8d310-b010-49d0-bda4-01881c2757a3,180.56618679408,0
417fb9ef-c4b9-4922-9812-5824bf0ab8db,180.537448368035,2
2691c3de-2682-4449-b018-e93532639b05,180.537101145834,6
d67c05aa-d069-46df-bc31-70ec4ffd715c,180.518547905143,0
d9f746d5-ef87-4b53-8253-2f5b333594a4,180.506175220013,0
7a8955b5-526e-4f67-a5fa-845f4b28e834,180.469693738502,8
7fa5011f-ee62-41f6-9096-455b02623b3a,180.32788818283,0
b3b1b2e4-a616-4cb0-ba74-ad46db079f54,180.282818738371,0
b8c5cad2-b98a-42b9-8131-88b08502b23c,180.174902071711,2
8f9b04ea-5563-411d-83cf-3bc9848b5d88,180.165608090349,0
2d935dfa-e772-4e19-839c-0da5721234de,180.046348831151,52
f1595ac7-87f5-40c7-a2cd-61a0ca8508a5,180.032378923614,0
ee97a5b6-97bb-422c-987b-58a9a217e2cc,179.988628923893,0
59c05fd7-0ad5-4569-b69f-ec7355d76ed0,179.590827997774,0
a97c77c6-b7c8-4655-a10e-9b6422a362b7,179.544369664509,0
80238d47-dbff-4eb7-8121-469f8bbe96ee,179.375075682998,0
57ea5489-1ca8-45d1-a41c-e77765ae881e,179.298733090516,0
96826b3d-a64d-4ece-8e24-9ce4915e6391,179.262506238651,0
1be7b758-9773-4339-af51-5f484b47a195,178.617772442289,3
891c4eac-7229-4985-b693-015c33880cd8,178.610746979248,3
13c7a359-80a8-499d-a72a-7aad1d1423b9,178.597344201524,15
9ae6649a-1ef7-488e-8c13-5bcd77354e8b,178.561487719882,0
83c3f108-0814-4044-8f06-fb864c296280,178.540399757214,0
14721a21-71dd-4c78-aaeb-92e5a3c4c89c,178.498767812736,0
8eb5c2de-e704-47a9-a6f0-25bea90f575c,178.488698367961,0
50be8cbe-1ff0-47b7-bd8b-49ce122b78d3,178.428883553483,0
6ca8791d-8833-4992-a56c-821a6f13f492,178.122749294154,0
3f965b86-9f1a-4343-adec-97a09283dd12,178.05645299796,0
a333f4a6-6cf0-4406-8053-0e5e8cfef26a,177.961013182998,0
39ed651c-6ac4-4f91-8930-623ea5726f4a,177.380202997942,0
e603d57a-50c0-4a27-82f3-d4b6f3af2243,177.011024756823,0
b8eed929-4fb6-4382-83d0-52bb0a15dadd,176.459566423669,0
3c7c28f5-26cb-4b69-a350-649afc5dc7c6,176.108478460927,0
cc2b20a6-ac1d-4e0b-9a73-a45c0917c258,176.047274757177,0
798eb5c3-a47c-4ded-b281-c90f0ac961cd,175.544647442177,0
f5fc6bef-b28a-46f4-b85b-ac564fb26a0a,175.480561794247,0
d98c2dee-3c42-4654-8067-3973ddb2d836,175.337621979415,0
43eb5754-b321-4ec8-8c43-2a181d85c57b,175.295446053147,0
f342d784-fbc0-4033-b3ec-e8fc770502d9,175.052980775479,0
98018c7f-2f0b-456c-a153-289f7fe5325f,174.958825682756,0
a23aaf0b-a5f4-4f05-8943-3d4b83c764cc,174.383860405069,0
560e5a7f-15dc-483f-b8ad-58d6d4e6a1db,174.043744664639,3
5e906601-ba81-4124-bbfb-c0e317375e43,173.349172905087,0
e83e83b8-7558-49fd-b68d-4baa49f5df5b,173.187610405032,0
871e5137-f0d2-4e4b-bd4a-0e84f216bf17,173.181105775759,0
f75a4cd2-f498-412d-8450-d0153e6abaab,172.614832627587,22
1e4a03d9-d09a-4693-9194-340d9c40801d,172.533918275498,1
e1425db1-905d-4981-aaa0-8f6f326cf8f3,172.52177707199,5
2197820a-651b-4e5d-9125-677c75b46799,171.615573368035,2
1aca6e4f-5bfd-4260-b1de-789938c4829d,171.447228460573,4
b3de0e7e-46e9-47c2-b308-65c83e5a1963,171.387367349584,0
91c080a1-c102-470b-b35f-8d5babd81f7d,171.379948368296,0
fd0941ca-467f-4cb3-b940-dfa4897572cf,171.254172905348,0
9c7de943-84b4-4ed1-947c-3d732fa02b7d,170.556522442028,8
a3234e3a-5c2e-4c23-9c13-2889b6af9b2d,170.443490034901,0
45140a7a-cc12-4b43-9362-7e6e562e8afd,169.996869664639,1
2ca09aef-4806-4c41-b289-68bc16f07136,169.480388183147,0
173444e5-1992-4148-8581-4ad112014023,169.266198368277,0
cd6a1ffa-24fc-41ed-8090-db15e9637d22,169.253733090591,0
36328684-fc82-4f5e-ba37-6af68dfea1b8,169.20384883089,9
cbd8aea5-174e-41c6-bbd5-435d02cecfdb,169.054277071729,0
ec751762-05c6-4eca-b7ff-e09cd2e05238,169.028003923595,0
2afbf64a-87fa-4b42-b638-0c9b3c21dce3,168.605689108837,2
9452a6e1-389f-4204-8cf1-dc4537e337da,168.584381238557,17
4d8fbaa9-231a-459f-9538-6796e53df50c,168.568976146169,5
1331e8b5-87ba-4b0d-b1c3-ea5a29a5157f,168.536001608707,0
b958300d-a662-445c-bea3-9f9a1763e2fd,168.528154386673,40
739e0a6a-1ae5-46c9-843c-67206b86a3fb,168.517309479415,1
974ea6e3-5a52-455f-917e-5870195a958f,168.362216886599,0
690936f3-c797-4cd2-9148-59bcea7349cd,168.360897442326,0
5d30e901-abff-4ca3-955e-7df06f444690,168.171753923874,0
3384b738-f3bf-4320-87b8-749c1c4348b3,168.164612719789,0
a98f1c90-22b8-49a6-806f-0e2ac26f8313,167.9953766088,0
f34d5be3-1037-4485-8bc3-e5ef05ea241a,167.585978460964,0
f3577844-e854-47ab-991c-633bf47c22b7,167.580561793875,0
4c302cb3-5d09-4b3a-ba5f-890f768677b2,167.311719201505,0
3da3944b-3d08-4596-899d-76158c425257,167.290145127568,0
8609924e-0ff7-40c2-bfcc-58b75b30581a,167.289311794098,0
f04bb14a-1629-4f2c-887f-e11ef7dbe136,167.213304849807,0
ab0e74ef-adf2-4196-89f7-053a3ce633a4,166.611452997662,4
5de2516f-aa64-4ab2-8ca7-6587d85177a5,166.607193738688,109
1c059333-00cf-4363-9483-bcac71c9688f,166.585978460964,75
0b8f27e9-3fd2-4ae6-93fd-1c068fca42f5,166.555457627401,232
ef099215-38e5-4c8e-bbd1-922d985c5c35,166.555145127233,8
c74696db-2c06-4dee-8141-491108a0cb36,166.523918275721,0
df0cc1e9-f2d0-421b-b018-eadb75bceeaa,166.447112719994,3
cb4d0285-ff47-4fdb-89fb-e867d8d0e7fa,166.413061793894,0
e2893e50-545d-461f-a7a8-7e57008710ec,166.370955312625,0
3e8f12b7-c6a1-4576-a271-425261a40a07,166.336499294266,0
4ac1f5f5-1bed-41e0-bf4f-b27a3a4d6553,166.256858090404,0
7c081539-a8f1-4804-bf38-9882ee469b43,166.228929849807,0
0c6d5164-5128-4ebb-94ab-f3041fa02d13,166.174867349677,0
0630c81e-b4bc-4fd1-8788-62e08257be8d,165.607633553445,15
ef73d754-4ab3-4522-84c5-f306bc593021,165.578536331188,12
02692568-c173-4582-b3de-0679cf29695b,165.55691596074,0
60ad2112-7363-41c7-8fbe-9afba94f7995,165.242830312811,0
220de0b0-acb6-4fb5-8836-6ddd9ce7117f,165.236846516374,0
8d0121b5-28b5-4089-bfa4-b8f3111b5b29,165.230098831002,3
c0f42903-bdeb-40b6-8af1-a260c0f6f047,165.154740034603,9
d30ac057-76c6-4a55-9235-323dc1286787,165.109867349733,0
357681df-b0f8-41d8-83fa-abc1f3d82ba7,164.393270127475,0
2e985fb8-2ccf-4286-9d4b-47e314728c14,164.309288646095,0
d79f1f80-07c1-42d9-9887-ceadf87d796a,163.878999294247,0
c79b856f-1502-42f4-9775-f79d3c5a8a98,163.517436794005,0
03a3adf3-0d53-438b-978c-953ba00016d2,163.431591886561,0
5e04e9ba-90fc-40c5-8739-932b3e9863cc,163.340665960684,0
c5e4abb9-bb9e-4189-b67d-cba2f3503d32,163.040561794303,0
193b1be5-428e-4b98-8d0c-080c3676ed00,162.240851146169,0
300d8f10-a3fb-4f8d-b63f-801e25f11b2b,162.194809479173,0
5915c4f0-5c08-4342-998a-4ef24d1d971c,161.963304849807,1
2dc2cbe3-c764-4b5e-ac23-92e8db78bc44,161.612124294043,37
84e83561-7e40-4b56-bed6-58e53e8077b0,161.596777071711,1
b2ef2fcb-4cd2-465c-b54f-58041bca56c6,161.596742349677,9
a07ede4c-f068-4e0d-862b-dce5ba03c0ac,161.578756238334,1
a74a1058-90ce-4ed1-a2d2-7faf8bc8855d,161.428929849528,0
4a69170b-96e5-4dc2-a767-718dd98ee412,161.415700682905,0
7994be06-f9cc-40ed-9bc0-bb15a29cc2cb,161.208050219808,0
3fc2e610-9686-40ef-9e5d-e4e1249ed87b,161.159080312587,0
e0c792e5-a786-467b-99c4-3eb33e1246f9,160.608490034938,10
4f16ab0e-53a0-43a9-85e3-af080894fbcd,160.606279386673,0
9aa30853-1047-4803-a865-8468808e8589,160.586001608986,1
f505bee2-8429-436e-aa43-f65c7b7eab83,160.580573368352,0
6a6cc02b-614c-4798-bdaa-3d57dd77d78d,160.5683164238,3
170f5d4d-bb7b-47fc-93d5-b9e56266584d,160.245457627345,1
0205fdfb-47f1-4908-a73d-515951b08eb3,160.191534016281,0
8ebe168f-d4e3-4aed-ae22-391638af872d,160.165064109024,0
8fe7a6f2-72c2-477d-aa4f-f5007d955da9,160.10688123852,0
fa19852b-f13b-4bab-9eac-91ad43037d34,159.611915960908,8
6e94a89f-7eb8-4961-8717-6c25c8f09082,159.597621979192,0
f5bd1893-b6db-4a06-8173-bc6f60f8124d,159.394334942102,8
f8eb2064-40d0-4b64-9528-a4810957d1e5,159.349265497644,0
4acb41cf-3cf3-4519-a8b0-897e5a6ae9c3,159.347355775535,0
e32f4130-cc9f-4da4-b261-4d7809f74c0e,159.275932164397,2
60840d6e-e19b-426f-884a-eb2c3d2ab3ce,159.144763182849,0
d45b9c3f-f7bb-4366-bf39-7662a1fb8431,159.07241364615,0
7b401c04-2871-4625-a353-433e0b684e75,158.580885868054,1
a98c0170-9971-48e6-b74b-a5a2392e5d73,158.577413646039,4
6e0d3f3c-ac19-4cef-ac9a-36379d9d1099,158.572587257251,23
e861d39c-51cf-460d-b1db-34c552713c9a,158.224786330946,0
cb8d03a7-2d50-4310-958e-35925556753a,158.145168275572,0
6d6f5631-897b-4683-9382-66f30422d98b,157.564334942028,1
7b43f84d-1383-4f77-9478-908841fcbb48,157.545746979304,2
c4122574-b480-4e1d-856f-6df784ea9a24,157.406418275554,0
5636e900-9a81-4e1c-ba94-6ee9b82cfd85,157.271464571822,0
7a7f2ebf-a266-498e-ae81-44be236836c8,157.12513355352,0
042709d6-50f6-43d8-9acb-c41af0f0ff6c,156.584242349491,0
cf25f22e-f59d-4c25-9f82-b756bf760834,156.387054849416,14
6de858f8-7775-4cc8-8bf9-f3f4d9718a33,155.161499293987,0
88c105dd-1858-40fe-bfd0-61807063dc95,155.060029386543,0
d4ff4dd5-911e-4307-8dd7-984cecca6caf,154.612483090255,1
a4b1c1ba-88b6-4abc-914f-0c44808dcfae,154.603374294005,3
a60db9f4-e68a-4541-acf3-4e67dd12ab38,154.587170590181,2
7bc100bd-9216-4675-a142-b9e7f054c09b,154.121615034994,0
0cd4d0ee-a3d7-461a-8770-b87d00b94841,154.121128923725,0
5edb3b35-7419-44b5-a4de-5f8f7686d530,154.10136040533,0
3cdcaceb-a1d9-4fee-8121-c31de7b63b86,153.889786330983,0
5933b09c-67e9-4bd7-8d6a-9a0a3eadad1c,153.572587257251,64
22b1fbfd-fde6-4eef-93f0-0330c84b68d9,153.351568738464,3
f33e85df-6705-4c9d-bc20-725e2f8ce154,153.268165960908,0
eb248308-c92c-449e-9d19-c7b3d5340c94,152.943293275777,0
977a04f5-8b42-4e91-b7c2-ce8409407366,152.561221516225,0
4b02dcb3-8aa3-47f4-a74c-c6aaf5af1139,152.473675219808,0
770c9ab0-61f0-485e-8735-a8e32d606bdd,152.388721516356,32
7d1096ec-9d76-44a3-a8b6-9ef59e8d5305,152.328003923874,0
5c6d43de-6aea-4106-959c-f7a0cf6d7243,152.036534016486,0
5b042c75-a6c2-4cc5-b7df-5ffbb561c665,151.844959942158,0
42f49900-86cb-40d3-9336-d621b95fd6cc,151.470422905404,0
6c43f2e9-0d02-4047-8152-72f10936df95,151.255307164509,0
1513fe6a-8cf9-4c58-ab04-3732d21aeb3b,151.220758553129,0
b5fcd779-c0f3-418c-8171-48047e5d41fc,150.628015497699,0
41cc4453-14f9-4a6e-a6cd-0f8a632613b3,150.521823368035,5
326404cd-b3e4-4abc-8241-c4c10033dd90,150.5135942013,7
14a99129-7b04-4e95-aabe-83a8af7ecbe4,150.307668275665,0
d930767b-6a0d-492c-af07-7fd7b8bd561e,150.299034016207,33
60d504ff-dd4e-4e29-aa8f-d49ff21c405c,149.989392812829,0
3ae31f3d-27a2-47f6-a2ba-46bd82baf0c7,149.648131238297,0
9bec84f2-d737-490a-a2e4-c19135080aff,149.528131238651,22
05865b62-1373-4681-af6d-a8309827f2f9,149.512216886505,0
a6e519aa-112a-436f-920c-d058a5113ab6,149.364415960852,0
2e39d13a-3bf2-4923-8b90-17b8aa98087c,149.303420590237,0
f2e6be35-d902-4653-b602-e6bef51b0109,149.140642812476,0
30eb0ddf-1864-48cc-abef-66a91c41e5e3,149.073929849546,0
c77832d6-0d5f-481a-a878-690e89dbc276,148.913293275516,0
06258e24-05d3-4599-ba10-4331e2241e4b,148.525677534752,0
9f5cd42d-cf2a-4df0-b4cb-7a7c7264cd3a,147.613605775405,7
8c036968-c842-47c1-9b14-3bdefde1a5e5,147.323385868222,0
671d94a2-1c86-4959-bbd7-b371d334b289,147.314740034752,0
55c9c92e-5e54-4e92-895e-d5e27fa04851,147.210260868073,0
ce367ae8-1924-4a84-bd37-5d8da67e344a,147.190677534789,0
bf6fa62b-86d3-4d3a-a95d-37d1859d9fab,146.584045590367,4
c214997f-ce88-4823-98f7-43bce8fd394c,146.576198368333,0
6bc24e82-1adf-4fca-a5c5-8bcb3144b4e7,146.419346516486,0
360c6300-c722-4de2-bc7c-1bcb4db2adaa,146.307066423818,79
7a0574c2-a25a-4782-9453-4c3884d1811a,145.578038645908,78
9d157a0b-d5ec-4cd2-8ab1-11204fe98291,145.475943738595,0
d009347d-c94b-4d4c-97e5-4a44fac979ef,145.363594201393,0
a8725e4e-b37d-4a21-ab08-d33efff549f5,144.987888182979,0
4d3171ac-61d1-4b7f-bcf3-e21bd0917b5e,144.620550219901,0
4ff28d74-a12c-4565-bd36-5289b8a60c78,144.608524756972,48
fa7f41a7-21f6-4824-9093-2709cdc2e03a,144.354601145722,0
33737050-40a8-4326-971b-9874c8e6ea93,144.317216886673,0
44e81118-9705-468a-bdc5-3988ee778211,144.241788645741,0
75c3cc15-529c-4ef6-8dca-b95415719c7b,144.174369664397,0
3355d099-850d-4a87-9699-5ca7e141c019,143.604057164397,8
0aa73f8b-cd30-4960-b5f4-338b69bfd255,143.53171920171,0
98032d04-8e83-456f-850f-51fce4cf5a10,142.813061794266,6
d408fc71-a5de-47ef-bcf9-c4b6fd23a6b0,142.459196053445,0
3c7d312b-604b-4681-8faf-8d33dc99534b,141.579369664658,0
cfd77a3c-05c4-4ee6-a934-862bb64a90fe,141.494740034919,0
15726173-114c-4ce4-9448-8a12639c0bef,141.234068738297,0
e6278539-8044-4980-9ccc-374b91728d66,141.067656701431,0
eb9ac1d3-fb72-4581-b84a-ea002e8bb46d,140.864311794285,0
b28ecbef-0ec3-4378-b2c7-62b2b22cba67,140.638409016188,0
8d7805d1-ea4d-42b5-b9d6-2980476c69ba,140.615260868333,2
403d2643-90f8-4533-a167-6a38916a7187,140.611279386561,6
46c3957c-9a52-481c-8994-ee131fc99989,140.600920590572,0
4461cd40-d5be-4153-9fc7-0dc8829ed0e2,140.548605775461,18
149658c4-50f8-4b8c-a4c0-bc8e588344aa,140.548131238669,7
fb981e81-ec34-44ef-9b90-3c99d695dcdd,140.36895299796,0
219f1f52-93bd-4f09-85f2-17a9d3f61bb0,139.608837257139,2
cb1d3045-f5b0-429e-ac13-c2cc16aa2275,139.355550220236,0
e3727b01-0c4f-4197-9c30-375d228d9a07,138.542922905181,0
37013bfb-af2a-4928-af61-6594d089666a,138.529577997979,0
7371788c-326d-402a-b081-aff9f134d80e,138.471615034621,0
6fd0c2ee-e7ff-4936-999a-16dcd860e631,138.368200683035,0
625c7752-2cd4-43dd-9a8a-6eb8afa62eb8,138.363721516449,0
93429925-5ed3-4bc1-94fb-f316dbbf4b36,138.278003923595,0
41b7efff-4e96-4db7-92ed-faafdcab465a,138.179022442084,0
c7ac2fb3-2344-493a-8403-714b91ff4c85,137.642946053296,0
53c51d31-1dbe-4d25-aeb0-4c4722ed62f6,136.559948367998,0
192c8f95-242a-46a4-821c-531f24dd0c98,136.553142812569,0
69473dfd-ebf8-45fc-a3a6-431f219ef31b,136.533779386897,0
ace9c640-b427-455c-ba67-a8df17289b5d,136.313686794136,0
77f53ab3-ff8e-4e42-8ac4-ea9da1fb019c,135.381209942047,0
45a7c758-e7e0-493f-98a7-b472ce1cc25a,135.219936794136,0
b26373f0-1fa6-4eee-8221-94293e3f185f,135.178536331281,0
78a4002b-0724-4234-866a-b868c5cebd4c,135.172830312513,0
704224e4-f268-4ed4-9794-c02a78ea7b58,134.613142812625,0
e406c2d8-f4b9-4567-b2ee-24b9f6d5600c,134.359670590609,0
c71dc84b-62d8-4fa4-b161-140c4daf3099,134.299068738706,0
47badfe8-90fb-4340-aa6d-b60d60cb76b8,134.257483090274,0
02cac587-2f78-4086-a94a-973de99c105d,133.613466886804,4
caed5b50-8ab9-4b0d-a40e-ee2a47e230ff,133.607610405423,3
92c7b056-5abc-4d4d-bb36-0dc75009277e,133.423871979117,0
32f93f23-f893-4e80-baec-7ec3656ed8a6,133.419080312829,0
08cae713-81c9-4532-a190-9b51074544ce,133.334855775349,2
d2afbd09-d798-481e-b781-134e13b8e680,133.163501609117,0
cbcc3eb5-d8c2-4aa2-ba63-db738336bd99,133.151522442233,1
453e5690-c5ea-4c29-8f8d-b4593f08232a,133.137413646095,0
bd1bb2d6-bf9d-4921-9f5c-c97314a2268a,133.01897614589,0
b01c97f1-ec57-400d-ba01-fa0ea24dfa1f,132.616267812438,8
bcfeed95-0b14-499e-8623-d6702018958f,132.33816596074,0
b6e5ffa5-96ed-484d-b712-1e69374707d1,132.290839571971,0
9199d376-e260-4f2f-b931-4ccdc7b82a85,132.227425219957,0
74f9df0d-ae74-4d46-91f6-6fe892af8c1d,132.003652072046,0
0851ec22-a209-4ab1-bdbc-2088a69f398b,131.604716886766,51
562aff2d-19f6-4f34-8306-f71eb9e034f2,131.538189108949,63
71734c20-8b1e-4757-b982-6dcf728a3812,131.527946053538,0
90800c72-e639-4d21-bd6b-a91b61c2502c,130.616696053185,5
96092195-0914-4fe0-b0cd-ac6ce3c4ccd5,130.589774757158,250
0812af47-888d-400f-b1a1-bb7f12fd9b30,130.493652071804,0
36ffbc7f-76a3-4465-aca3-d62d2e377608,130.375168275554,157
27c0467a-74d3-4738-aa75-a2f2e33d042e,129.541221516207,24
981a8be8-44c6-4a30-8ba7-a63c03964044,129.343605775386,0
fe4b9655-a02f-4b18-8820-9cca341b29b4,129.211707627401,0
062d3553-a336-4a24-bff3-34f39ec2bb9d,129.17961271992,1
ea84495f-02a7-4334-a7d0-3ad3c5e1140c,129.171649756841,0
415e40b7-e790-4c85-be91-f42aef8ca43d,128.844323368277,101
09895e40-ab3c-4e6b-8c30-cc420ad92fb6,127.347575683147,0
f11f8b8e-31ca-46b4-a026-ab5e76023d28,127.184797905385,1
abc784b0-fc8c-4e72-b9ab-1e91b60f3895,127.071071053389,0
6c3b05be-8ec5-4d08-8939-561cf6274cd6,126.604809479322,0
f563c8ed-3c88-4201-abf6-fa57778dc14a,126.334566423669,0
94cb0428-eebd-4738-833e-b09caf7e4d3a,126.091082627419,0
5da95a1f-6d92-4b9e-b013-c0631bf71072,125.591950682923,147
04f22e6f-09e6-4178-b365-95a66978a2e4,125.513073367998,2
db96c42f-b952-40a5-ba97-5761dd5a4455,125.219855775591,0
6255b305-c039-4b05-95e6-4670f57e7a6e,124.522506238427,0
8817f197-5768-4a15-b595-32089fd937b0,124.428281701636,0
f63dc6a9-ea2b-46f4-84b1-5a05212702a1,124.364161331207,0
4c48f396-ff29-4448-aef1-2aace20f2f7d,124.358663646039,0
80fa8870-08dd-4e60-a389-211e6f933169,124.155457627494,0
1589ac2e-be6e-4fcf-996f-11508043c9e2,124.078513183165,0
b6162bda-f34f-41ef-846d-44030104e76c,124.062645127531,0
c8256818-c4bc-4775-ad1d-6f3325374c62,123.587471516337,8
0b93737e-37de-49f5-8e1a-fbcbe991eee6,123.567471516319,1
8fd422a3-6cbe-41a7-a0f6-c28d84525fb1,123.54388355324,0
7783f748-8e33-483f-b554-6bb36a9033e2,123.483976145741,0
618f8bb3-eaaa-4b77-9fa1-01b7853dca6a,123.26033031242,0
350f1db4-6dab-4c24-95c7-20dea294c531,122.611927534919,0
081ae664-ef56-4bc0-9166-40f1447a32bd,122.55022614589,4
1f59c504-88f5-4dbb-bccc-960bc9eea78a,122.536001608707,2
9419c300-6b50-4dbb-a0c9-1007ce9ac3d7,122.308790960815,1
3f553ff6-143d-4031-a4b3-f9dc51197520,122.168999294285,0
b4dbe47a-5edb-46a6-801d-425d93857629,122.10654559033,0
36aef2cb-305f-4fd1-95b5-4280b5ec0774,120.050202997867,2
9f55f044-b4b7-4b00-b91f-bcb38c9a4a1e,119.614346516319,17
39569b19-1021-469a-b5f0-a93cfc9a98f1,119.611256238539,362
bee143e8-67b8-4daf-9ab5-b1a528675559,119.451730775647,0
711c4d78-88ce-4825-8cb7-dc800515a0e7,119.435862720013,0
46814d5c-6a38-4684-8d0c-38ad1bb5ab1a,119.323200683109,0
ae6ac1a1-1670-40a3-b654-0b866f1820f7,118.525770127308,0
54ce88b7-7958-4475-8c18-fd78c1606e68,118.499821053352,0
f60d14be-08f5-43ef-b752-5b6ea2d11c9e,118.424057164229,0
c58b04db-a91b-49eb-9731-d8e90ecc90e9,118.24198540533,0
7d57e377-ca5d-43e1-8df9-036feab9fb47,118.133976146113,0
23419f52-975d-4042-acd1-66e4814a0eb4,118.03869836824,0
fcf938cb-6ebb-4f2f-9134-7aa237e4155b,117.564207627438,0
cdebe9f9-c151-480d-b002-5da1e3060ae8,117.472876608837,0
33a3435b-7d89-404c-b834-a2474c742a8e,117.397506238427,0
61810121-6a12-4125-8c51-477964e807dd,117.377344201319,0
4e1121d5-386e-46d8-878b-7bd4a7dc7090,117.366591886617,0
c9ab4200-441c-48e4-901e-81647cdcefa7,117.342066423502,0
4223fd02-7888-4ace-8c1f-7bad3110509b,117.24211271992,0
0714fb50-86eb-46cc-ac2d-52982a687da0,117.201753923669,0
3f574f47-61a4-4464-921c-0740e4f53e81,117.083270127419,0
b5edecba-ec21-4020-9c9e-e48d774cd64a,116.59514512727,0
fe1fdf24-cedd-4a8a-8afe-258459f0476f,116.362876608968,30
04b15dbd-d2af-4caa-b859-3398ffd707d3,115.612749293912,5
ea542e79-7278-45ca-89ef-98e7ebb96de2,115.612020127475,20
201eff0e-125e-44c4-8ff6-5c976744bb1f,115.610966886859,0
494185b6-d228-4c0a-85c8-f3ed0a31436c,115.609554849565,0
f0efe767-3021-458d-9edb-3d260dc149c7,115.547737719957,1
9ef440c9-e13c-4a02-a0da-761ec68f2b46,115.307483090553,1
54a62b2a-2de6-464c-9de0-06e678f5e6a8,115.283652071841,0
af68dd25-e6b7-440a-a9f3-0746968963ba,115.189566423651,0
17840f64-fa3b-4eca-a67a-724a7d2b77c9,115.10512197949,4
8c1f58b0-2b5b-4fb2-aa42-f44f37cd8a6e,114.635353460908,0
c3d2fd55-5a75-4440-b2a6-1e0f2ceb8df7,114.339867349714,0
e9332746-4a36-4277-9067-cbc80be8f523,114.302008553408,0
b00740d5-446d-4689-ba2e-bc0ee6466b16,112.652934479062,0
e648642f-c9ef-42e5-831a-4798eedef1cb,112.544797905255,2
baa9f2fe-8f81-474a-8e75-f7651bdc9ad4,112.181858090218,0
e60a1018-fed1-441b-8c89-4d45266e9687,112.151545590255,0
e86ab1ed-910a-4faa-9d93-52b2dc5fbea9,112.139415960759,0
04148bd1-9a50-4621-a527-4c3947b60575,111.453478460666,0
b02e4684-757b-457b-8584-209ccc6a9341,111.375608090311,0
9d823631-631a-4e2e-86b6-877467706d87,111.186128923669,0
34602380-51bd-4b4f-91c8-e9326a455a81,111.109068738297,0
0cdc59dc-6a2d-48c5-a6b9-80a8640274ba,111.070631238632,0
78c69fd9-ebaf-46c0-8f25-9e1bae1f6284,110.54880253505,0
2d523607-3559-47b3-b87a-ae4a63389ee7,110.498108090367,0
cc2df06c-eb5e-44f3-b214-de681533a85b,110.313189108856,0
0b4eaf7c-c459-42ef-ac65-0e4dfd11a8c5,110.279288645834,0
62dea358-8e3d-46af-8a77-52c3c61883a2,110.145098831039,0
9b9d2f16-e6b4-4073-a577-0a1e381089e5,110.132066423539,0
eba7151f-30f8-45f3-ac6e-166f8838c26d,109.37914975686,4
ced1261f-6ed9-4320-a6e9-8115d0e6b8b2,109.319878923707,0
21475ebf-f217-490c-bea5-9d38f6b4c001,108.700457627419,0
600ab22d-2d6d-49c0-b56e-c5ce7c2bdc0e,108.635781701654,0
a0bcb8e5-0be7-424d-aeb4-35e8fb2d8587,108.588003923651,1
e943caa4-86b2-4889-8060-c1589c862d55,108.576846516225,1
2eaf4c39-007a-41cd-996f-fc3ad43c28bf,108.285827997606,0
5acd2c9c-5f2d-4cd0-a911-e278ae9369ef,107.010712257121,0
d5bbb40b-dfbe-46d3-84c3-294700f8168b,106.434311794117,0
8c1ebdaf-8f0c-4110-90a0-b2e5396f09ba,106.140295590274,0
ec467eca-cddc-4094-a805-da55c2deded7,106.028200683184,0
801030e1-b908-42ea-a422-d9c4ad02b777,105.914797905367,0
9993c56a-6bbd-4e1e-b5d7-a58dd7e42820,105.744601145852,0
4483fdb0-ac3c-4fd9-a839-62408b8688a2,105.730411331169,0
00511a44-026b-4ceb-80bf-c5f8937ef86c,105.463698368054,0
2154d90f-8a71-4094-b810-228bda17d429,105.265434479341,0
b418ec2a-0dce-4de6-b7b7-1265fafacc26,105.165596516337,0
0962bfa5-39ad-463c-bf40-44a7d993c84f,105.063339571934,0
f132ebb1-b86e-420e-bc52-4b8d114467a0,104.596244664397,2
d15095b7-8a98-48e7-811a-ef291c373643,104.562737720087,0
8b5bff8c-80ec-41bd-902c-269814d00ce7,104.561395127326,0
eef73b07-0329-47db-bf22-14c1e0428b73,104.556186794303,0
56081e44-bf43-49bc-b12c-eb0e3db2e957,104.550214571878,66
3da03071-448c-48f2-9f4b-ca5f8831085b,104.54880253505,0
44b536bd-74f2-4cd7-a913-245dc031f9e4,104.545689108782,0
471adfc5-10d0-44a5-bd68-769f63c407b6,104.527633553371,0
114581aa-b88a-4cba-9999-e0da588f9157,104.520376608707,0
2e0bf5ec-1e36-4eaa-990f-740f4f7d3dfa,104.519566423725,0
def16b7f-54d0-458f-85ac-2449a5e9f1fa,104.506024756934,0
10081670-6949-4409-8bab-d15f7367529a,104.485365035012,0
0d882ccf-41a0-4867-836a-347b8c67c47f,104.450909016188,0
6531a553-23ed-4701-9876-1e1068241433,104.447066423483,0
a6f528b4-dbb4-47aa-aa5c-916b47a9f160,104.377911331132,0
82321498-c37e-4102-b35f-111cb60a6f67,104.377286331262,0
f774792c-d451-4943-9da0-70c927185a01,104.373825682793,0
5589e6b9-184a-414a-a213-4aa78c361a60,104.351290960796,0
2ea58747-5dc3-43d0-90f0-d5419d5e39fb,104.348003923893,0
affd917d-c0f8-42b0-8d5d-32a721192833,104.332054849714,0
e82037c3-af6d-4fae-8762-316e7c651c5c,104.299242349807,0
3947e933-e987-498b-9a06-0cd2f9fcbdd0,104.259450682905,0
18f2b576-1cf1-4806-b397-e66ccad22ada,104.252587256953,0
98eab6c8-d53e-4669-8fd5-b31b71c8b49e,104.245260868222,0
7077320a-64a8-4a23-9319-4181cc97dd3e,104.20535346074,0
633e6979-2fe0-4c2d-a874-f7870033f6fa,104.188709942158,0
ebcdf98d-dae0-4e8f-b2aa-93439020ed0e,104.144554849714,0
2558d88c-39b4-45e1-8a63-28bc1ab350f2,104.14431179408,2
f4726ca1-db41-4463-88fe-f51adfee70f8,104.113351145759,0
70a4c6b0-b5d9-4034-b7ba-63f82a2f9236,104.111094201449,0
56a1f3ba-2ac2-43d6-9105-f0639c7e904f,104.103304849472,0
1115079d-37aa-4278-8f6e-c96e22fe817c,104.080480775796,0
28c35317-4df0-4740-b9eb-5d678fe36c30,104.059415960684,0
f06ef38a-4f7d-471d-83f7-df016725b77e,104.04404559033,0
10683f8a-1ed5-4cba-915e-871950c0a2ab,103.930214571767,0
caed7577-18c0-49c0-98a1-3d026768d67d,103.570434479043,2
fff940d1-0786-4ee5-a75a-3bbda4e50f7a,103.547702997923,0
faa5b08c-aeb0-42f3-b544-6a64c1815c4d,103.515943738632,0
9769e1f5-cc87-484d-bfb4-fe4fd95082ae,103.425920590293,0
376cf73d-27cf-48a0-abc9-20afec7a8f3f,103.39477475686,0
1631781b-25d4-46a2-83e0-4f3b56736a18,103.39251781255,0
d827fd80-e33e-445c-96c5-300efb6a9c4d,103.321476146113,0
87c17739-ef13-4599-9bb3-5e53ba89c648,103.136638183147,0
5055c45e-c899-4352-a7b8-54a2bed4398a,103.088871979155,0
43d42f1a-e926-45d1-a846-0b1196ae45ae,102.576892812736,0
6be20e8f-0826-474b-8590-6c53944fc718,102.533108090516,0
0e55ec16-7f99-4f7f-9d22-85a8616a3a0d,102.490052534733,1
aae1a6a4-7a1f-4363-aefe-2a4dc25ed1a3,102.326742349658,2
62b8f1d8-979f-422a-8f7b-ab8e7dc6f2d6,102.291985405143,0
61582300-2691-419f-b46f-5c965fc4e2b4,102.154508553445,0
4a02ca5d-288b-4a02-8fdc-a54d28dd7100,102.140943738632,1
abd7e703-61d1-45bd-8008-875d12bbbb20,101.519485405181,0
26b9260f-8a54-4b9a-9480-4e35a050fb23,101.46186966449,0
68e7db12-2689-49e7-93fd-272d9116449f,101.34075855324,0
76594b1d-8600-439b-8af1-2707771963b9,101.269948367961,0
4effd20f-02d9-4c62-8560-7a8911d0a9d8,101.124010868371,0
c488a679-1682-4226-b81b-7b1f0dec1b1e,101.119797904976,0
6b33f7f5-6b36-40b4-970a-01c0c975615c,101.108154386748,0
4efa03bb-6e04-4aa7-b87b-64f8637785bc,100.194913645741,0
6971d947-0cd7-41fc-90e5-d76ac46ae36d,100.125110405032,0
6fe0c057-7ba4-47ad-be5f-0180e67ea484,100.002540960908,0
b7b23074-e52c-4141-8f70-564c6fa52b27,99.8935710531659,0
93f8c32b-3609-42d3-8ffb-d1f73e2f36a2,99.5226567015052,0
f99366db-8d55-4c7c-a6be-b43c0ca11182,99.285307164304,0
70c4b6f0-f5a3-4164-9aff-73ef121781d7,99.120735405013,0
8401cabc-118e-45b9-bae5-ca60b2837733,99.0431428127922,0
bd98ecd6-23b0-4f15-917d-4b39ff890aa6,98.5450062383898,3
c0cc5117-649c-4e00-ae18-e160cc9040e0,98.5289298496209,2
c7c008bc-9e5f-485d-a933-02401308bd19,98.4957932755351,0
83e2d9c9-7646-44ed-85df-648a9161225d,98.4324483680539,10
f45fccaa-9fb7-45d5-ac5a-b5509ee62be7,98.3518233681098,0
fe78eb81-68b1-453c-b31d-8b85ad156ec6,98.3480502199382,0
225af5e5-9bdd-400d-9301-7c8165166ae6,98.1700525349006,13
d22bc1f1-4709-420a-aa1f-0b3237a1a84b,97.7830617940053,0
ca1ff514-a912-454c-8166-d833cee2bff0,97.5119391088374,0
2b6b7490-be4e-4989-b372-285350015703,97.0705386460759,0
606c6267-6a8c-4df5-8d26-5b8c53f7df10,96.9820432756096,0
0b01be68-1be2-4861-af1f-bced4b63e49f,96.9686404978856,0
f0ac0a71-6e09-4ca1-b073-8d910c05ba3f,96.5689529976808,0
ffcf3b9c-8cc8-4fca-a93a-e01a6fd830f0,96.4994738311507,0
d2bd6bd8-4e19-4ed1-8c36-37d1a7c3f5e2,96.4030154976062,0
9bfb01fc-28ee-4f25-bb3a-90990faaf477,96.3761636461131,0
5d7bdf48-bb8d-435c-ad2d-21348852a029,96.2871705903672,0
005afca9-1872-44ad-9a88-93f9ac35ef9e,96.2804229049943,0
3a532176-8719-458a-9733-cbfc3eea1ccd,95.6538835535757,4
fd663d42-5d89-446c-85dd-fbdc021765a7,95.6129923495464,31
4e317448-a4d5-416f-8859-d35df5c92be1,95.5988256828859,0
0e4bb48f-9b56-487d-a219-a8199bd45dd0,95.5652955905534,0
bf471bee-0d81-4b2c-86aa-776cc23c2265,95.5508742942475,0
f6a8035d-79f8-4ea5-8440-4278eb446a89,95.5239067017101,0
d646ff94-d663-420b-bf0f-609f817b5f81,95.4005154976621,2
c9d277b3-3492-4e95-8143-1aea249efca0,95.3310826276429,0
017dff2a-3ed4-4c7e-b7b7-df3e6b2e4f3d,95.150145127438,0
14b81e33-cf80-46f5-9251-120eb6cab3fa,95.0607122569345,0
d67e9bfb-6ec6-443c-93f0-9632e095b6ea,94.5698557756841,2
a1db280b-8560-4f65-8fb0-77df5cb7edc1,94.5632122568786,1
21a247ad-20d2-4172-b502-51c43b6e959a,93.3937909607776,0
fe2c2520-b0a1-4aba-988b-fc4a417a581a,93.3812562385574,0
a2c980ea-5e0f-40c6-b4c4-25cc47f764f4,93.293409016449,0
421e8718-d29c-4920-be16-e74a23de6d4e,93.0742076272145,0
3ea9c63a-782d-46e3-a9aa-d8488e7cd1a7,92.5955849420279,0
06da1ae9-8b2d-4e78-a778-b2ed3d7aabf8,92.5241729053669,0
db77d070-87e6-48bb-8be3-21be0f46a55b,92.2561057754792,1
66e94866-e95d-44d4-a182-0c68e98a03c2,92.2287099421956,0
f911e124-e2ac-4331-80a6-d20363c2e64e,91.650654386729,0
bbe410ff-5061-41f5-8440-1850589f2e01,91.5861057755537,3
ed343435-6862-42c0-bf03-f4ba0038c9b2,91.3421821645461,0
e8614839-1b00-4ae2-9458-27c6be5e522e,91.3409784608521,0
b1dbd7bd-19b7-4617-95fe-4fbf793d9599,91.2935363310389,0
5f18fe01-d7e3-441b-ad7d-5169e6b5f799,91.1628650347702,0
d25068c3-a731-4487-9505-e5ae3d2ca350,91.0977840162814,0
3415b9ba-c15a-49b5-982f-1d77bbb60859,90.7415687385947,0
2a114ac9-95da-4506-84ac-0c9b1b840ef1,90.5798094794154,0
4fa284fb-8588-429d-8fe5-01ac867f5158,90.5542423496954,2
2015e3c6-c279-44dc-943a-e430ebb2dc93,90.5358858681284,0
3f7d8edd-144a-48f2-b713-d6621c25b2be,90.403281701263,0
e6794f60-20f7-4888-b03d-f8095b1bbb22,90.3584784609266,0
087239d6-addb-4524-9efe-fe78d10d5b03,90.3572516087443,0
56d909b7-bad9-46f3-8b9f-8ef13619e925,90.3279923498631,1
735e2557-82cc-44e0-b534-a4de988c66b0,90.1644969792105,1
622ae28a-8141-4c5d-a6f4-97841dd21ef1,90.1512099420652,0
efe64d94-42cb-407d-82b5-a7b3f7e97284,90.125689108856,0
3238145d-0692-44ed-a242-019f2479084c,90.1041613309644,0
f4597b66-f4f5-4937-b6bb-d60db1fdfc5b,90.0993812386878,0
47a35f21-5f8c-4056-9aff-6a6f83af9495,90.0963025349192,0
fb671842-c6ea-4064-81f4-4004b5f3ae9d,90.0679923496209,0
99c7eff2-e238-434d-91ed-b76adf229b83,89.517332627438,20
2dcff5ba-8e79-4067-93b3-5c9145b8a8c4,89.3845895719714,0
ae16b4b0-fbe5-4fea-9baa-6a836a68a939,89.2864529979415,0
a2cef762-3cc9-4d22-b2f4-657c1fee9278,89.2515224423259,2
c4eb2c49-5319-4c71-aed2-2aa2b3abff7c,89.0444506830536,0
4b2cc8a8-be75-460e-8b82-a9c8d512a620,89.0381891089492,0
ca765ed2-30eb-4a5a-bb45-a5d467396e08,88.5084321643226,1
63c764d8-5e63-485c-b076-a9145fb599d7,88.2589645716362,0
b0494d6c-5a8e-497c-884f-09956b680886,88.210006238427,0
04165d01-9bcf-4855-8543-28843e96df4b,87.97928864602,0
d1dc663e-53f3-4aba-95d5-6b25ac130d2c,87.4538488308899,0
4d6c174e-26f7-4075-acba-bc892d51abca,87.3896705904044,1
428cdc2a-9ff1-4af7-8b99-06ca0caae87d,86.8699252200313,0
d2623619-42c2-461a-bbe3-e40e88bbabeb,86.3683627201244,0
bf3a2e8d-2656-41b3-b77c-097349159c34,86.3114992938936,0
ce201bee-7392-47b2-9e75-f922719cf30f,85.3795895720832,0
c506ca20-8adc-46bc-865e-6b2631c29895,85.2046358683147,0
19d69c09-76b8-4d8e-9e31-f1ec2818def3,85.1059321644716,0
33862126-6988-441e-8390-bf0eddfe1010,85.0752840163186,0
2236dd4c-908e-4c25-a0c9-78c1e9ea0cc0,84.5631196643226,48
96956377-8eff-4e2f-96fb-f15fbb0b691d,84.561765498016,122
6fdd59b2-1102-430f-8e90-3a691f26bfa2,84.5440803128295,1
cc50053b-a4e6-43c0-b461-370866b75656,84.5407354054041,0
87e06b03-0b9e-41cd-a750-b658794f9159,84.5242076274008,367
27b14d7a-6e99-4846-8ec0-19160d746c30,84.5228187385947,133
0e2cde64-e3a4-4632-a1b8-abf9b708166b,84.5227377200499,4
0b592dd4-6347-435a-9df0-56f8cbca8f34,84.5226567015052,47
3b2cfddf-9e35-49e3-a1fd-9e60a0dde70b,84.5203418866731,36
23755dc8-430b-48e3-88bc-e9e3ddba6f47,84.0772168864496,0
7b9af422-384b-4165-9664-6f8cac1c9a89,83.924184479285,2
11d2c625-e074-4e98-80ad-22fe6aff0d07,83.6578071643598,0
6cfc2ebc-2f85-436d-8b50-99769778c8c5,83.6082469793037,111
66bf053b-f2f8-4bd1-9284-25c8355acae1,83.041371979285,0
35488c7c-3b6e-4aea-9438-b14e8727425c,82.9894738309085,0
a8b865dc-3840-4e64-8c8d-88900224e8a7,82.7959900349379,0
acb74411-9a19-4873-aec6-5b03c98749a7,82.6046474422328,0
ee66216e-5ab0-4af2-baf3-500597421388,82.5908627198078,1
bc9dccb3-ac80-4d1f-b8e7-96780d07671c,82.5693580904044,0
c99845f8-c108-42c3-a463-ee01f8df5ea9,82.3958627199754,0
b6f21cee-5e09-4154-bd06-229247a52bf3,82.1638488313183,0
fa376209-b5db-4361-862a-8fdfde026704,81.6074830903672,3
31244830-6109-44e0-aa16-82f3379fbe21,81.5977261457592,45
92cf4d6b-616e-4299-ac22-d93739dd8ca3,81.5509437383153,0
0914dc1f-7f37-46b4-a9f3-a484b47449d2,81.5412678127177,8
997744e9-3579-4e04-89df-d9a0a65e011a,81.5203187386505,0
617653fc-0a18-479f-9978-d15f7c17968f,81.4950293865986,0
bbc7724c-b9fc-4992-a6e6-26fd6058cebf,81.3009205902927,0
8b6ee007-4700-4184-925d-a5b12b480621,80.5726104052737,28
cc61f8c5-7aa5-47c1-80a1-7eb09af9f654,80.5479923496023,0
e58e35dd-aa78-412a-904a-95f1413a9df5,80.5426914235577,11
028d6ac0-a347-49b3-923f-8cac66926c31,80.5425409609452,1
3a9ee60b-6a78-4119-a0fb-cdb108294010,80.4905849420466,0
ab1e1141-0da0-4602-bd74-25292badcfce,80.0628187386319,0
a1516957-5f41-4785-9816-18ffd1415a3b,79.5286173494533,0
85ce6cad-5bbd-4fd3-a4be-fc764862b398,79.3804807756096,0
c88b213c-fcb7-4232-89e9-c8187c33818b,79.3696242938749,1
dcd883ed-bfd7-431a-a507-096a0f73bbed,78.5566034605727,0
9cf5a979-717d-46d6-8ddf-8a8515922a06,78.4230502201244,0
3addefa6-27e2-44e4-80fe-cec09b40c60c,78.376800219994,0
145f9231-3908-47bb-ab47-a3047c7bc579,78.351140497718,0
ddf0d246-6ea6-4a6a-903b-a78332f0b344,78.1339877201244,1
5bc14038-7ac7-4358-807f-36574dcab82f,78.0891381828114,0
9e4496ce-0821-4bb7-8214-02648905a6cd,77.5639992943034,0
546a2d6b-f220-46f6-8bbf-8ec7f6f9ea44,77.4045895719901,0
e76e5952-d8f2-462f-95ca-b54adc6c962f,77.2796127200127,0
b3125691-9323-4b57-bdf2-88668c4ba373,76.6046937387437,1
5ab609ff-13f6-4eea-bff9-a5169113a774,76.5708742942661,244
9cf7b33e-84d6-426b-bcf0-fca96eaad21c,76.5665455902927,4
32a2a70d-1f4e-4548-8753-bb2eaed1bf52,76.5421358682215,0
5779bd48-fa29-4fe9-a175-6f32b81e1f81,76.4756196644157,0
9895fbde-c597-4d8e-81ff-97ac4bfd600a,76.3123210533522,1
3a657300-7b5b-4e9b-85fc-c0da112fa91e,76.2292076274753,0
2fb82e85-f45a-4e23-883a-f1708e973b1a,76.1355733680539,0
0a4f8b0e-c40f-4ed2-9200-3c5682644208,76.0830154977739,0
82b30512-4fd4-4bad-82fa-54c98ace89bd,75.5860131829977,0
a14274d3-9aee-4642-ad01-02430db7cc32,75.5643696645275,9
1d53ee1b-b1c2-4914-9cd9-6a63c17f18c2,75.1442307755351,0
b97af04d-148f-4881-8591-9325a76463d6,74.6055502202362,0
a68322f5-d0fb-47ec-9386-c2baf4c977da,74.5617307755165,48
7e7cfd85-23c0-41d7-bf0e-c1ca30b65363,74.4901682757773,0
0eaadec0-8e76-425d-a50d-949d6b7c7a62,74.3496358683333,0
555386e0-36b2-4da4-a4e4-97c0f2af88af,74.1859784605913,0
cdb1c50d-2eb9-4a37-9db6-fa5ff72ba9ce,73.5254460531287,0
3f111e89-f6af-41cb-b89c-7f14d138043e,73.507483090274,0
5fe5cf3b-9590-43c2-9c8d-34d45689450c,73.4456891086884,0
08c3fe61-789b-43f0-9768-28afaf9d0b24,73.327008553315,0
f2494f58-dbfd-4b79-9330-fb04ddc3f7fe,73.1835942016914,1
dd3654e0-dc7b-4dcc-9f9d-8342456a3fef,73.1300178128295,1
615c4f3f-e843-49d6-9ab7-1b927536d66f,71.1584090162069,0
65dd25b3-06f6-42cf-a3a4-b66ef14508da,71.0749483681284,0
153eb84d-4623-4f71-8240-98faafc4dfda,70.6742423498072,0
71bdfe19-533a-4685-9fac-b1926cb550d9,70.5361520717852,1
e49133a6-6167-4da2-afbd-b56a7226addf,70.5162909608334,86
3db549fd-d860-4f09-b544-1f912e275c8c,70.237702997867,0
fef10bef-475a-4189-91ff-a3333ee5d593,70.0640108683147,0
8ae533f2-fee5-4367-825a-85a753d7784f,69.3890455905348,0
a4c33f96-ddd4-44ab-99e0-b31ed19c340f,69.1143696643412,0
25949210-aeb5-435b-87b1-a256613221da,68.600226146169,1
67d69313-0d22-4295-b007-5e486eece71b,68.5588025348261,0
73301416-c5a6-4424-ad85-78b1d77ff5a5,68.5259090163745,0
07a41c9a-1e08-496c-87c6-484ed97e904c,68.2734205904417,0
49a43f53-688c-4241-a180-a1b4519afba9,68.0649599423632,0
b461a24d-a960-4efc-b40d-387ac20a1f27,68.0527029978111,0
8e344345-88cf-4246-84b3-da3c2c5aa80a,67.605202997569,8
29289be2-c730-4553-bf70-bfae5ab21099,67.1534553128295,0
482ea22d-b969-44ee-8f34-59e1609e9d91,66.9298326275311,2
9b69abb8-e6d5-4ea0-a384-96a949f0aac6,66.8199715162627,0
262bfae6-b7ac-4097-bb54-456d62951f3a,66.6109553123824,11
72139b93-7214-411b-a37a-ab64747e6b6f,66.3451104052365,0
4a9a1b49-1739-4f95-a1f3-64c429f5bd4e,66.1190803125501,0
18eebf72-3881-401d-b6c9-dd3f0eccef2c,65.3076451276429,0
2a51472e-7d0e-402b-bab9-855cbc801faf,64.6237909607589,0
44fbd3e3-5e94-46d7-9177-c91491531fbe,64.6070548496209,2
44b2ff5b-8c71-4fe9-a543-907f1f10b830,64.2801914238371,0
6790268e-bf6f-4f6a-82c5-57bf7cb720cf,63.6629923498258,0
2cd7dac8-58c9-4ba3-81ad-6ba9ca70f33a,63.3870779979043,0
a73f10ad-d7f6-4a36-b349-c624645105cc,63.385446053464,0
08fd2881-3f19-48ee-849a-8c1791cbb699,63.2646821644157,0
4f98c2cd-fb0c-45fa-b6a0-63b18a3b3921,63.242367349565,0
2dbe372e-07a2-4e8a-bdbd-777cea490ebc,63.1295895720832,25
0a88b074-843e-4026-a03a-4e0bc405e379,62.3844738309272,0
63ddfcf3-c25e-4af1-a334-eed16b9fb38d,62.3827955904417,0
b98bc110-3b23-4d29-aede-20601654b994,62.1981080905534,0
10e44969-1dd7-43d6-8f99-59e76c253067,62.0911752199754,0
e6128ff2-dd02-499e-befe-108705324555,61.9996590162627,4
36408cd6-68cc-4b74-9e0f-652e7a0ac5c4,61.6316381827928,0
964834fc-06f0-4778-a1f1-a4ec669514de,61.599809479434,22
bf28d20e-551f-40b4-b586-e831694f1464,61.5977261457592,8
55d8516a-d3ab-412f-a0db-0616bfb7b3bf,61.1525062383153,0
a71f157b-9f1a-427e-9b56-721d692f0a3e,60.5872400347143,0
862954cb-d231-4a59-b9f9-3a8388385fca,60.5686983680353,23
83cbed29-b9d1-4c4f-a9a6-3b61fca91c39,60.5156428124756,33
e54c20f8-0827-4806-bf31-177f05a44ac1,60.2932469793595,0
96cdaa9c-59cb-45a2-b307-7760b1adda99,57.9674715162255,0
d17787f9-958e-43a8-aaa5-effa83f67404,57.3743349420838,0
140309f4-c4dd-432f-84a1-3bcb67301b71,56.6259321644902,0
821a4936-2df3-4dc3-a0e4-b82df1086ddb,56.6051335535012,21
8635bd71-e9a0-426d-9a3b-925d92d3a4ab,56.1364877200685,0
31730f12-22c8-43af-aa3a-7179ea2e50d8,55.8741266089492,4
2d60ad53-ead5-448e-941e-94855d0eb36c,55.4988719793037,0
22fcaa43-bd28-4c5b-8db1-fcc459f41bc5,55.3202377199195,0
5c53e3b5-68c6-40ee-8e77-5170609e4f27,55.2140918867663,0
95e80276-7f79-4d59-aca0-585d27b95b5a,54.5848904978484,48
6c0cae42-8b78-40ae-9183-59dfdb8d0a40,54.1867423495278,0
300dff1e-76f5-4827-bbe3-4e06d2ae21e6,54.1082006827928,0
106fdaad-50ef-40aa-bd72-d5ba62153050,54.0795317012817,3
484a6c35-da6b-4b34-8e93-bffa60f16480,53.5870085535571,65
8dda7fb9-d9f6-4e9c-8e9b-0c679d8234f8,53.4316613310948,0
c8147312-7585-4264-a884-5221bbdd4f72,53.347390497569,0
5f416e78-e966-493b-bc53-eee6acd37116,53.3048442015424,0
3fef164c-9aa5-4e61-ace6-246cc97f4498,53.2844738312997,0
a61f1c0f-1e9b-4b85-9681-4c0f0e700cdd,53.0780965164304,1
9bfe443b-76f6-4829-bfb8-9ae061ca0cd0,52.6627608682029,0
1d5e5eec-8a6c-4c56-854c-b641626d45ae,52.608443738427,1
294cce3d-e2ae-4ba1-b046-0d7eff952fe4,52.3490803125314,0
8ce2b9d1-2c2c-43df-86ea-f11e51cd3a3a,52.2722168867476,0
9cdeaa6d-4575-4658-9078-16911eb2d3b6,50.9946821643971,2
938473e4-f3c0-49fb-b6c4-6e3d0fd499ca,50.214867349714,0
85a7141b-048c-4a69-a7e8-3e4a318fc6e4,50.2140687387437,9
5b31ce15-ec48-472e-9762-267e2cb8195e,49.5480386461131,0
f1dba467-fd29-4c36-9529-44b3b01ff89b,49.1844043866731,0
7676e94f-9de5-4888-b86a-b3b618969c2b,49.1627029976808,0
2e725096-cfe3-4d85-be7e-bf82892086be,48.6158279976808,8
5acdfb75-94c4-4d5c-b692-f1eadf3161e3,48.608131238725,0
cd3eba70-6d7e-41ad-baa8-6b188c31bcf7,48.6046242942102,1
5d65616d-6952-422b-96d8-4df56e942b62,48.6025293865241,2
7ea890a0-b8f1-400b-b7c6-8d8070abc89a,48.2853418868035,0
f79aadf2-f63d-48de-9ef3-47462471b387,48.2030386459082,0
96aa5abc-0e9a-4d2c-a765-7f6209eb1d60,47.5944159608334,6
7819d683-cbc5-4eb4-8398-021b00c9627f,47.5806428124197,0
dd4a7428-5f15-4fcf-a8d1-a08045486f51,47.4442192013375,0
d2ac229c-edfd-42f9-a134-6d4d9ca40ee6,46.9527492942289,0
0be29eea-242f-431e-a456-656c0a431409,46.5987215163186,16
6985e5f3-8a84-4b18-93ff-17c3b0d42d94,46.4040918867104,0
bca4c2dd-4101-4d06-80b9-bbf3f20886e5,45.6036752201617,5
a2a00f46-a026-4a7e-a9cc-3464320065c4,45.3620317014866,0
08fb48c1-f65c-4f1c-bb96-fbaf8d3ab0bd,44.3437793864869,0
032bb85d-53fa-4071-a384-c256700dc8f7,44.3396705905907,1
eb584267-894a-4793-9420-67a0d10e3c60,44.1635594791733,0
2caa1a94-0e76-4688-9f0b-f9ac7eb7773c,43.4619969790801,1
83d0edcc-0cfa-49c1-bd31-0294cac7b91a,43.204832627438,0
85e19466-40b9-4d80-abaf-a39e77718ef7,42.5759784607217,23
88e6c596-cf11-43f7-9174-eb526dbfca50,41.3558974424377,0
fb9a689c-822a-4cdb-a3bd-3a1b2c1ec96d,41.1656891088933,0
86a8c001-7e74-485e-a153-048e4d6a6088,40.5034090164118,29
29bdf7e6-ff77-4e9a-ab4d-2fe544acdc82,39.5748442015611,0
0c7bc87a-780d-4b6f-b7eb-80b09d9d142d,39.2816150346771,0
60d85be3-4fa8-455c-87fb-14683ab38785,39.2183858682401,0
d024ce94-be79-49f3-8f2d-32486f5e1d15,30.3376914234832,7
126b6b98-25cf-4cbd-b739-3fb694ab9fe3,28.4994159606285,0
aa2d8fb3-b986-4f48-95d3-f75ac0ac25b8,28.1427724421956,1
e69b792d-777f-41ef-b126-8a7b69927c88,28.1412678128108,0
aa12d658-c874-4839-8dc4-e3e606fa94f2,28.1407932755537,0
d2f3ef2f-f316-42d2-bda1-d46591cf30c9,27.6397979049943,0
0fc570fb-7118-4f85-a9a6-7309996b9483,27.4856080901809,0
c0cfc83a-1acc-46d3-8de8-0e28af1d067d,27.3400062383153,0
991f1a4d-58ce-400a-aa48-16362027f23e,27.2754692016169,0
a8f19cae-b45e-413c-9097-55246fc2a2ee,27.1356196645647,0
7b17cbac-ca75-4c89-888d-1907efebad70,27.1178187383339,0
ce31087c-a285-4e92-b91b-e4d1371d318c,27.0716266087256,0
6fcc7215-d1a7-4f5a-818a-baf54a567b76,27.04321225686,0
a954848e-ee5f-4d69-9696-5d1833708228,26.9439529976808,0
ec2167c7-13e9-4889-b278-ac0468e84054,26.6489877197891,0
42573bad-214c-4c74-aa2a-fc38193565ea,26.6024252199568,4
661c26fc-6e98-4d85-88b5-ab275d49ac61,26.5547168864869,1
d19aea0c-8125-47b4-83f0-23a5893ec9e2,26.1810942012817,0
41b32950-ac71-4cd1-b1c5-344bc0d41e82,26.1627840162255,0
bdf00bcd-2339-48d2-a9d0-18e8956f3bb3,26.1556659606285,1
8c0649ff-46ff-4201-af7b-ac4f73789543,25.6049252199009,5
bafca047-920e-4a8a-9416-6c9caf25b379,25.5441034608521,0
e0b9d55c-63de-44e1-b141-233174dfdb9d,25.5119969793595,0
47220b4f-e9ac-402d-a57c-566577226cd1,25.3177029979415,0
001ebba5-5491-400a-ad05-d9204ea11cca,25.1470085531473,0
a764548f-fe2b-4aca-a97b-15c4b0858d81,25.0486867940053,0
eb0fb7b1-ddc9-4d09-ab7e-793c36e94d81,25.0420895717107,0
64d38512-443c-48b3-81de-c5d89d1f92bf,24.5959437387064,0
13bdd265-6dd3-4fe3-8808-8321a3bbda5f,24.3754576272331,0
